vehicle_model,fuel_type,transmission_type,country,maximum_power(hp),maximum_torque(N/m),maximum_speed(km/h),vehicle_acceleration(0-100 km/h in seconds),vehicle_mileage(mpg),vehicle_sprung_mass(kg),steering_radius(m),axle_type(driven/dead),tyre_brand,tyre_size,tread_material,tread_pattern,tyre_camber_angle(degree),standard_tread_depth(mm),retreaded,road_condition,weather_condition,expected_tyre_life(km),kilometers_driven(km),remaining_useful_life(km),current_tread_depth(mm)
Truck,Hybrid,Automatic,Germany,162,530,141,9.63,31.7,2357,5.18,dead,Pirelli,205/55R16,Silica Compound,Asymmetric,-0.63,8.5,No,Smooth,Rainy,68481.3,53063.6,9609.8,3.21
Coupe,Electric,Automatic,Japan,261,496,259,5.35,45.32,1142,4.95,driven,Goodyear,195/65R15,Dual Compound,Symmetric,0.94,8.0,No,Smooth,Dry,56610.6,11844.9,27902.3,6.57
Hatchback,Hybrid,Automatic,Japan,386,503,262,5.51,30.73,2433,5.22,dead,Bridgestone,225/65R17,Silica Compound,Asymmetric,1.97,8.0,No,Rough,Cold,50303.0,11661.8,24084.9,6.56
Coupe,Electric,Automatic,India,89,453,225,11.93,48.05,1948,4.96,driven,Pirelli,195/65R15,Dual Compound,Symmetric,1.75,8.5,No,Rough,Cold,62848.4,3130.7,37221.8,8.16
Coupe,Diesel,Manual,Japan,83,271,216,12.88,25.69,1043,5.66,dead,Bridgestone,225/65R17,Carbon Black,Directional,1.33,7.5,No,Rough,Rainy,44906.2,8435.4,22732.1,6.57
SUV,Petrol,Automatic,Germany,430,442,275,6.83,26.1,1031,6.1,dead,Bridgestone,245/40R18,Carbon Black,Symmetric,-0.85,7.5,No,Off-road,Dry,42047.0,15928.0,16279.8,5.19
Hatchback,Diesel,Automatic,India,415,358,198,8.38,35.9,1027,6.07,driven,Bridgestone,205/55R16,Silica Compound,Asymmetric,-2.27,8.5,No,Rough,Dry,63559.9,25396.8,23786.9,5.61
Hatchback,Petrol,Automatic,USA,371,234,151,7.55,32.23,2019,5.23,dead,Continental,205/55R16,Silica Compound,Asymmetric,-1.7,8.0,No,Off-road,Humid,68520.1,28821.5,24744.0,5.3
Hatchback,Petrol,Automatic,Japan,360,438,143,4.73,40.92,1422,6.48,dead,Pirelli,225/65R17,Dual Compound,Directional,2.19,8.5,No,Rough,Cold,53273.4,25554.9,17276.8,5.26
Coupe,Petrol,Manual,India,294,488,256,10.73,29.57,1490,5.69,driven,Continental,245/40R18,Carbon Black,Symmetric,2.14,8.5,No,Off-road,Cold,44834.0,25641.0,11962.9,4.55
Truck,Diesel,Manual,Germany,177,213,234,12.25,24.22,1159,5.3,dead,Goodyear,225/65R17,Carbon Black,Directional,2.71,7.5,Yes,Rough,Cold,54910.6,10401.7,27742.2,6.29
Hatchback,Petrol,Manual,UK,180,167,264,7.05,33.79,1844,6.17,dead,Goodyear,195/65R15,Carbon Black,Symmetric,-2.54,8.0,No,Off-road,Rainy,51799.5,31802.0,12464.3,3.95
Coupe,Diesel,Manual,UK,88,310,180,13.9,37.44,2230,5.96,driven,Michelin,225/65R17,Carbon Black,Symmetric,0.22,7.5,No,Rough,Dry,51174.2,17222.9,21161.7,5.53
SUV,Hybrid,Manual,Germany,140,581,262,4.76,20.7,1017,6.0,driven,Michelin,245/40R18,Silica Compound,Asymmetric,0.89,7.5,No,Rough,Humid,58842.4,43191.0,9755.5,3.16
Truck,Electric,Manual,Germany,388,131,146,10.62,37.27,2126,4.89,dead,Michelin,195/65R15,Silica Compound,Directional,1.26,8.0,Yes,Smooth,Rainy,45242.1,25209.1,12486.5,4.68
SUV,Electric,Manual,UK,225,275,208,8.48,27.77,1671,5.44,dead,Goodyear,205/55R16,Dual Compound,Directional,0.86,8.0,Yes,Off-road,Humid,51414.4,28497.4,14284.1,4.44
Truck,Petrol,Manual,India,142,291,208,8.47,30.7,1231,6.22,dead,Bridgestone,205/55R16,Carbon Black,Asymmetric,1.62,8.0,No,Smooth,Rainy,66060.3,45283.5,12950.1,3.63
Coupe,Diesel,Manual,UK,200,596,220,8.58,26.17,1423,5.51,dead,Bridgestone,205/55R16,Silica Compound,Asymmetric,-0.84,8.5,No,Off-road,Cold,61890.0,20610.5,25729.3,6.21
Sedan,Electric,Manual,Germany,305,546,169,6.59,52.26,1903,5.87,dead,Pirelli,245/40R18,Silica Compound,Directional,-1.92,8.0,No,Smooth,Humid,41667.7,17885.1,14823.5,5.52
Truck,Diesel,Manual,Japan,184,520,212,11.16,42.33,1754,5.68,driven,Goodyear,245/40R18,Carbon Black,Asymmetric,-1.77,8.5,Yes,Rough,Dry,55417.1,32302.5,14407.2,4.6
SUV,Diesel,Manual,USA,339,415,145,11.22,25.5,1836,6.18,dead,Michelin,245/40R18,Silica Compound,Symmetric,-2.93,7.5,No,Smooth,Dry,42738.9,18016.8,15409.1,4.97
Coupe,Petrol,Manual,Japan,428,296,228,6.82,40.8,1893,5.07,driven,Goodyear,245/40R18,Dual Compound,Directional,-0.9,8.0,No,Rough,Rainy,68724.9,30531.5,23805.7,5.37
Truck,Electric,Manual,Japan,334,460,205,12.35,48.94,1238,5.65,driven,Bridgestone,245/40R18,Dual Compound,Directional,-2.45,8.5,Yes,Off-road,Cold,47339.2,12899.3,21466.2,6.64
Sedan,Petrol,Manual,Germany,286,176,149,7.17,31.07,2357,4.75,driven,Bridgestone,195/65R15,Carbon Black,Asymmetric,-1.07,8.5,No,Rough,Rainy,67978.6,19536.0,30194.0,6.9
Sedan,Petrol,Manual,UK,107,462,176,11.25,48.2,1148,5.88,driven,Continental,225/65R17,Dual Compound,Symmetric,0.77,8.5,No,Smooth,Humid,65020.3,45446.4,12200.3,3.91
Hatchback,Electric,Automatic,India,249,459,216,5.21,21.18,1622,5.96,dead,Continental,205/55R16,Silica Compound,Directional,2.37,8.5,No,Off-road,Dry,56540.9,242.1,35090.8,8.47
Hatchback,Electric,Manual,Japan,415,567,216,5.69,47.91,2431,4.59,dead,Pirelli,245/40R18,Dual Compound,Directional,2.04,7.5,No,Smooth,Dry,50089.1,4773.0,28245.3,6.98
SUV,Hybrid,Automatic,UK,155,322,171,7.16,36.61,1016,5.85,dead,Goodyear,205/55R16,Silica Compound,Symmetric,-1.48,8.0,No,Rough,Dry,65738.4,62373.2,2097.5,1.94
Truck,Hybrid,Manual,India,195,304,186,9.94,23.92,1913,5.33,driven,Continental,245/40R18,Carbon Black,Asymmetric,-2.2,8.0,No,Rough,Dry,44583.5,8337.9,22591.7,6.88
Truck,Diesel,Manual,Japan,148,240,249,10.46,31.29,1225,4.75,driven,Continental,205/55R16,Carbon Black,Asymmetric,-1.84,8.0,No,Smooth,Humid,45399.2,18982.4,16465.5,5.27
Hatchback,Electric,Automatic,India,433,345,259,7.96,54.52,1651,5.34,dead,Goodyear,225/65R17,Silica Compound,Asymmetric,2.83,8.0,No,Off-road,Dry,46741.7,39715.7,4379.3,2.77
Truck,Hybrid,Manual,UK,313,321,149,4.78,46.34,1259,4.89,driven,Bridgestone,205/55R16,Silica Compound,Asymmetric,0.3,8.0,No,Smooth,Rainy,57930.9,5.9,36104.3,7.93
Truck,Diesel,Automatic,USA,80,449,236,7.74,38.0,1673,5.33,dead,Pirelli,205/55R16,Dual Compound,Symmetric,-1.9,8.0,Yes,Rough,Dry,49429.8,45731.4,2305.2,2.1
Sedan,Diesel,Automatic,UK,246,482,144,10.89,19.61,1173,5.27,driven,Pirelli,245/40R18,Silica Compound,Symmetric,2.04,8.5,No,Off-road,Humid,69675.4,3726.8,41105.4,8.17
Hatchback,Diesel,Automatic,Germany,431,499,216,10.71,31.71,1204,5.98,driven,Pirelli,195/65R15,Carbon Black,Directional,-0.63,8.0,No,Smooth,Cold,45853.4,7834.9,23696.7,6.87
Coupe,Hybrid,Manual,India,297,573,140,5.6,25.52,1414,6.05,driven,Continental,195/65R15,Silica Compound,Directional,2.4,8.5,No,Rough,Cold,64168.3,1867.5,38831.8,8.17
Hatchback,Electric,Manual,USA,352,475,270,4.08,17.84,2176,5.71,driven,Bridgestone,205/55R16,Dual Compound,Symmetric,-1.44,7.5,No,Off-road,Dry,42875.1,22274.5,12840.3,4.41
Coupe,Petrol,Manual,India,447,335,206,11.53,36.69,2126,4.55,driven,Pirelli,195/65R15,Dual Compound,Directional,-0.64,8.5,Yes,Smooth,Cold,50603.4,47723.8,1794.9,2.11
Sedan,Diesel,Automatic,India,330,579,154,5.06,50.57,1791,6.36,driven,Goodyear,225/65R17,Silica Compound,Symmetric,0.03,7.5,No,Off-road,Humid,47312.9,39697.2,4746.8,2.43
SUV,Hybrid,Automatic,Japan,426,162,232,4.82,42.02,2088,5.87,driven,Pirelli,225/65R17,Dual Compound,Asymmetric,2.36,8.0,No,Rough,Dry,69305.1,44337.8,15562.0,3.88
Truck,Hybrid,Manual,Germany,423,494,169,4.03,24.99,2140,4.57,dead,Michelin,195/65R15,Dual Compound,Symmetric,2.21,7.5,No,Smooth,Humid,40771.9,7562.7,20699.1,6.4
Sedan,Petrol,Manual,India,253,142,242,8.33,37.94,2179,6.14,dead,Bridgestone,195/65R15,Carbon Black,Symmetric,0.45,7.5,No,Smooth,Cold,61650.1,53610.7,5010.9,2.41
Truck,Petrol,Manual,UK,249,274,221,9.03,52.73,2105,4.9,driven,Michelin,225/65R17,Silica Compound,Directional,-1.67,8.5,No,Rough,Cold,47431.7,35800.3,7249.8,3.48
SUV,Hybrid,Manual,UK,325,305,214,10.38,43.92,1517,5.66,driven,Bridgestone,195/65R15,Carbon Black,Symmetric,-0.58,8.5,No,Rough,Dry,64337.5,17168.3,29400.3,6.73
SUV,Electric,Manual,Japan,169,368,199,6.96,42.58,2090,5.43,dead,Goodyear,195/65R15,Carbon Black,Asymmetric,2.85,7.5,No,Rough,Cold,49336.7,39720.5,5993.8,2.63
Sedan,Petrol,Automatic,Germany,128,356,179,11.1,53.73,2261,5.34,driven,Continental,245/40R18,Dual Compound,Asymmetric,0.65,7.5,No,Smooth,Dry,45618.5,40014.4,3493.1,2.2
SUV,Hybrid,Automatic,Germany,373,412,213,5.69,46.95,1978,6.28,dead,Continental,245/40R18,Carbon Black,Directional,1.69,8.0,No,Rough,Dry,60791.2,42446.0,11434.5,3.51
Coupe,Petrol,Automatic,UK,229,253,260,12.32,20.46,2009,5.37,dead,Bridgestone,195/65R15,Silica Compound,Directional,-0.3,8.5,Yes,Smooth,Rainy,47727.3,4791.1,26761.9,7.77
SUV,Electric,Manual,USA,211,440,142,9.72,28.91,2349,4.65,dead,Pirelli,195/65R15,Silica Compound,Symmetric,0.19,7.5,No,Smooth,Rainy,54566.4,53706.8,535.8,1.48
Truck,Diesel,Automatic,Japan,138,509,175,9.84,53.61,1589,6.39,dead,Michelin,245/40R18,Silica Compound,Directional,-0.43,8.5,No,Off-road,Rainy,43946.0,3339.9,25309.6,7.91
Truck,Petrol,Automatic,Japan,403,553,182,6.1,34.59,1066,6.34,dead,Goodyear,245/40R18,Carbon Black,Asymmetric,1.22,8.0,Yes,Rough,Humid,61737.9,40405.9,13296.2,3.87
Truck,Electric,Automatic,UK,278,141,254,4.74,19.47,2199,5.87,driven,Pirelli,195/65R15,Silica Compound,Directional,2.11,8.0,No,Rough,Cold,52205.1,5770.0,28942.8,7.23
Truck,Hybrid,Automatic,UK,294,480,248,8.65,33.34,1683,5.44,driven,Continental,245/40R18,Silica Compound,Directional,0.04,7.5,No,Off-road,Cold,44217.4,40035.0,2606.9,2.07
Coupe,Petrol,Automatic,USA,128,207,229,10.16,42.88,2278,4.69,dead,Pirelli,225/65R17,Carbon Black,Asymmetric,-0.11,8.0,No,Smooth,Rainy,62247.9,21785.4,25220.1,5.76
Hatchback,Petrol,Manual,USA,311,272,223,4.95,54.9,1062,6.08,driven,Michelin,205/55R16,Carbon Black,Symmetric,-0.96,7.5,No,Smooth,Dry,43100.9,22046.2,13123.3,4.48
Sedan,Hybrid,Automatic,Germany,326,244,216,13.51,27.96,1813,4.65,dead,Continental,225/65R17,Carbon Black,Symmetric,-1.94,8.5,No,Smooth,Dry,57244.6,10233.1,29302.0,7.22
Truck,Diesel,Manual,Japan,318,198,144,13.8,35.56,1402,4.64,driven,Bridgestone,245/40R18,Carbon Black,Directional,2.64,8.5,Yes,Rough,Dry,58224.6,31823.3,16455.7,4.45
SUV,Hybrid,Manual,Japan,446,465,217,9.45,50.19,1191,5.57,driven,Goodyear,225/65R17,Dual Compound,Asymmetric,-1.1,7.5,No,Smooth,Dry,67910.5,63757.1,2588.8,1.81
Truck,Petrol,Manual,UK,247,575,230,13.5,29.21,2352,4.82,driven,Goodyear,205/55R16,Carbon Black,Asymmetric,1.8,7.5,No,Off-road,Humid,44529.4,40149.2,2730.2,2.0
SUV,Hybrid,Manual,Germany,127,170,226,5.79,19.37,1070,4.52,driven,Continental,245/40R18,Carbon Black,Asymmetric,1.29,7.5,No,Smooth,Cold,59600.4,3808.2,34775.0,6.91
SUV,Electric,Manual,Japan,130,335,153,4.25,52.96,1877,5.35,driven,Bridgestone,225/65R17,Silica Compound,Symmetric,1.75,8.5,No,Rough,Rainy,51423.1,19451.2,19927.9,5.87
Truck,Hybrid,Automatic,Germany,378,295,243,4.39,34.54,1740,4.77,driven,Michelin,225/65R17,Silica Compound,Asymmetric,2.62,8.5,No,Rough,Humid,52024.4,13913.0,23754.7,6.61
Coupe,Petrol,Automatic,Germany,177,477,222,9.88,35.11,1945,4.82,driven,Goodyear,205/55R16,Carbon Black,Asymmetric,0.74,8.0,No,Smooth,Cold,55054.8,26501.2,17797.3,4.92
SUV,Hybrid,Manual,UK,295,372,193,4.62,39.85,2086,4.65,driven,Continental,245/40R18,Carbon Black,Symmetric,2.39,8.0,No,Smooth,Humid,47013.5,39196.6,4872.3,2.72
SUV,Diesel,Manual,Germany,256,573,271,13.59,15.14,2320,4.91,dead,Goodyear,195/65R15,Carbon Black,Asymmetric,-1.99,8.5,No,Rough,Dry,53835.5,39776.5,8762.9,3.66
Truck,Hybrid,Manual,USA,159,365,234,5.42,52.25,1244,5.93,dead,Bridgestone,245/40R18,Silica Compound,Symmetric,0.76,8.5,No,Smooth,Humid,60605.4,20846.9,24781.2,6.17
SUV,Diesel,Automatic,USA,264,346,148,7.05,29.46,1518,6.12,driven,Michelin,205/55R16,Silica Compound,Directional,1.63,7.5,No,Off-road,Humid,53713.4,20554.3,20667.9,5.21
SUV,Electric,Manual,India,446,225,192,12.23,30.88,1392,5.41,driven,Bridgestone,205/55R16,Carbon Black,Directional,-1.37,8.5,No,Rough,Dry,41275.3,27004.5,8894.9,4.25
Truck,Diesel,Automatic,UK,106,312,216,6.19,21.96,1771,5.51,driven,Pirelli,205/55R16,Silica Compound,Directional,1.44,8.5,No,Smooth,Dry,47734.8,9271.3,23974.1,7.05
Truck,Hybrid,Manual,India,274,435,199,6.43,30.13,2200,4.57,dead,Bridgestone,205/55R16,Silica Compound,Directional,1.67,8.0,Yes,Smooth,Rainy,50543.8,5192.3,28267.4,7.22
Sedan,Petrol,Automatic,USA,293,421,185,10.42,47.16,2227,4.64,driven,Bridgestone,195/65R15,Carbon Black,Directional,1.99,8.0,No,Smooth,Rainy,50641.6,12285.1,23907.5,6.51
Coupe,Diesel,Manual,India,448,155,193,6.76,47.0,1910,5.02,driven,Goodyear,245/40R18,Silica Compound,Symmetric,-1.12,7.5,No,Off-road,Cold,42430.2,5262.7,23166.3,6.89
Coupe,Electric,Automatic,UK,421,561,213,6.17,52.43,2151,5.59,dead,Bridgestone,245/40R18,Carbon Black,Symmetric,1.09,8.0,No,Rough,Rainy,53487.1,18826.6,21603.7,5.89
SUV,Diesel,Manual,UK,193,323,251,6.54,31.13,2218,5.98,dead,Continental,225/65R17,Dual Compound,Symmetric,-1.17,7.5,No,Off-road,Rainy,60758.5,56965.1,2364.4,1.69
Coupe,Diesel,Automatic,Germany,321,541,234,8.91,43.35,2217,5.71,dead,Goodyear,195/65R15,Dual Compound,Asymmetric,1.43,8.5,No,Smooth,Cold,41460.2,4987.6,22733.1,7.5
SUV,Diesel,Automatic,Japan,203,386,162,13.66,35.29,1183,5.28,driven,Goodyear,195/65R15,Dual Compound,Directional,-0.22,8.5,No,Off-road,Humid,62527.7,51167.8,7080.6,2.92
Sedan,Electric,Automatic,Germany,384,387,166,12.32,47.16,1246,4.74,dead,Pirelli,225/65R17,Silica Compound,Asymmetric,0.59,7.5,No,Smooth,Humid,68653.2,36705.3,19913.0,4.36
Truck,Hybrid,Automatic,UK,155,289,209,6.85,43.5,1323,6.06,driven,Continental,225/65R17,Dual Compound,Asymmetric,-0.5,8.0,No,Smooth,Humid,40280.1,25493.4,9216.5,3.91
Truck,Diesel,Automatic,USA,390,158,248,7.63,29.72,1159,5.23,dead,Bridgestone,245/40R18,Silica Compound,Asymmetric,-2.03,8.0,No,Rough,Dry,45810.8,7791.6,23697.2,6.79
Truck,Diesel,Automatic,USA,391,574,216,8.65,28.47,1705,5.97,driven,Pirelli,245/40R18,Carbon Black,Directional,-1.93,8.5,No,Rough,Cold,56304.6,8523.0,29782.0,7.34
Coupe,Petrol,Automatic,Germany,275,258,189,13.79,25.1,1621,5.53,driven,Continental,245/40R18,Dual Compound,Asymmetric,-2.53,8.0,No,Smooth,Humid,46541.5,7574.3,24288.0,7.06
Sedan,Electric,Manual,UK,430,411,263,5.72,38.06,1924,5.98,driven,Pirelli,195/65R15,Silica Compound,Directional,0.71,7.5,No,Smooth,Rainy,62938.8,41984.1,13060.9,3.6
Coupe,Diesel,Manual,USA,123,171,158,7.57,53.55,1065,6.31,dead,Michelin,195/65R15,Dual Compound,Directional,2.09,8.5,No,Smooth,Rainy,49364.0,36913.8,7760.1,3.48
Coupe,Electric,Manual,UK,265,406,140,11.29,23.0,1929,6.34,driven,Bridgestone,225/65R17,Silica Compound,Directional,-2.87,8.0,No,Rough,Rainy,48808.8,44916.0,2426.3,2.11
Sedan,Diesel,Manual,USA,422,408,179,13.64,18.81,1253,5.57,driven,Pirelli,205/55R16,Silica Compound,Asymmetric,-2.6,8.5,No,Rough,Cold,40027.7,15938.7,15014.5,5.71
Sedan,Hybrid,Manual,UK,325,260,161,5.56,19.78,1282,5.52,driven,Michelin,205/55R16,Carbon Black,Directional,-0.26,8.5,No,Smooth,Cold,48103.8,22222.5,16131.7,5.17
Sedan,Hybrid,Automatic,India,163,265,251,6.27,46.32,2083,5.03,dead,Bridgestone,205/55R16,Silica Compound,Directional,1.43,8.0,No,Rough,Rainy,46530.1,21850.3,15382.8,4.84
Sedan,Diesel,Automatic,UK,286,544,179,6.26,29.0,1117,6.37,driven,Pirelli,205/55R16,Silica Compound,Symmetric,-2.05,7.5,Yes,Smooth,Dry,50297.2,13575.1,22888.7,5.68
Truck,Hybrid,Automatic,UK,230,433,177,4.21,23.97,1422,5.42,driven,Pirelli,205/55R16,Dual Compound,Asymmetric,-1.37,8.0,Yes,Off-road,Dry,44429.7,14583.3,18603.1,5.87
Hatchback,Diesel,Automatic,Germany,235,303,187,10.04,29.11,1555,4.76,driven,Pirelli,245/40R18,Carbon Black,Symmetric,-1.61,8.0,No,Rough,Humid,57839.5,48979.6,5522.3,2.63
Hatchback,Hybrid,Automatic,India,95,271,214,10.71,40.81,1035,5.37,driven,Pirelli,225/65R17,Silica Compound,Symmetric,-0.61,8.0,No,Smooth,Humid,47162.2,16210.7,19291.9,5.81
Sedan,Petrol,Manual,Japan,244,320,246,10.03,36.87,1530,4.75,dead,Goodyear,205/55R16,Dual Compound,Asymmetric,-1.65,8.0,No,Off-road,Humid,64952.5,56450.0,5299.6,2.58
Hatchback,Petrol,Manual,Germany,224,247,147,4.71,44.74,1090,5.51,driven,Pirelli,205/55R16,Carbon Black,Symmetric,-0.88,8.0,No,Smooth,Humid,48536.7,14816.7,21017.5,6.06
Hatchback,Petrol,Manual,Japan,116,406,225,4.69,28.56,2324,5.62,dead,Goodyear,205/55R16,Silica Compound,Directional,1.37,8.0,No,Off-road,Humid,46326.1,15745.5,19060.8,5.66
Sedan,Electric,Manual,USA,412,430,207,6.1,33.08,2240,5.18,dead,Goodyear,245/40R18,Dual Compound,Symmetric,0.67,7.5,No,Rough,Cold,41702.5,23365.1,11429.6,4.12
Hatchback,Electric,Automatic,Japan,124,372,214,6.9,19.08,1097,4.64,driven,Michelin,205/55R16,Carbon Black,Symmetric,-2.51,8.5,No,Rough,Cold,62197.2,6414.2,34769.3,7.79
Coupe,Petrol,Automatic,UK,285,385,276,11.87,17.92,2479,6.39,dead,Bridgestone,225/65R17,Carbon Black,Directional,0.83,7.5,Yes,Smooth,Dry,55246.2,50940.5,2683.8,2.02
SUV,Electric,Automatic,Japan,141,307,229,5.59,33.49,1530,6.05,dead,Goodyear,245/40R18,Carbon Black,Symmetric,-0.14,8.0,Yes,Rough,Dry,43413.5,35616.4,4859.9,2.83
SUV,Hybrid,Manual,Germany,435,505,269,4.44,27.06,1537,6.18,dead,Continental,245/40R18,Carbon Black,Directional,2.61,7.5,No,Rough,Cold,46640.0,31272.3,9578.6,3.52
Sedan,Diesel,Automatic,Germany,387,349,219,7.94,39.51,2051,5.23,driven,Goodyear,195/65R15,Silica Compound,Asymmetric,-1.26,8.5,No,Off-road,Dry,69961.6,69130.8,517.8,1.73
Truck,Diesel,Manual,Japan,98,390,234,8.16,16.72,2347,6.02,dead,Continental,195/65R15,Silica Compound,Symmetric,1.36,7.5,No,Rough,Rainy,64180.9,1026.9,39363.6,7.5
Sedan,Diesel,Automatic,Germany,444,378,209,8.51,19.87,2246,5.47,dead,Michelin,245/40R18,Carbon Black,Asymmetric,1.39,8.0,No,Off-road,Dry,50496.1,20756.9,18536.3,5.45
Truck,Petrol,Automatic,Germany,379,418,229,12.27,49.61,1079,4.9,driven,Continental,205/55R16,Carbon Black,Symmetric,-1.67,8.5,No,Off-road,Rainy,56276.6,48304.7,4968.9,2.4
SUV,Electric,Manual,Japan,86,534,198,4.98,37.65,1562,4.75,driven,Michelin,205/55R16,Silica Compound,Directional,2.42,8.0,No,Off-road,Rainy,52480.5,22725.0,18546.5,5.31
Sedan,Hybrid,Automatic,India,328,317,167,11.04,43.48,2481,5.19,dead,Michelin,205/55R16,Dual Compound,Symmetric,-0.05,8.0,No,Rough,Humid,41091.7,215.4,25478.0,7.88
Coupe,Hybrid,Automatic,India,196,442,211,7.38,48.68,1613,4.78,dead,Michelin,205/55R16,Carbon Black,Asymmetric,1.07,8.5,No,Smooth,Dry,63360.3,9995.3,33262.1,7.25
Hatchback,Petrol,Manual,USA,147,175,153,7.1,33.55,1175,6.5,dead,Continental,195/65R15,Silica Compound,Directional,-2.12,8.5,No,Smooth,Rainy,61509.6,26699.6,21696.9,5.57
Truck,Hybrid,Automatic,Germany,113,438,163,13.33,45.44,1521,4.6,driven,Continental,225/65R17,Silica Compound,Directional,-1.45,8.0,Yes,Rough,Dry,52264.1,34909.7,10816.9,3.96
Hatchback,Hybrid,Manual,Japan,273,322,251,6.48,35.98,2480,5.38,dead,Michelin,245/40R18,Dual Compound,Asymmetric,0.52,7.5,No,Off-road,Dry,65376.9,10633.8,34121.1,6.52
Hatchback,Hybrid,Automatic,Germany,404,390,183,10.43,23.91,1422,5.4,driven,Michelin,205/55R16,Silica Compound,Asymmetric,-1.09,8.5,No,Rough,Cold,56042.2,25109.3,19280.3,5.42
Sedan,Hybrid,Automatic,UK,134,228,195,6.75,28.51,2123,5.1,dead,Bridgestone,195/65R15,Carbon Black,Symmetric,-0.0,7.5,No,Smooth,Cold,41956.3,536.6,25816.7,7.43
Hatchback,Electric,Automatic,Germany,345,235,259,9.07,34.61,2426,5.64,dead,Michelin,225/65R17,Silica Compound,Symmetric,-0.76,7.5,No,Off-road,Humid,47782.2,22816.0,15561.3,4.87
Coupe,Hybrid,Automatic,Germany,121,211,171,11.86,27.68,1575,4.8,driven,Pirelli,245/40R18,Carbon Black,Directional,0.84,8.5,Yes,Rough,Dry,53853.2,48248.4,3493.4,2.38
Hatchback,Diesel,Automatic,India,376,257,164,12.82,28.42,2403,6.07,dead,Bridgestone,245/40R18,Silica Compound,Asymmetric,-0.08,7.5,No,Off-road,Cold,43103.5,25722.8,10833.3,4.02
Sedan,Petrol,Automatic,Japan,310,541,255,12.39,28.5,1530,5.16,driven,Bridgestone,245/40R18,Carbon Black,Asymmetric,-2.97,8.5,No,Off-road,Rainy,57132.4,25175.7,19918.5,5.46
Coupe,Electric,Automatic,Germany,89,422,205,9.82,19.91,1331,5.68,dead,Bridgestone,205/55R16,Carbon Black,Symmetric,0.9,8.5,No,Smooth,Rainy,43617.0,7077.3,22775.1,7.34
SUV,Hybrid,Automatic,India,437,176,181,6.49,18.39,2341,5.93,driven,Pirelli,245/40R18,Silica Compound,Symmetric,-0.47,8.5,Yes,Off-road,Humid,46015.2,9314.3,22875.5,7.26
Hatchback,Electric,Manual,USA,207,169,215,10.61,16.86,1652,6.28,driven,Bridgestone,205/55R16,Carbon Black,Directional,-0.95,8.5,No,Rough,Rainy,66819.5,5112.4,38461.8,7.87
Sedan,Hybrid,Manual,India,258,190,276,11.1,19.44,1739,6.17,dead,Bridgestone,225/65R17,Silica Compound,Asymmetric,-2.44,7.5,No,Off-road,Dry,69994.4,51964.6,11237.9,3.12
SUV,Diesel,Automatic,India,272,518,177,4.11,28.75,2112,5.72,driven,Continental,195/65R15,Silica Compound,Asymmetric,-1.68,7.5,No,Off-road,Rainy,56507.6,4358.7,32504.1,7.0
SUV,Petrol,Automatic,India,171,521,200,8.39,38.75,1510,5.28,dead,Continental,195/65R15,Silica Compound,Asymmetric,-1.66,8.5,No,Rough,Humid,58589.5,22495.4,22497.3,5.81
Truck,Hybrid,Manual,Germany,448,201,228,12.43,22.53,1041,5.51,driven,Michelin,195/65R15,Carbon Black,Asymmetric,2.61,8.5,No,Smooth,Humid,63922.9,47932.3,9966.9,3.36
Coupe,Hybrid,Automatic,Germany,310,491,157,8.9,50.52,1884,6.04,driven,Michelin,245/40R18,Silica Compound,Symmetric,-0.4,8.5,No,Smooth,Rainy,60884.2,43399.6,10898.0,3.43
Hatchback,Hybrid,Automatic,USA,157,224,209,7.11,47.34,2412,6.26,driven,Goodyear,195/65R15,Dual Compound,Symmetric,-2.75,8.5,No,Rough,Dry,45474.0,26262.7,11974.3,4.47
Sedan,Hybrid,Manual,UK,164,207,221,12.72,35.82,1080,4.71,dead,Pirelli,225/65R17,Carbon Black,Symmetric,-2.17,8.0,No,Off-road,Cold,52350.1,29908.0,13988.1,4.36
Truck,Petrol,Automatic,UK,109,121,255,5.56,43.97,1401,5.27,driven,Continental,205/55R16,Dual Compound,Directional,-2.53,7.5,No,Rough,Dry,56053.5,5063.2,31782.0,6.93
Coupe,Petrol,Automatic,UK,292,479,219,6.06,29.65,1106,6.05,driven,Michelin,195/65R15,Dual Compound,Asymmetric,0.53,7.5,No,Rough,Dry,50791.4,8884.2,26120.5,6.36
Truck,Diesel,Manual,USA,128,203,154,10.87,16.47,2134,5.36,driven,Pirelli,205/55R16,Dual Compound,Symmetric,-1.88,8.5,No,Rough,Dry,45283.2,24214.9,13131.7,5.01
Coupe,Petrol,Automatic,UK,344,162,152,7.52,51.17,2300,5.16,dead,Bridgestone,205/55R16,Dual Compound,Asymmetric,-0.01,8.0,No,Smooth,Rainy,62083.4,21610.0,25226.9,5.67
Coupe,Hybrid,Automatic,UK,224,273,258,11.13,20.11,2237,5.32,dead,Pirelli,195/65R15,Silica Compound,Symmetric,-0.78,8.0,No,Off-road,Cold,45965.4,870.5,28107.5,8.0
Hatchback,Diesel,Manual,India,148,446,182,5.58,52.92,1505,5.71,driven,Continental,195/65R15,Dual Compound,Directional,1.82,8.0,No,Rough,Dry,47814.6,38164.0,6015.2,2.91
Coupe,Diesel,Automatic,Germany,137,541,196,6.52,37.88,2144,6.5,driven,Goodyear,195/65R15,Carbon Black,Symmetric,-1.08,8.5,No,Smooth,Cold,48595.6,31772.4,10485.8,4.03
Truck,Diesel,Manual,Germany,264,213,156,5.57,27.22,2157,5.49,dead,Continental,245/40R18,Dual Compound,Directional,-0.25,8.0,No,Smooth,Humid,44853.4,14612.6,18848.9,5.92
Coupe,Hybrid,Automatic,India,141,417,171,13.53,34.82,1719,4.92,driven,Michelin,195/65R15,Dual Compound,Asymmetric,1.33,8.5,No,Off-road,Cold,65486.5,6431.1,36809.0,7.86
Hatchback,Electric,Automatic,India,387,252,194,8.05,35.07,2394,4.83,driven,Michelin,245/40R18,Dual Compound,Symmetric,-0.4,8.0,No,Rough,Rainy,58318.5,34477.9,14859.7,4.12
Hatchback,Hybrid,Manual,India,375,514,152,7.37,15.93,1256,4.58,driven,Pirelli,225/65R17,Silica Compound,Symmetric,1.76,8.5,No,Off-road,Humid,65042.4,22670.5,26410.2,6.04
Truck,Petrol,Manual,Germany,245,184,186,4.14,29.22,1953,5.62,driven,Continental,205/55R16,Dual Compound,Symmetric,0.97,8.5,No,Rough,Humid,54811.9,13998.4,25438.9,6.74
SUV,Petrol,Automatic,UK,250,409,226,5.53,44.59,2203,5.59,driven,Michelin,225/65R17,Dual Compound,Asymmetric,-0.54,7.5,No,Smooth,Dry,55586.9,40104.2,9650.3,3.21
SUV,Hybrid,Manual,India,142,495,201,8.21,35.4,1932,4.91,driven,Bridgestone,195/65R15,Dual Compound,Directional,0.02,8.5,No,Smooth,Cold,58484.3,19191.6,24490.9,6.33
Coupe,Hybrid,Manual,USA,226,376,168,4.69,24.77,2071,5.89,dead,Bridgestone,205/55R16,Carbon Black,Directional,2.8,8.0,No,Off-road,Humid,51127.6,6955.8,27532.0,7.25
Sedan,Diesel,Automatic,India,385,586,161,9.11,28.4,1896,5.98,driven,Goodyear,195/65R15,Silica Compound,Symmetric,0.97,7.5,No,Rough,Humid,54897.5,26441.6,17736.4,4.49
Coupe,Hybrid,Automatic,Japan,240,505,204,8.55,49.52,1018,5.02,driven,Pirelli,195/65R15,Silica Compound,Asymmetric,2.43,8.0,No,Off-road,Cold,56407.5,46731.6,6030.9,2.73
Truck,Diesel,Automatic,India,220,332,168,11.67,36.02,2069,5.19,dead,Michelin,205/55R16,Silica Compound,Directional,-1.93,8.5,No,Rough,Cold,68606.3,58291.9,6428.9,2.72
Truck,Petrol,Manual,Germany,413,267,187,10.6,36.13,1450,6.48,dead,Goodyear,225/65R17,Carbon Black,Directional,-0.1,7.5,No,Off-road,Humid,66487.2,56470.5,6243.4,2.35
Truck,Diesel,Manual,India,176,180,144,8.46,53.46,1897,5.25,dead,Bridgestone,195/65R15,Dual Compound,Directional,2.45,8.5,Yes,Smooth,Humid,43877.4,18468.9,15837.0,5.84
Truck,Hybrid,Manual,Japan,300,590,240,6.25,27.84,2079,6.02,dead,Goodyear,205/55R16,Carbon Black,Directional,-1.06,8.5,No,Off-road,Cold,41238.5,32616.9,5373.8,3.16
Truck,Petrol,Manual,USA,122,268,210,11.27,34.18,1740,5.41,driven,Goodyear,225/65R17,Silica Compound,Directional,2.81,8.0,Yes,Rough,Rainy,60410.0,51362.5,5639.3,2.7
Hatchback,Electric,Automatic,UK,371,207,277,11.08,47.47,2115,6.09,dead,Michelin,245/40R18,Silica Compound,Symmetric,-2.42,8.0,No,Off-road,Cold,41476.0,19059.8,13971.9,4.72
SUV,Diesel,Manual,India,187,443,205,5.53,45.36,1081,6.04,driven,Michelin,225/65R17,Silica Compound,Symmetric,2.42,8.0,No,Rough,Rainy,41810.5,13326.7,17753.9,6.06
Truck,Petrol,Automatic,Japan,345,502,211,13.15,25.63,1736,5.84,dead,Michelin,225/65R17,Carbon Black,Symmetric,-0.33,7.5,No,Off-road,Humid,44777.9,31432.5,8318.1,3.34
Sedan,Diesel,Manual,Japan,174,515,164,4.64,21.04,1078,6.21,dead,Pirelli,205/55R16,Silica Compound,Directional,-2.56,8.0,No,Rough,Dry,50551.2,45722.0,3010.0,2.28
Sedan,Petrol,Automatic,USA,341,397,199,4.55,43.03,1282,6.38,dead,Goodyear,225/65R17,Dual Compound,Directional,2.28,8.5,No,Rough,Cold,53049.9,51572.6,920.8,1.86
Sedan,Petrol,Automatic,Germany,392,523,179,5.87,25.31,2334,5.66,driven,Goodyear,245/40R18,Carbon Black,Directional,-1.49,7.5,No,Rough,Humid,55581.3,16131.1,24589.1,5.97
Sedan,Diesel,Automatic,India,150,201,146,13.09,51.91,1996,4.97,dead,Pirelli,245/40R18,Dual Compound,Symmetric,-2.87,8.0,No,Off-road,Humid,69768.6,66710.8,1906.0,1.86
Hatchback,Electric,Manual,Japan,298,248,185,9.2,20.17,1159,5.3,dead,Bridgestone,195/65R15,Silica Compound,Directional,-2.19,8.0,No,Off-road,Dry,51557.0,25741.5,16090.7,4.8
Sedan,Petrol,Automatic,USA,100,405,225,11.88,27.73,2339,6.02,dead,Continental,245/40R18,Silica Compound,Symmetric,0.95,8.0,No,Smooth,Cold,47282.6,14470.1,20451.9,5.94
Truck,Petrol,Automatic,UK,171,501,160,6.28,17.19,2179,5.8,driven,Bridgestone,195/65R15,Carbon Black,Directional,2.87,8.5,No,Rough,Humid,57257.6,56593.3,414.1,1.77
Coupe,Petrol,Manual,Japan,206,472,140,8.9,43.13,1887,4.86,driven,Pirelli,245/40R18,Dual Compound,Symmetric,-2.33,8.0,No,Smooth,Rainy,46454.5,40778.2,3538.1,2.36
Sedan,Electric,Automatic,USA,159,399,262,7.58,50.65,1467,4.6,dead,Goodyear,225/65R17,Carbon Black,Asymmetric,-0.23,8.5,Yes,Smooth,Dry,68216.3,47234.1,13078.1,3.9
Hatchback,Electric,Manual,Germany,391,389,264,12.28,40.43,1852,5.87,driven,Goodyear,195/65R15,Dual Compound,Directional,-1.92,7.5,No,Rough,Rainy,47777.6,42758.2,3128.6,2.19
Hatchback,Hybrid,Manual,Germany,317,411,172,4.23,52.51,1461,5.0,dead,Michelin,245/40R18,Silica Compound,Directional,1.47,8.0,No,Smooth,Cold,69698.0,47498.4,13836.9,3.76
Sedan,Diesel,Automatic,Japan,261,572,143,6.44,20.14,1853,5.5,driven,Michelin,225/65R17,Carbon Black,Symmetric,-2.29,8.5,No,Off-road,Rainy,52560.0,23147.6,18332.6,5.49
Coupe,Electric,Automatic,Japan,104,322,142,5.53,18.51,1116,5.99,dead,Goodyear,225/65R17,Carbon Black,Directional,-1.56,8.0,No,Smooth,Dry,64380.6,61036.0,2084.7,1.9
Sedan,Diesel,Manual,India,235,143,230,12.59,48.54,1363,5.63,driven,Goodyear,195/65R15,Dual Compound,Symmetric,-1.82,8.0,No,Off-road,Humid,59448.4,57263.5,1361.8,1.92
Hatchback,Hybrid,Automatic,USA,84,563,191,8.68,49.22,1465,4.67,dead,Michelin,205/55R16,Silica Compound,Symmetric,0.32,7.5,No,Rough,Dry,68004.8,21365.4,29070.1,5.63
SUV,Diesel,Manual,Japan,199,470,167,8.04,48.24,1183,4.87,driven,Michelin,225/65R17,Silica Compound,Asymmetric,2.24,7.5,No,Rough,Humid,58762.8,20825.3,23646.3,5.14
Truck,Electric,Manual,India,356,430,209,8.49,46.96,1659,4.94,driven,Bridgestone,225/65R17,Dual Compound,Asymmetric,0.07,8.5,No,Rough,Humid,57436.5,21982.1,22098.6,5.85
Hatchback,Diesel,Manual,India,97,580,196,13.72,29.49,2189,5.02,dead,Goodyear,205/55R16,Dual Compound,Directional,-2.65,8.5,No,Smooth,Rainy,59585.6,48988.0,6605.4,2.69
Sedan,Electric,Automatic,Japan,277,327,247,12.5,23.7,1074,5.63,dead,Goodyear,195/65R15,Dual Compound,Directional,0.38,8.5,Yes,Rough,Dry,63594.0,50312.1,8278.5,3.04
Truck,Diesel,Manual,Germany,136,399,163,11.06,52.15,1825,5.51,driven,Pirelli,245/40R18,Dual Compound,Symmetric,1.79,7.5,No,Rough,Dry,66965.2,65834.5,704.8,1.7
Sedan,Electric,Automatic,USA,172,324,216,6.9,27.28,2295,4.91,dead,Bridgestone,245/40R18,Dual Compound,Symmetric,-2.21,8.5,Yes,Off-road,Humid,48004.4,22332.3,16001.3,5.3
Sedan,Electric,Automatic,USA,98,271,215,5.65,30.94,1502,4.64,dead,Continental,225/65R17,Silica Compound,Symmetric,-2.56,7.5,No,Smooth,Dry,46026.6,33910.9,7551.7,3.05
SUV,Diesel,Automatic,Germany,432,557,208,13.21,42.98,1794,4.84,dead,Continental,205/55R16,Silica Compound,Symmetric,-1.87,7.5,Yes,Smooth,Cold,41030.5,35151.7,3664.2,2.34
Truck,Hybrid,Automatic,Japan,272,145,240,8.23,26.73,1586,6.47,dead,Continental,225/65R17,Carbon Black,Directional,1.48,8.0,No,Rough,Cold,51102.4,11305.4,24805.3,6.59
Truck,Petrol,Manual,USA,316,313,231,6.79,47.77,1655,5.44,driven,Michelin,195/65R15,Silica Compound,Asymmetric,0.55,8.0,No,Smooth,Rainy,65385.6,40575.4,15464.1,3.99
SUV,Hybrid,Automatic,Japan,356,455,231,8.71,17.8,2366,6.23,dead,Continental,225/65R17,Dual Compound,Directional,0.24,8.5,No,Rough,Rainy,42095.7,23056.2,11867.3,4.96
Hatchback,Diesel,Manual,Japan,306,541,169,13.18,46.65,1699,6.2,driven,Pirelli,245/40R18,Silica Compound,Directional,-1.5,7.5,No,Off-road,Dry,56155.6,41713.9,9001.4,2.87
Sedan,Hybrid,Manual,India,312,357,157,7.87,39.07,1634,5.52,driven,Michelin,205/55R16,Silica Compound,Directional,-1.01,7.5,No,Smooth,Rainy,60843.7,42312.4,11550.5,3.35
Coupe,Electric,Automatic,Germany,119,440,183,9.63,37.92,1843,5.91,dead,Michelin,195/65R15,Silica Compound,Asymmetric,2.8,7.5,No,Smooth,Dry,65105.6,52917.3,7596.9,2.68
Sedan,Petrol,Manual,Japan,402,194,238,12.03,33.34,2274,4.89,dead,Continental,225/65R17,Carbon Black,Directional,-1.56,8.0,No,Off-road,Rainy,57502.9,17891.8,24689.4,5.92
Sedan,Diesel,Manual,UK,232,554,260,8.27,26.08,1834,5.88,driven,Michelin,245/40R18,Carbon Black,Asymmetric,2.41,7.5,No,Smooth,Cold,45589.6,9863.6,22267.8,6.27
Hatchback,Diesel,Automatic,Germany,206,282,254,6.34,33.56,2153,5.04,dead,Bridgestone,225/65R17,Dual Compound,Symmetric,0.48,8.5,No,Rough,Humid,68936.1,55507.3,8370.1,2.96
Sedan,Diesel,Manual,USA,316,418,199,13.95,33.0,1763,6.16,dead,Bridgestone,245/40R18,Dual Compound,Directional,-2.26,8.5,No,Smooth,Humid,42839.5,15446.4,17074.0,6.1
SUV,Petrol,Manual,India,134,148,195,13.57,38.35,1357,4.67,driven,Continental,205/55R16,Carbon Black,Symmetric,-0.2,8.0,No,Smooth,Cold,63070.0,18137.3,28006.3,6.03
SUV,Electric,Manual,USA,251,284,170,12.43,26.26,1691,6.05,driven,Pirelli,195/65R15,Silica Compound,Symmetric,2.69,8.5,No,Off-road,Humid,42596.8,14347.4,17607.7,6.22
Truck,Diesel,Manual,USA,188,456,240,10.88,18.1,2431,4.7,driven,Michelin,225/65R17,Silica Compound,Symmetric,-0.49,7.5,No,Off-road,Dry,44302.6,2939.7,25781.3,7.32
Coupe,Hybrid,Automatic,Germany,433,305,198,6.95,20.8,1621,6.26,dead,Goodyear,195/65R15,Carbon Black,Directional,2.18,7.5,No,Rough,Dry,66946.5,51759.3,9466.1,2.77
Sedan,Diesel,Manual,USA,263,173,263,13.13,42.97,1481,5.11,dead,Continental,205/55R16,Dual Compound,Symmetric,-1.46,8.5,No,Smooth,Cold,62592.2,44763.4,11112.6,3.6
Sedan,Diesel,Manual,Japan,447,414,269,6.76,15.9,1979,5.81,driven,Michelin,245/40R18,Silica Compound,Directional,0.43,8.0,No,Smooth,Cold,50965.2,28168.1,14209.3,4.63
Hatchback,Diesel,Manual,USA,277,161,236,12.01,49.26,2101,5.48,driven,Continental,205/55R16,Dual Compound,Symmetric,2.06,7.5,No,Off-road,Cold,59161.7,42364.8,10469.4,3.33
SUV,Diesel,Manual,India,166,531,246,13.18,42.78,1977,5.23,dead,Continental,205/55R16,Silica Compound,Directional,2.52,7.5,No,Rough,Cold,53717.4,20043.7,20988.6,5.44
Coupe,Electric,Automatic,India,280,404,157,10.03,45.72,2344,5.79,dead,Pirelli,195/65R15,Dual Compound,Directional,-0.09,8.0,No,Smooth,Humid,41996.1,12404.4,18444.4,6.07
Truck,Hybrid,Manual,UK,416,546,210,12.03,48.44,1289,6.4,dead,Goodyear,205/55R16,Silica Compound,Directional,0.84,7.5,No,Rough,Humid,61633.8,53146.9,5289.9,2.36
SUV,Electric,Automatic,India,401,506,245,11.92,19.91,2320,4.58,driven,Michelin,225/65R17,Dual Compound,Symmetric,-2.98,8.5,No,Smooth,Humid,62897.7,26571.4,22642.0,5.67
Truck,Hybrid,Manual,USA,354,257,193,5.93,47.9,1751,6.34,dead,Continental,245/40R18,Dual Compound,Directional,-1.48,8.5,No,Off-road,Dry,66470.2,13022.3,33313.8,7.09
Hatchback,Diesel,Automatic,India,290,306,233,10.68,35.19,2498,5.72,dead,Continental,205/55R16,Dual Compound,Symmetric,-1.33,8.0,No,Off-road,Rainy,56219.1,42110.6,8793.8,3.09
Hatchback,Petrol,Automatic,Germany,197,517,215,4.93,50.42,1022,6.11,driven,Michelin,225/65R17,Carbon Black,Asymmetric,-2.44,8.0,No,Off-road,Dry,60194.1,20217.5,24917.2,5.73
Sedan,Electric,Automatic,India,270,323,174,9.08,50.46,1805,5.27,dead,Continental,245/40R18,Dual Compound,Symmetric,-1.32,8.5,No,Off-road,Rainy,53141.5,11258.1,26105.7,7.01
Coupe,Petrol,Automatic,Japan,121,550,150,5.62,15.97,1171,5.44,driven,Continental,195/65R15,Carbon Black,Symmetric,-1.07,8.0,No,Off-road,Cold,49567.3,1348.9,30054.3,7.7
Truck,Electric,Automatic,Germany,121,161,200,8.16,30.31,1834,6.24,dead,Continental,245/40R18,Carbon Black,Directional,2.81,8.5,No,Off-road,Cold,52351.0,50812.0,959.3,1.83
SUV,Diesel,Manual,UK,394,469,183,12.33,36.06,1317,5.33,driven,Bridgestone,195/65R15,Dual Compound,Symmetric,1.01,8.0,No,Rough,Humid,67352.6,31473.1,22363.5,4.91
Hatchback,Electric,Manual,Japan,355,535,260,13.87,42.13,1907,5.57,driven,Bridgestone,245/40R18,Carbon Black,Asymmetric,-0.44,8.5,No,Off-road,Humid,44925.1,7267.0,23472.1,7.45
Sedan,Diesel,Manual,USA,408,407,207,7.18,26.45,1797,4.54,driven,Goodyear,205/55R16,Carbon Black,Directional,2.93,7.5,No,Rough,Rainy,47455.0,35961.9,7163.6,2.99
Sedan,Electric,Automatic,USA,96,545,164,9.32,25.09,1990,4.82,dead,Pirelli,195/65R15,Carbon Black,Symmetric,-2.08,7.5,No,Off-road,Rainy,58185.7,51648.6,4074.5,2.12
Truck,Diesel,Manual,USA,362,535,223,9.11,30.25,1854,5.78,dead,Michelin,195/65R15,Silica Compound,Symmetric,-0.14,8.5,Yes,Smooth,Humid,43488.4,22960.5,12795.0,4.88
Hatchback,Diesel,Automatic,Japan,337,145,253,13.54,35.04,2216,5.93,dead,Pirelli,195/65R15,Dual Compound,Directional,0.88,7.5,Yes,Smooth,Cold,66755.9,1893.2,40428.6,7.39
Coupe,Hybrid,Automatic,Japan,142,490,271,8.79,53.05,1680,5.67,dead,Pirelli,205/55R16,Carbon Black,Directional,-2.67,8.5,No,Smooth,Humid,41417.1,15123.2,16388.9,5.98
Hatchback,Diesel,Manual,Japan,141,504,140,10.99,45.48,1915,4.79,driven,Bridgestone,205/55R16,Dual Compound,Symmetric,1.3,8.0,No,Rough,Cold,62659.4,15232.6,29560.9,6.38
Truck,Hybrid,Manual,Germany,179,175,270,13.22,32.17,2141,5.39,dead,Goodyear,245/40R18,Carbon Black,Symmetric,-2.4,7.5,No,Off-road,Cold,51211.8,32591.1,11606.2,3.55
Truck,Diesel,Automatic,Germany,98,372,225,7.73,17.17,2029,5.21,dead,Pirelli,245/40R18,Dual Compound,Directional,-2.16,7.5,No,Rough,Dry,41535.0,21550.7,12456.1,4.52
Hatchback,Petrol,Automatic,USA,96,241,201,13.02,21.74,1842,5.49,driven,Pirelli,205/55R16,Carbon Black,Directional,-2.04,7.5,No,Off-road,Dry,65287.8,23225.3,26217.4,5.2
Truck,Diesel,Manual,India,404,225,203,13.17,33.24,1482,6.24,driven,Continental,205/55R16,Silica Compound,Asymmetric,2.57,8.5,No,Smooth,Rainy,59213.8,38400.5,12972.9,4.06
Hatchback,Petrol,Manual,USA,325,249,265,13.31,47.55,1131,6.05,driven,Michelin,195/65R15,Silica Compound,Asymmetric,1.1,7.5,Yes,Rough,Cold,40265.8,23532.5,10429.8,3.9
SUV,Petrol,Manual,UK,330,456,244,6.7,30.23,2116,4.67,driven,Goodyear,245/40R18,Silica Compound,Asymmetric,0.93,8.0,No,Off-road,Humid,48026.0,43535.1,2799.2,2.21
Hatchback,Diesel,Manual,Germany,160,277,201,8.0,36.54,1860,6.28,dead,Michelin,245/40R18,Carbon Black,Directional,0.33,7.5,No,Rough,Cold,50561.4,30175.2,12706.6,3.87
Hatchback,Petrol,Automatic,Japan,118,495,174,12.7,50.67,1293,5.44,driven,Bridgestone,195/65R15,Dual Compound,Directional,-1.24,8.0,No,Rough,Rainy,49677.3,25221.8,15243.0,4.76
Truck,Hybrid,Manual,Germany,115,350,152,7.59,51.55,1640,5.99,dead,Pirelli,195/65R15,Carbon Black,Directional,0.73,7.5,No,Smooth,Cold,54950.3,45260.9,6039.3,2.47
Truck,Electric,Manual,Japan,276,574,182,10.0,23.63,1999,4.78,dead,Pirelli,195/65R15,Silica Compound,Symmetric,-0.54,7.5,No,Smooth,Cold,55804.1,11295.8,27741.8,6.24
Sedan,Diesel,Manual,UK,237,427,269,5.18,16.74,1391,5.84,driven,Michelin,225/65R17,Carbon Black,Directional,-2.13,8.0,No,Smooth,Rainy,51902.6,12641.6,24471.2,6.31
Sedan,Petrol,Automatic,UK,283,210,250,4.56,27.22,1248,4.97,driven,Bridgestone,225/65R17,Dual Compound,Symmetric,1.14,7.5,No,Smooth,Cold,49953.1,39141.9,6738.6,2.7
SUV,Diesel,Automatic,Germany,275,512,267,8.12,42.83,1702,5.38,driven,Continental,205/55R16,Silica Compound,Directional,-2.22,8.0,No,Smooth,Dry,55132.3,24387.8,19162.9,5.12
Sedan,Hybrid,Automatic,Japan,295,141,190,9.79,53.04,2440,4.53,driven,Continental,245/40R18,Carbon Black,Directional,-1.86,8.0,No,Off-road,Rainy,41008.5,16782.1,15100.1,5.4
Hatchback,Diesel,Automatic,UK,364,409,274,7.93,18.08,2166,4.8,driven,Pirelli,195/65R15,Dual Compound,Symmetric,1.91,8.0,No,Off-road,Dry,59356.1,52653.4,4177.7,2.31
Truck,Diesel,Manual,USA,275,229,184,9.78,16.14,2260,4.68,dead,Pirelli,195/65R15,Silica Compound,Directional,0.96,7.5,No,Smooth,Rainy,58179.5,35495.8,14138.6,3.98
Sedan,Petrol,Automatic,USA,386,168,181,9.15,50.37,1286,4.98,driven,Goodyear,245/40R18,Dual Compound,Directional,0.79,7.5,No,Smooth,Cold,48376.6,38842.0,5942.9,2.53
Sedan,Hybrid,Manual,Japan,231,248,274,10.86,44.93,1276,4.7,dead,Michelin,225/65R17,Dual Compound,Directional,-0.49,8.0,No,Smooth,Dry,45385.5,36754.9,5379.4,2.79
SUV,Electric,Manual,Germany,93,192,154,10.5,54.69,1386,5.88,driven,Pirelli,245/40R18,Silica Compound,Asymmetric,-0.62,7.5,No,Rough,Dry,42189.5,5063.9,23140.2,6.55
SUV,Electric,Manual,UK,404,459,199,8.24,30.87,2405,4.56,dead,Bridgestone,205/55R16,Carbon Black,Directional,1.14,8.5,No,Smooth,Humid,57620.3,37666.5,12437.1,4.04
Hatchback,Petrol,Manual,Germany,225,172,179,8.25,31.64,1449,5.74,dead,Michelin,225/65R17,Carbon Black,Symmetric,1.44,8.0,No,Off-road,Dry,57067.0,54357.3,1689.0,1.84
Truck,Diesel,Automatic,USA,136,586,251,5.41,21.89,1290,4.78,dead,Goodyear,245/40R18,Carbon Black,Symmetric,0.06,8.0,No,Off-road,Dry,55999.5,26881.3,18149.3,4.88
SUV,Petrol,Automatic,UK,290,475,216,9.13,19.63,2192,6.39,driven,Continental,245/40R18,Carbon Black,Symmetric,2.82,8.5,Yes,Rough,Cold,69568.5,50936.9,11613.0,3.45
Sedan,Petrol,Automatic,Germany,347,499,244,9.87,38.15,1442,6.37,driven,Goodyear,205/55R16,Dual Compound,Directional,2.73,8.5,No,Off-road,Dry,55946.3,31706.6,15108.5,4.69
Truck,Petrol,Manual,India,289,287,246,8.76,29.57,1655,4.95,driven,Michelin,245/40R18,Carbon Black,Symmetric,-0.53,8.0,No,Smooth,Dry,61653.7,12629.5,30556.5,6.72
Truck,Diesel,Manual,Japan,96,164,261,7.26,18.21,2207,5.73,dead,Continental,225/65R17,Carbon Black,Asymmetric,1.92,8.5,No,Rough,Dry,43387.5,8469.0,21764.6,7.05
Sedan,Hybrid,Manual,Japan,365,571,219,11.22,50.48,2068,4.56,dead,Bridgestone,195/65R15,Dual Compound,Symmetric,0.26,8.0,No,Rough,Cold,48969.1,21244.4,17280.7,5.2
SUV,Petrol,Manual,India,423,512,264,4.75,22.93,1826,6.36,driven,Continental,195/65R15,Dual Compound,Directional,0.07,7.5,No,Off-road,Rainy,48263.4,23310.8,15552.9,4.45
Sedan,Diesel,Manual,USA,282,224,273,13.14,44.94,2291,5.55,driven,Continental,195/65R15,Silica Compound,Asymmetric,-2.67,8.5,No,Smooth,Cold,57279.3,28819.1,17739.1,4.91
Truck,Hybrid,Automatic,UK,178,269,171,4.21,26.29,1475,4.59,dead,Bridgestone,225/65R17,Dual Compound,Symmetric,0.44,8.0,No,Smooth,Dry,49924.4,47677.8,1400.3,1.93
Coupe,Petrol,Manual,Japan,358,265,247,13.62,47.52,1252,5.18,dead,Pirelli,245/40R18,Silica Compound,Asymmetric,2.4,8.0,No,Smooth,Rainy,59232.0,5938.3,33217.7,7.24
Coupe,Electric,Automatic,India,288,323,253,8.62,19.74,2419,4.65,driven,Pirelli,245/40R18,Silica Compound,Symmetric,1.68,8.0,No,Rough,Cold,60702.7,23099.0,23438.2,5.5
Hatchback,Hybrid,Manual,India,208,481,207,8.13,45.24,1288,5.29,driven,Continental,245/40R18,Carbon Black,Directional,1.72,8.5,No,Off-road,Cold,41010.7,21101.9,12409.0,5.02
Sedan,Petrol,Manual,USA,414,418,266,6.56,18.92,2235,5.84,driven,Continental,245/40R18,Carbon Black,Asymmetric,-2.04,7.5,No,Off-road,Rainy,59192.7,57009.3,1360.9,1.72
Sedan,Hybrid,Automatic,USA,367,286,274,4.1,32.88,1999,5.44,dead,Goodyear,195/65R15,Carbon Black,Symmetric,-0.85,7.5,Yes,Off-road,Humid,43503.6,21939.5,13440.8,4.61
Hatchback,Hybrid,Automatic,Germany,331,320,253,6.75,44.36,1020,5.27,dead,Pirelli,225/65R17,Dual Compound,Symmetric,-1.6,8.5,No,Smooth,Dry,53954.1,41829.3,7557.3,3.1
Hatchback,Hybrid,Manual,Japan,344,253,147,5.09,21.93,1315,4.74,driven,Bridgestone,205/55R16,Dual Compound,Asymmetric,-1.1,8.0,Yes,Rough,Humid,61797.3,46303.4,9657.3,3.33
Hatchback,Hybrid,Manual,Germany,350,330,203,10.6,26.43,1563,4.99,driven,Continental,225/65R17,Carbon Black,Asymmetric,0.48,8.0,No,Rough,Dry,61100.3,34609.9,16511.3,4.43
Truck,Hybrid,Manual,India,267,167,274,7.19,49.59,2461,4.7,driven,Continental,245/40R18,Carbon Black,Asymmetric,-0.81,8.0,No,Off-road,Dry,48994.7,6403.8,26546.7,7.24
Sedan,Hybrid,Manual,UK,293,245,180,11.67,50.4,2446,6.11,driven,Goodyear,245/40R18,Dual Compound,Asymmetric,0.36,8.5,No,Off-road,Humid,48171.0,10537.8,23456.6,6.97
Truck,Petrol,Automatic,UK,362,358,179,6.07,16.8,2256,4.77,driven,Goodyear,225/65R17,Silica Compound,Symmetric,-0.37,8.5,No,Rough,Humid,53206.8,12777.1,25199.6,6.77
Hatchback,Electric,Manual,USA,290,126,142,13.0,21.72,1122,5.69,dead,Goodyear,225/65R17,Silica Compound,Symmetric,-1.28,8.0,No,Off-road,Dry,45660.0,1765.2,27359.4,7.76
Sedan,Diesel,Automatic,UK,444,583,249,9.23,19.7,1873,5.19,driven,Michelin,195/65R15,Carbon Black,Symmetric,-2.43,8.0,No,Rough,Rainy,69241.0,26257.4,26791.4,5.48
Truck,Hybrid,Manual,UK,155,572,253,5.15,22.19,1959,4.95,dead,Bridgestone,245/40R18,Carbon Black,Directional,2.35,8.0,No,Rough,Rainy,50347.5,30737.8,12222.6,3.99
Truck,Diesel,Automatic,UK,227,391,251,8.01,53.81,1213,5.78,dead,Michelin,225/65R17,Carbon Black,Asymmetric,-2.93,8.5,No,Off-road,Humid,67689.8,9765.4,36104.0,7.53
Hatchback,Petrol,Automatic,India,400,504,143,6.07,37.07,1838,5.41,dead,Continental,245/40R18,Silica Compound,Symmetric,-2.99,8.5,No,Rough,Humid,67247.9,11770.8,34578.6,7.41
Sedan,Hybrid,Manual,UK,292,490,273,6.0,33.72,1646,5.3,dead,Goodyear,225/65R17,Carbon Black,Asymmetric,1.96,7.5,No,Rough,Cold,50945.5,36017.8,9304.4,3.1
Hatchback,Electric,Automatic,UK,188,156,165,9.06,54.38,1967,5.69,dead,Goodyear,245/40R18,Silica Compound,Asymmetric,2.98,8.0,No,Off-road,Rainy,47622.5,8060.3,24659.0,7.05
Sedan,Diesel,Manual,UK,208,330,278,10.72,37.28,1729,5.48,dead,Goodyear,225/65R17,Dual Compound,Symmetric,1.36,8.0,Yes,Off-road,Rainy,63125.1,8543.1,34020.7,7.01
Coupe,Hybrid,Automatic,Germany,89,284,156,13.12,41.44,1599,5.11,dead,Pirelli,245/40R18,Dual Compound,Asymmetric,-2.91,7.5,No,Off-road,Dry,46881.3,45842.5,647.5,1.6
SUV,Petrol,Manual,India,126,244,231,9.02,28.31,1791,5.62,dead,Bridgestone,205/55R16,Dual Compound,Asymmetric,-1.64,8.0,No,Rough,Cold,55637.4,819.8,34167.5,7.88
SUV,Electric,Automatic,USA,394,456,170,13.66,30.28,1039,5.84,driven,Michelin,195/65R15,Carbon Black,Asymmetric,2.83,7.5,No,Off-road,Dry,43320.7,14096.9,18215.0,5.5
SUV,Diesel,Manual,Germany,175,311,246,13.42,38.78,1751,4.55,driven,Bridgestone,205/55R16,Dual Compound,Asymmetric,1.85,8.5,No,Off-road,Cold,51578.0,1802.0,31025.1,8.24
Hatchback,Diesel,Manual,Japan,182,337,250,12.65,17.79,2355,5.43,driven,Goodyear,195/65R15,Silica Compound,Asymmetric,0.4,7.5,No,Rough,Rainy,42344.6,35486.9,4274.4,2.49
Coupe,Hybrid,Automatic,India,421,333,240,9.0,25.24,1942,4.62,driven,Continental,195/65R15,Silica Compound,Symmetric,-1.58,7.5,No,Rough,Dry,48503.2,28303.3,12590.5,4.13
Sedan,Electric,Automatic,India,225,181,251,5.41,22.87,1647,4.87,driven,Pirelli,225/65R17,Silica Compound,Symmetric,-2.91,8.5,No,Off-road,Cold,59958.8,2875.1,35580.0,8.15
Truck,Electric,Automatic,Japan,447,447,201,6.18,15.64,1181,5.62,dead,Bridgestone,205/55R16,Carbon Black,Asymmetric,-2.87,8.0,No,Off-road,Dry,69739.2,42914.9,16719.5,3.97
Sedan,Electric,Automatic,Japan,106,564,251,10.48,36.48,1264,6.23,dead,Continental,195/65R15,Carbon Black,Asymmetric,0.67,7.5,No,Rough,Cold,47644.2,5864.8,26040.9,6.65
Truck,Electric,Manual,Japan,299,500,255,8.22,37.44,1770,6.27,dead,Goodyear,245/40R18,Silica Compound,Asymmetric,-2.87,7.5,No,Rough,Humid,54199.6,26868.5,17035.3,4.56
Sedan,Petrol,Automatic,USA,97,280,174,5.47,30.36,1862,4.64,dead,Goodyear,225/65R17,Silica Compound,Directional,2.96,8.0,No,Smooth,Dry,53441.4,35774.4,11011.8,3.8
Coupe,Electric,Manual,UK,246,185,167,8.79,25.75,1431,5.34,dead,Goodyear,225/65R17,Silica Compound,Asymmetric,-1.9,7.5,No,Rough,Humid,45524.6,6760.7,24161.3,6.54
Truck,Diesel,Automatic,India,161,405,242,4.17,41.08,2219,5.67,driven,Goodyear,245/40R18,Silica Compound,Directional,1.26,8.5,No,Rough,Cold,58302.1,28979.1,18276.9,5.21
Hatchback,Diesel,Manual,UK,151,358,264,11.34,20.39,1508,4.79,driven,Pirelli,245/40R18,Dual Compound,Directional,-2.07,7.5,No,Smooth,Dry,61741.1,28241.1,20880.4,4.97
Sedan,Petrol,Manual,UK,389,139,241,4.74,35.74,1446,6.03,dead,Pirelli,195/65R15,Silica Compound,Directional,0.24,8.0,No,Off-road,Cold,44416.6,40674.5,2332.4,2.27
Sedan,Diesel,Manual,Japan,333,307,276,10.29,45.72,1527,5.99,driven,Bridgestone,245/40R18,Carbon Black,Symmetric,-2.52,8.0,No,Smooth,Cold,62713.7,62444.2,168.0,1.56
Truck,Diesel,Manual,USA,241,201,160,11.93,21.57,2225,6.31,driven,Goodyear,225/65R17,Carbon Black,Directional,1.6,7.5,No,Rough,Humid,61004.8,39926.1,13138.3,3.68
Hatchback,Electric,Automatic,Germany,406,482,191,5.33,45.13,1874,4.52,driven,Pirelli,245/40R18,Carbon Black,Asymmetric,0.51,8.0,No,Smooth,Dry,45920.3,39255.4,4154.2,2.62
Hatchback,Diesel,Automatic,USA,117,321,236,9.19,45.43,2156,4.93,driven,Continental,205/55R16,Carbon Black,Asymmetric,-2.48,8.0,No,Smooth,Rainy,59468.4,38469.1,13088.8,3.87
Coupe,Petrol,Manual,UK,280,527,190,11.79,17.4,2162,6.15,driven,Pirelli,225/65R17,Carbon Black,Symmetric,2.09,7.5,No,Smooth,Cold,51810.2,45400.5,3995.1,2.33
Hatchback,Electric,Automatic,USA,279,251,222,6.61,15.75,1668,5.84,dead,Pirelli,245/40R18,Silica Compound,Symmetric,0.28,7.5,No,Smooth,Humid,60434.1,26184.4,21347.7,4.98
Hatchback,Hybrid,Automatic,Japan,334,156,194,5.63,53.96,1846,6.29,driven,Bridgestone,225/65R17,Silica Compound,Asymmetric,2.53,8.0,No,Smooth,Rainy,54882.9,33368.2,13410.0,4.23
Hatchback,Electric,Manual,Germany,258,251,216,7.37,22.74,1069,4.61,driven,Pirelli,195/65R15,Dual Compound,Symmetric,2.5,7.5,No,Smooth,Humid,41444.1,35027.3,3999.6,2.49
SUV,Petrol,Automatic,Japan,114,196,266,9.55,47.89,1815,5.69,dead,Continental,205/55R16,Dual Compound,Symmetric,2.52,8.5,No,Off-road,Humid,63609.0,58398.5,3247.7,2.33
Coupe,Electric,Automatic,Germany,161,208,232,9.75,37.47,2038,5.64,dead,Goodyear,195/65R15,Dual Compound,Directional,-2.53,7.5,Yes,Smooth,Humid,56668.0,1398.7,34449.1,7.25
Sedan,Electric,Automatic,UK,299,580,227,5.31,25.58,2235,4.57,dead,Michelin,205/55R16,Silica Compound,Directional,-2.27,8.0,No,Smooth,Cold,61743.8,6418.4,34484.0,7.33
Truck,Petrol,Manual,Germany,237,521,219,8.58,20.2,2083,5.53,dead,Bridgestone,245/40R18,Dual Compound,Symmetric,2.93,8.5,No,Smooth,Rainy,43782.2,40768.7,1878.3,2.09
Sedan,Electric,Automatic,Germany,83,372,231,6.68,34.87,2275,5.72,dead,Continental,225/65R17,Silica Compound,Asymmetric,-0.07,8.0,No,Smooth,Cold,61638.2,35041.8,16577.4,4.48
Coupe,Petrol,Manual,Germany,246,463,186,12.42,31.29,1445,4.88,dead,Bridgestone,245/40R18,Carbon Black,Directional,-1.57,8.0,No,Rough,Cold,52410.0,51896.0,320.4,1.53
Truck,Petrol,Automatic,USA,283,313,177,7.14,42.96,2025,5.05,dead,Goodyear,195/65R15,Silica Compound,Asymmetric,1.62,8.5,No,Smooth,Dry,63978.0,50711.1,8269.2,2.89
Coupe,Hybrid,Automatic,USA,273,295,278,12.39,51.17,2359,5.78,dead,Pirelli,225/65R17,Silica Compound,Symmetric,-1.41,7.5,No,Smooth,Rainy,57975.0,47431.7,6571.6,2.45
Hatchback,Diesel,Automatic,UK,314,152,154,8.29,47.21,1018,5.44,driven,Pirelli,245/40R18,Carbon Black,Asymmetric,1.36,8.0,No,Smooth,Dry,50647.1,19556.0,19378.9,5.51
Truck,Diesel,Manual,Germany,285,177,140,11.27,25.98,1560,6.22,dead,Continental,245/40R18,Carbon Black,Asymmetric,2.02,7.5,No,Off-road,Humid,46057.5,11861.7,21314.1,5.75
Hatchback,Electric,Manual,India,229,586,274,9.1,50.16,2101,5.18,dead,Goodyear,225/65R17,Carbon Black,Asymmetric,1.71,7.5,Yes,Smooth,Rainy,64477.7,38574.4,16145.4,3.72
Sedan,Electric,Automatic,UK,238,320,140,10.22,48.34,1471,5.03,driven,Michelin,225/65R17,Dual Compound,Asymmetric,-1.36,8.5,Yes,Rough,Rainy,56805.8,49934.1,4283.1,2.59
Sedan,Hybrid,Manual,Germany,358,147,188,7.95,52.17,1027,6.47,dead,Michelin,195/65R15,Dual Compound,Symmetric,-0.59,8.0,No,Off-road,Cold,69624.0,50526.1,11903.7,3.22
Truck,Hybrid,Automatic,Germany,383,154,235,11.68,33.35,1559,6.32,dead,Pirelli,205/55R16,Dual Compound,Symmetric,-0.52,8.5,No,Rough,Humid,51204.7,24177.6,16845.9,5.39
Truck,Hybrid,Manual,USA,245,244,165,8.25,45.74,1607,4.56,dead,Goodyear,205/55R16,Carbon Black,Directional,-0.05,8.5,No,Off-road,Cold,60571.6,45622.5,9317.7,3.25
Coupe,Petrol,Manual,UK,390,513,226,8.57,38.67,2188,6.04,dead,Goodyear,225/65R17,Dual Compound,Directional,-2.0,8.0,No,Off-road,Dry,58684.6,40515.7,11324.6,3.37
Coupe,Hybrid,Automatic,Germany,147,440,232,9.18,27.42,1457,4.72,driven,Continental,205/55R16,Carbon Black,Directional,-0.29,8.0,No,Smooth,Humid,59127.5,53986.4,3204.4,2.05
Hatchback,Hybrid,Automatic,Germany,167,161,241,12.32,54.78,1944,4.55,driven,Michelin,195/65R15,Carbon Black,Directional,0.06,8.5,No,Smooth,Cold,62109.4,16369.4,28509.5,6.58
Truck,Electric,Automatic,UK,296,204,210,10.59,16.53,2199,5.05,dead,Continental,205/55R16,Carbon Black,Asymmetric,0.19,8.5,No,Off-road,Cold,44173.2,5270.4,24248.0,7.56
Sedan,Hybrid,Automatic,India,80,512,279,7.49,21.49,1983,5.04,driven,Bridgestone,225/65R17,Dual Compound,Directional,1.92,8.5,Yes,Smooth,Cold,56489.3,26552.9,18659.2,5.29
Coupe,Petrol,Manual,UK,214,307,234,10.7,50.7,1867,6.14,driven,Goodyear,195/65R15,Dual Compound,Directional,0.1,8.0,No,Smooth,Humid,55273.9,19958.3,22012.0,5.71
Coupe,Petrol,Manual,UK,264,230,257,10.42,17.42,2015,5.92,driven,Michelin,225/65R17,Carbon Black,Asymmetric,-1.62,8.0,No,Off-road,Dry,50275.9,49012.0,787.8,1.9
Sedan,Electric,Manual,India,430,390,258,13.31,50.47,1028,6.46,driven,Continental,195/65R15,Dual Compound,Symmetric,0.98,8.5,No,Off-road,Rainy,53084.5,398.4,32839.0,8.41
Coupe,Hybrid,Automatic,UK,219,560,190,12.41,43.61,1668,5.92,driven,Pirelli,195/65R15,Silica Compound,Directional,1.78,8.0,No,Rough,Cold,55564.4,51862.8,2307.1,2.06
Hatchback,Hybrid,Automatic,Germany,185,444,220,10.47,16.47,1825,5.34,driven,Bridgestone,225/65R17,Dual Compound,Symmetric,-1.08,8.0,No,Off-road,Humid,49627.7,47398.4,1389.5,1.75
Truck,Petrol,Manual,UK,212,224,175,7.42,32.17,1815,5.9,dead,Continental,245/40R18,Carbon Black,Directional,0.87,8.0,No,Rough,Rainy,48794.8,2486.5,28863.7,7.58
Sedan,Hybrid,Automatic,India,187,525,206,11.8,45.18,1278,6.5,dead,Pirelli,225/65R17,Carbon Black,Symmetric,-2.12,7.5,Yes,Rough,Cold,62148.2,55285.1,4277.7,2.29
Truck,Hybrid,Manual,Japan,257,439,268,9.75,38.32,1282,5.92,driven,Michelin,195/65R15,Carbon Black,Directional,-0.95,7.5,No,Smooth,Humid,42007.5,19776.3,13856.6,4.82
Coupe,Hybrid,Manual,UK,377,160,253,13.85,52.43,2002,6.02,driven,Michelin,225/65R17,Silica Compound,Symmetric,2.46,8.5,No,Smooth,Dry,49388.9,37839.3,7198.8,3.45
Coupe,Diesel,Manual,USA,437,334,250,6.48,49.71,1304,6.38,driven,Bridgestone,225/65R17,Carbon Black,Symmetric,2.47,7.5,No,Off-road,Cold,59611.3,4724.5,34210.7,7.01
Sedan,Electric,Manual,Germany,438,190,239,4.8,28.31,1693,4.73,dead,Pirelli,195/65R15,Carbon Black,Directional,0.45,8.5,No,Off-road,Humid,46263.2,44190.9,1291.7,1.87
Hatchback,Diesel,Manual,Germany,225,175,248,4.7,18.39,1108,5.91,dead,Goodyear,205/55R16,Dual Compound,Symmetric,1.21,8.5,No,Rough,Cold,57168.2,34732.4,13984.1,4.29
SUV,Electric,Automatic,USA,153,526,259,10.4,52.77,1323,6.2,dead,Michelin,195/65R15,Silica Compound,Directional,2.12,8.0,No,Rough,Humid,49064.9,44094.4,3098.1,2.22
Sedan,Petrol,Automatic,USA,187,355,218,13.39,35.69,2229,6.41,dead,Goodyear,225/65R17,Dual Compound,Directional,2.75,8.5,No,Smooth,Dry,65299.0,43943.8,13310.6,3.87
SUV,Hybrid,Automatic,UK,201,400,273,4.02,17.98,2257,4.92,dead,Goodyear,195/65R15,Carbon Black,Asymmetric,-0.06,8.5,No,Off-road,Dry,50499.7,27108.7,14579.5,4.86
SUV,Electric,Manual,USA,96,594,158,11.26,47.66,1457,5.51,dead,Continental,195/65R15,Carbon Black,Directional,0.37,8.5,No,Off-road,Humid,46885.5,8087.5,24182.6,7.4
Hatchback,Diesel,Manual,Japan,275,224,266,10.57,49.74,2210,5.86,driven,Continental,205/55R16,Silica Compound,Directional,-0.51,8.5,No,Off-road,Rainy,55903.1,9948.2,28643.5,7.19
SUV,Hybrid,Manual,India,406,509,168,11.32,40.58,1481,4.99,dead,Michelin,245/40R18,Carbon Black,Directional,-2.57,8.0,Yes,Off-road,Dry,44069.8,20826.1,14487.7,5.17
SUV,Petrol,Manual,USA,397,494,163,7.55,32.9,1921,5.7,dead,Goodyear,225/65R17,Silica Compound,Directional,-0.46,8.0,No,Smooth,Cold,63924.5,55642.6,5162.1,2.44
Hatchback,Electric,Automatic,USA,376,281,149,12.2,41.49,2430,5.02,dead,Continental,225/65R17,Dual Compound,Asymmetric,1.74,8.5,No,Smooth,Dry,60400.8,6959.3,33309.8,7.85
SUV,Electric,Automatic,Japan,331,310,244,4.45,43.27,1519,5.17,driven,Pirelli,205/55R16,Silica Compound,Asymmetric,1.83,7.5,No,Rough,Cold,63115.3,63013.3,63.5,1.55
SUV,Electric,Manual,Germany,198,128,194,11.55,50.72,2076,5.38,dead,Pirelli,195/65R15,Dual Compound,Asymmetric,2.35,7.5,No,Smooth,Dry,51966.3,45518.0,4019.2,2.46
SUV,Hybrid,Manual,Germany,241,179,141,6.67,53.23,2421,5.56,driven,Pirelli,245/40R18,Carbon Black,Asymmetric,-2.69,8.5,No,Rough,Dry,65050.1,25536.0,24628.9,5.71
Sedan,Diesel,Manual,UK,277,500,274,8.77,35.57,2222,5.4,driven,Pirelli,225/65R17,Dual Compound,Symmetric,0.16,8.0,No,Smooth,Cold,54806.4,13872.5,25513.9,6.33
Sedan,Diesel,Automatic,Japan,124,424,250,12.23,46.94,1390,5.49,dead,Goodyear,245/40R18,Dual Compound,Directional,-2.36,8.5,No,Smooth,Dry,42841.0,39499.2,2082.9,2.18
Sedan,Electric,Automatic,India,393,344,177,6.71,53.58,1770,5.1,dead,Pirelli,245/40R18,Dual Compound,Asymmetric,-1.8,8.5,No,Off-road,Cold,46720.9,5756.6,25532.9,7.68
Hatchback,Petrol,Automatic,India,258,426,270,5.85,21.05,1912,4.82,dead,Goodyear,195/65R15,Silica Compound,Directional,2.4,8.0,No,Rough,Cold,61331.6,21299.8,24951.6,5.79
Coupe,Petrol,Manual,Japan,123,307,241,10.81,15.73,2195,4.59,driven,Michelin,195/65R15,Dual Compound,Asymmetric,-0.02,7.5,No,Rough,Dry,66892.7,5613.1,38195.2,7.04
SUV,Diesel,Manual,India,350,189,234,9.33,49.76,1085,4.89,dead,Michelin,195/65R15,Silica Compound,Directional,1.55,8.5,No,Rough,Dry,42855.6,40861.2,1243.1,2.03
SUV,Petrol,Automatic,Germany,157,412,231,9.14,22.81,1557,5.66,driven,Pirelli,225/65R17,Silica Compound,Symmetric,-2.61,8.0,No,Smooth,Cold,65926.4,40717.7,15712.5,4.1
Hatchback,Diesel,Manual,India,405,406,210,6.57,16.7,1857,6.07,driven,Pirelli,245/40R18,Silica Compound,Asymmetric,-0.5,8.0,No,Off-road,Humid,63972.1,21506.1,26468.8,5.8
SUV,Electric,Automatic,India,257,288,163,4.35,21.4,2209,4.84,dead,Pirelli,245/40R18,Carbon Black,Symmetric,1.05,8.5,No,Smooth,Dry,50696.8,13966.1,22894.1,6.67
Sedan,Diesel,Manual,Japan,436,181,207,8.1,30.36,2179,4.72,dead,Michelin,225/65R17,Carbon Black,Symmetric,-2.2,8.0,No,Off-road,Rainy,60678.3,26946.9,21024.6,5.44
Coupe,Diesel,Automatic,Japan,82,468,267,5.07,23.77,1665,6.0,dead,Continental,205/55R16,Carbon Black,Directional,-1.05,8.5,No,Smooth,Dry,45608.5,4167.6,25829.9,7.88
Truck,Electric,Manual,India,293,561,232,13.06,27.21,2153,5.11,driven,Michelin,195/65R15,Silica Compound,Asymmetric,-2.61,7.5,No,Rough,Humid,64401.8,57275.7,4441.7,2.02
SUV,Petrol,Automatic,USA,421,133,183,4.41,54.01,1842,6.4,dead,Pirelli,225/65R17,Carbon Black,Symmetric,0.91,8.5,No,Smooth,Humid,59720.2,30513.4,18204.4,4.96
Sedan,Diesel,Automatic,Japan,153,283,272,8.32,43.18,2104,5.93,driven,Continental,195/65R15,Dual Compound,Directional,2.83,7.5,No,Rough,Dry,53164.9,38549.8,9109.5,3.1
Truck,Diesel,Automatic,UK,130,539,194,4.52,43.49,2407,5.15,dead,Continental,245/40R18,Silica Compound,Directional,1.96,8.0,No,Off-road,Dry,65935.5,15412.2,31491.0,6.42
Coupe,Electric,Automatic,UK,146,364,168,4.96,18.79,1294,5.08,driven,Bridgestone,225/65R17,Carbon Black,Directional,2.85,8.5,No,Rough,Rainy,44177.0,22254.1,13664.4,5.09
Truck,Petrol,Automatic,Germany,411,454,176,10.59,44.28,1268,5.55,dead,Goodyear,205/55R16,Silica Compound,Symmetric,2.07,8.0,No,Rough,Dry,65373.6,13799.5,32145.9,6.73
Sedan,Diesel,Automatic,India,172,127,254,10.47,44.57,1644,4.66,dead,Pirelli,195/65R15,Carbon Black,Directional,2.13,8.5,No,Rough,Humid,40716.6,33228.6,4667.2,2.82
Truck,Electric,Manual,USA,255,273,142,4.33,41.39,1534,4.74,driven,Goodyear,245/40R18,Dual Compound,Directional,0.46,8.0,No,Rough,Rainy,62596.0,48529.1,8767.8,2.87
Hatchback,Diesel,Manual,Germany,224,155,261,4.01,24.14,2401,4.85,driven,Bridgestone,245/40R18,Silica Compound,Directional,0.11,7.5,Yes,Off-road,Dry,57200.9,8477.3,30369.2,6.86
Truck,Hybrid,Manual,India,86,167,182,4.79,31.92,2399,6.05,dead,Goodyear,205/55R16,Carbon Black,Symmetric,-0.56,8.5,No,Smooth,Rainy,60901.7,4537.6,35131.5,7.9
SUV,Electric,Automatic,Japan,348,204,146,11.63,48.85,1087,5.53,driven,Pirelli,205/55R16,Carbon Black,Directional,1.91,8.0,No,Smooth,Rainy,52370.3,43163.5,5738.6,2.87
SUV,Petrol,Automatic,UK,401,147,264,9.85,41.81,1924,4.52,driven,Bridgestone,195/65R15,Dual Compound,Symmetric,-1.91,8.5,No,Smooth,Humid,65933.2,7229.4,36589.8,7.83
Hatchback,Petrol,Manual,USA,83,315,188,4.38,44.31,1110,5.85,driven,Goodyear,245/40R18,Dual Compound,Directional,-2.66,8.5,No,Smooth,Humid,49394.5,27092.1,13901.0,4.71
Sedan,Petrol,Automatic,UK,217,565,260,8.88,38.49,1583,5.35,driven,Michelin,205/55R16,Carbon Black,Symmetric,2.69,7.5,No,Rough,Cold,48248.7,25788.3,13999.4,4.21
SUV,Petrol,Automatic,Japan,310,327,212,11.12,32.98,2177,5.52,dead,Continental,225/65R17,Carbon Black,Symmetric,-2.98,8.0,No,Off-road,Humid,49052.5,9954.9,24369.3,6.64
Coupe,Diesel,Automatic,India,167,589,180,12.69,45.36,2486,4.93,driven,Bridgestone,205/55R16,Silica Compound,Asymmetric,2.86,8.5,No,Off-road,Cold,63230.9,37392.0,16105.3,4.43
SUV,Diesel,Automatic,Japan,96,323,245,13.34,17.72,1768,5.6,dead,Michelin,225/65R17,Silica Compound,Asymmetric,1.37,8.5,No,Smooth,Humid,54858.8,27580.5,17002.4,5.14
SUV,Petrol,Automatic,Japan,131,583,216,7.27,41.93,2179,6.46,dead,Pirelli,245/40R18,Carbon Black,Asymmetric,-1.03,8.5,No,Smooth,Humid,56112.6,28571.9,17165.9,4.9
Sedan,Petrol,Manual,UK,213,426,266,5.36,54.89,2341,4.65,dead,Continental,195/65R15,Dual Compound,Symmetric,1.19,8.5,No,Off-road,Cold,64949.7,23362.4,25921.1,6.18
Truck,Petrol,Manual,USA,290,223,230,6.37,46.21,1237,5.07,driven,Bridgestone,245/40R18,Silica Compound,Directional,1.91,8.5,No,Off-road,Cold,65001.0,54498.7,6546.0,2.73
SUV,Diesel,Manual,Japan,404,349,147,11.76,26.62,1333,4.99,dead,Continental,245/40R18,Carbon Black,Directional,-1.53,8.0,No,Rough,Cold,44852.1,3784.2,25597.4,7.31
Hatchback,Petrol,Manual,UK,298,545,171,13.71,26.11,1105,5.0,dead,Bridgestone,245/40R18,Dual Compound,Symmetric,1.63,8.5,No,Off-road,Rainy,56493.0,24779.1,19767.1,5.54
Truck,Petrol,Manual,USA,284,220,203,8.66,41.69,1381,5.26,dead,Bridgestone,245/40R18,Dual Compound,Directional,1.83,8.5,No,Off-road,Cold,43780.5,11374.9,20198.3,6.97
Coupe,Hybrid,Automatic,India,290,148,277,7.05,50.83,1688,6.14,dead,Goodyear,195/65R15,Carbon Black,Symmetric,-1.5,8.5,No,Rough,Rainy,66055.9,56044.0,6240.3,2.65
Sedan,Hybrid,Automatic,India,356,246,152,8.29,38.12,1260,6.33,dead,Continental,205/55R16,Carbon Black,Directional,-2.75,8.0,No,Rough,Rainy,65110.2,14655.0,31448.4,6.57
Coupe,Petrol,Automatic,Germany,103,457,232,7.05,36.1,2316,4.9,driven,Continental,195/65R15,Silica Compound,Symmetric,-1.78,8.5,No,Rough,Cold,65480.5,50225.1,9508.6,3.3
Truck,Electric,Automatic,UK,83,129,200,6.56,21.42,2358,5.59,dead,Michelin,195/65R15,Carbon Black,Asymmetric,-1.8,8.5,No,Off-road,Cold,61145.8,37391.6,14805.9,4.53
Truck,Petrol,Manual,USA,231,225,147,9.94,43.62,1654,5.77,driven,Pirelli,195/65R15,Silica Compound,Asymmetric,-2.61,7.5,No,Off-road,Cold,54006.3,47244.2,4214.8,2.16
Truck,Hybrid,Manual,Japan,338,286,168,4.16,43.09,1819,5.54,dead,Michelin,195/65R15,Dual Compound,Directional,1.36,7.5,No,Off-road,Humid,52141.6,30961.4,13201.5,4.03
Coupe,Electric,Manual,India,403,585,234,6.6,53.68,1708,5.37,dead,Goodyear,205/55R16,Silica Compound,Directional,-0.72,8.5,No,Rough,Humid,51856.7,28857.5,14335.3,4.57
Truck,Electric,Automatic,USA,436,376,180,10.61,27.01,1475,4.88,driven,Bridgestone,245/40R18,Carbon Black,Directional,2.31,8.5,No,Off-road,Cold,41986.4,33636.5,5204.4,3.07
Coupe,Petrol,Manual,UK,247,414,150,4.32,45.26,2248,5.48,driven,Goodyear,205/55R16,Silica Compound,Directional,-1.49,7.5,No,Off-road,Dry,68466.1,38511.3,18670.7,4.2
Truck,Hybrid,Automatic,Germany,255,396,141,4.83,32.36,1906,5.3,dead,Goodyear,205/55R16,Dual Compound,Asymmetric,-0.28,8.0,No,Rough,Cold,53508.3,45190.0,5184.7,2.7
Hatchback,Hybrid,Manual,India,389,184,270,6.93,37.34,1554,6.09,dead,Michelin,245/40R18,Dual Compound,Asymmetric,0.83,8.0,No,Smooth,Dry,67903.4,3348.9,40236.5,7.55
Truck,Electric,Manual,USA,370,390,219,12.78,47.66,2477,6.03,dead,Bridgestone,205/55R16,Carbon Black,Symmetric,2.26,7.5,Yes,Smooth,Humid,66377.7,32866.9,20887.1,4.33
Coupe,Petrol,Automatic,USA,135,507,226,11.65,23.88,1662,4.77,dead,Pirelli,195/65R15,Silica Compound,Directional,0.15,8.5,No,Off-road,Humid,64858.3,52709.8,7572.1,2.95
SUV,Diesel,Automatic,USA,187,307,245,4.22,28.71,2319,4.68,dead,Goodyear,195/65R15,Carbon Black,Asymmetric,-0.76,7.5,No,Rough,Dry,57649.3,48907.6,5448.6,2.35
Truck,Diesel,Manual,UK,375,436,278,9.02,45.93,1574,6.32,driven,Pirelli,245/40R18,Carbon Black,Symmetric,2.2,8.0,No,Rough,Humid,43046.7,35903.3,4452.4,2.52
SUV,Hybrid,Manual,UK,403,523,156,6.75,37.82,1641,5.57,dead,Bridgestone,245/40R18,Dual Compound,Symmetric,-1.14,7.5,Yes,Off-road,Cold,49717.3,30048.2,12259.7,3.74
Hatchback,Diesel,Automatic,UK,381,257,162,10.49,18.7,1462,6.22,dead,Bridgestone,245/40R18,Silica Compound,Symmetric,-2.52,8.0,No,Off-road,Dry,58107.6,57757.3,218.3,1.59
Sedan,Hybrid,Manual,Japan,413,462,187,11.22,32.21,1854,4.62,driven,Michelin,195/65R15,Carbon Black,Asymmetric,-0.33,8.5,No,Smooth,Dry,40403.7,7328.7,20615.5,7.44
Hatchback,Hybrid,Manual,USA,220,224,159,12.63,38.47,2237,5.55,driven,Continental,245/40R18,Dual Compound,Symmetric,1.71,8.5,Yes,Rough,Rainy,41278.9,7201.4,21240.3,7.19
Truck,Hybrid,Automatic,India,234,153,141,8.75,51.38,1584,5.58,dead,Michelin,205/55R16,Carbon Black,Directional,-2.82,8.5,No,Off-road,Humid,60329.9,1980.2,36369.1,8.37
SUV,Diesel,Manual,UK,341,499,227,13.94,22.54,1942,6.22,driven,Pirelli,205/55R16,Silica Compound,Symmetric,0.52,8.0,No,Rough,Dry,66646.1,65935.5,442.9,1.52
SUV,Hybrid,Automatic,UK,352,229,170,13.8,47.24,1615,4.7,driven,Michelin,225/65R17,Carbon Black,Symmetric,0.57,7.5,No,Off-road,Dry,65654.9,22849.2,26680.5,5.34
Coupe,Electric,Manual,USA,311,551,269,12.82,20.22,1157,4.98,driven,Bridgestone,225/65R17,Silica Compound,Asymmetric,2.57,8.5,No,Smooth,Dry,45044.4,34326.2,6680.5,3.16
SUV,Petrol,Automatic,UK,320,152,217,9.75,24.69,1271,5.31,dead,Goodyear,245/40R18,Dual Compound,Symmetric,-1.28,8.0,No,Off-road,Humid,67337.0,4020.7,39464.7,7.84
Coupe,Petrol,Manual,Japan,434,473,143,7.98,24.73,2261,6.23,dead,Continental,225/65R17,Dual Compound,Asymmetric,-1.33,8.5,No,Smooth,Dry,60889.1,18186.8,26616.1,6.56
Sedan,Hybrid,Automatic,Japan,416,350,267,7.64,50.1,2326,6.38,dead,Bridgestone,195/65R15,Carbon Black,Asymmetric,-0.36,7.5,No,Smooth,Dry,61489.8,38360.2,14416.5,3.83
Truck,Petrol,Manual,UK,337,436,273,4.12,22.96,1669,6.49,driven,Goodyear,195/65R15,Dual Compound,Directional,-0.86,8.5,No,Off-road,Cold,49121.2,25777.8,14549.8,5.0
Coupe,Diesel,Automatic,USA,328,385,170,6.49,46.48,1620,6.42,dead,Pirelli,205/55R16,Carbon Black,Symmetric,1.42,8.0,No,Off-road,Cold,61479.9,12772.3,30359.2,6.59
Sedan,Diesel,Manual,USA,156,301,277,11.19,33.47,1520,4.51,dead,Pirelli,205/55R16,Carbon Black,Directional,0.85,8.0,No,Smooth,Rainy,61293.2,28292.5,20569.2,5.05
SUV,Petrol,Manual,USA,259,459,160,10.04,54.96,2344,4.6,driven,Pirelli,225/65R17,Silica Compound,Directional,1.55,8.5,No,Rough,Dry,57840.0,6291.9,32129.6,7.66
SUV,Diesel,Manual,Germany,145,184,162,13.16,48.56,1058,4.8,dead,Michelin,225/65R17,Carbon Black,Symmetric,1.92,8.5,No,Rough,Humid,50718.7,27525.2,14456.4,5.08
Sedan,Petrol,Manual,UK,387,452,270,4.5,44.59,2381,5.2,driven,Pirelli,195/65R15,Silica Compound,Symmetric,2.54,8.0,No,Smooth,Rainy,64330.4,6236.3,36209.8,7.27
SUV,Petrol,Manual,USA,427,120,168,5.55,49.83,1703,6.16,driven,Pirelli,205/55R16,Carbon Black,Asymmetric,-0.41,8.5,No,Smooth,Rainy,68125.5,43323.4,15459.0,4.09
Sedan,Petrol,Manual,Japan,250,252,244,11.89,40.36,1647,6.29,driven,Michelin,225/65R17,Silica Compound,Symmetric,2.91,8.5,No,Off-road,Rainy,66096.7,10268.6,34797.3,7.6
Coupe,Hybrid,Manual,India,101,199,191,7.59,48.75,2274,4.87,driven,Goodyear,195/65R15,Dual Compound,Asymmetric,-1.71,8.5,No,Off-road,Dry,47289.4,25871.4,13349.7,4.77
Coupe,Petrol,Manual,India,446,390,254,5.18,25.45,1890,5.74,dead,Bridgestone,205/55R16,Carbon Black,Directional,1.29,7.5,Yes,Smooth,Rainy,53370.2,6891.2,28970.1,6.79
Sedan,Hybrid,Manual,USA,186,360,240,13.96,18.91,1435,6.33,dead,Continental,195/65R15,Silica Compound,Directional,0.2,7.5,No,Smooth,Humid,50272.4,20144.7,18778.5,5.09
Coupe,Petrol,Automatic,India,402,147,223,11.87,39.64,1145,5.43,dead,Pirelli,195/65R15,Carbon Black,Asymmetric,1.9,7.5,No,Rough,Cold,61224.4,21540.7,24734.7,5.32
Coupe,Petrol,Automatic,India,306,342,200,8.09,32.39,1858,4.71,driven,Pirelli,205/55R16,Silica Compound,Symmetric,-0.14,8.5,No,Rough,Cold,64944.7,49124.9,9860.4,3.29
Coupe,Petrol,Manual,Germany,295,142,264,12.23,32.06,1977,5.42,dead,Pirelli,195/65R15,Silica Compound,Symmetric,1.7,8.0,No,Rough,Dry,46473.9,29797.3,10394.4,3.98
Hatchback,Diesel,Automatic,Japan,148,228,210,10.81,36.07,2375,5.25,dead,Michelin,225/65R17,Carbon Black,Asymmetric,2.58,8.5,No,Smooth,Humid,68418.3,64114.0,2682.8,2.15
Truck,Hybrid,Manual,Japan,163,226,209,11.9,29.46,1244,5.66,driven,Michelin,195/65R15,Carbon Black,Directional,1.39,8.5,Yes,Smooth,Humid,60319.9,55609.5,2935.9,2.35
SUV,Hybrid,Manual,Germany,182,264,278,12.15,40.04,1300,5.38,driven,Michelin,225/65R17,Dual Compound,Asymmetric,1.66,7.5,No,Rough,Humid,46553.4,33751.1,7979.7,3.27
Hatchback,Petrol,Automatic,Germany,118,488,247,4.85,16.22,1437,4.53,dead,Continental,245/40R18,Dual Compound,Symmetric,-2.6,8.0,No,Rough,Dry,51132.8,39402.2,7311.6,3.13
Coupe,Petrol,Manual,India,92,473,160,10.23,53.8,1867,6.49,driven,Bridgestone,245/40R18,Dual Compound,Symmetric,-1.77,7.5,Yes,Off-road,Humid,43138.2,26957.6,10085.3,3.86
Sedan,Diesel,Manual,UK,376,516,270,4.07,51.99,1099,5.59,dead,Pirelli,245/40R18,Carbon Black,Asymmetric,2.85,8.0,No,Off-road,Cold,57912.1,40055.6,11129.8,3.63
Coupe,Diesel,Automatic,India,392,517,221,4.43,52.41,1724,5.45,driven,Goodyear,195/65R15,Dual Compound,Symmetric,1.16,8.5,No,Smooth,Humid,45075.7,27821.8,10754.3,4.34
Truck,Diesel,Automatic,Germany,260,258,227,13.04,29.6,1813,6.41,driven,Pirelli,245/40R18,Silica Compound,Directional,0.37,8.5,No,Off-road,Humid,60792.7,18953.0,26078.5,6.35
Coupe,Hybrid,Manual,Japan,347,403,250,9.28,36.28,1479,4.81,dead,Pirelli,245/40R18,Carbon Black,Asymmetric,-0.8,8.5,No,Smooth,Dry,62117.4,21783.9,25139.7,5.95
Sedan,Hybrid,Automatic,India,92,417,149,11.36,53.17,1414,4.88,driven,Pirelli,195/65R15,Silica Compound,Directional,-2.73,8.0,No,Smooth,Rainy,54380.0,31254.1,14414.3,4.26
Truck,Hybrid,Automatic,UK,199,599,151,12.39,51.09,1164,6.12,driven,Pirelli,205/55R16,Silica Compound,Directional,-0.79,7.5,No,Smooth,Rainy,42814.5,30834.0,7467.4,3.32
Coupe,Petrol,Manual,India,432,218,146,13.5,46.61,2325,5.02,driven,Bridgestone,195/65R15,Silica Compound,Asymmetric,-0.01,7.5,No,Rough,Dry,58326.2,23687.4,21590.2,5.09
Truck,Hybrid,Automatic,USA,136,436,253,12.69,31.29,1973,6.1,dead,Goodyear,225/65R17,Carbon Black,Asymmetric,-1.73,7.5,No,Off-road,Dry,51166.2,7299.8,27341.7,6.6
SUV,Electric,Automatic,India,119,242,165,8.83,37.57,2144,5.04,dead,Michelin,195/65R15,Carbon Black,Symmetric,-1.96,8.0,No,Off-road,Dry,68489.4,31465.2,23077.0,5.18
SUV,Electric,Manual,Germany,415,439,154,7.36,46.72,1087,4.57,dead,Goodyear,205/55R16,Dual Compound,Symmetric,0.05,8.0,No,Off-road,Dry,55396.2,53356.9,1271.1,1.79
Coupe,Diesel,Automatic,Japan,207,406,172,5.54,25.92,2240,5.53,driven,Pirelli,245/40R18,Dual Compound,Asymmetric,0.52,8.5,Yes,Off-road,Humid,42168.0,9027.6,20656.2,7.11
Truck,Hybrid,Automatic,Japan,252,200,201,8.0,40.06,1572,4.89,driven,Goodyear,195/65R15,Dual Compound,Asymmetric,-1.56,7.5,No,Rough,Humid,59081.5,38348.0,12923.1,3.74
Sedan,Electric,Manual,Germany,114,576,186,7.66,48.12,1813,6.02,driven,Pirelli,245/40R18,Dual Compound,Symmetric,0.52,8.0,No,Off-road,Rainy,63380.6,62274.1,689.7,1.77
Coupe,Diesel,Manual,USA,338,129,234,9.6,43.3,1178,5.78,driven,Goodyear,225/65R17,Silica Compound,Symmetric,2.4,7.5,No,Off-road,Dry,44815.1,16861.1,17423.6,5.35
SUV,Hybrid,Manual,Germany,84,127,174,10.66,34.18,1162,6.35,dead,Continental,205/55R16,Carbon Black,Symmetric,-0.16,7.5,No,Rough,Dry,53471.7,47476.7,3736.7,2.22
SUV,Petrol,Automatic,India,297,524,215,13.78,38.38,1592,6.07,dead,Goodyear,245/40R18,Dual Compound,Asymmetric,2.14,8.0,Yes,Off-road,Humid,62295.9,53824.2,5280.4,2.28
Coupe,Electric,Manual,Germany,90,324,262,11.28,54.55,2005,4.86,driven,Michelin,245/40R18,Silica Compound,Asymmetric,2.56,8.0,No,Off-road,Dry,40614.8,13770.2,16732.1,5.96
Truck,Petrol,Manual,Germany,406,434,222,10.44,39.08,2193,6.1,dead,Michelin,245/40R18,Carbon Black,Symmetric,-2.45,8.5,No,Rough,Cold,40869.1,4026.3,22963.9,7.91
SUV,Hybrid,Automatic,USA,196,553,164,7.35,46.42,1300,5.78,dead,Goodyear,245/40R18,Carbon Black,Directional,-2.43,8.5,No,Rough,Humid,60307.4,10767.2,30878.1,7.26
Truck,Electric,Manual,India,263,316,196,4.35,44.06,1373,5.84,dead,Goodyear,195/65R15,Carbon Black,Directional,-0.14,8.5,No,Rough,Cold,61753.8,22586.4,24412.8,5.95
SUV,Hybrid,Manual,UK,441,317,171,6.88,43.06,1707,6.16,driven,Bridgestone,205/55R16,Silica Compound,Symmetric,0.53,7.5,No,Rough,Humid,65376.1,62704.4,1665.2,1.76
SUV,Petrol,Manual,UK,195,149,202,11.68,43.65,1202,5.65,dead,Goodyear,205/55R16,Dual Compound,Asymmetric,-0.44,7.5,No,Smooth,Humid,51988.0,14268.1,23510.6,5.73
Hatchback,Electric,Manual,Japan,241,598,151,6.05,33.18,1046,5.43,dead,Michelin,245/40R18,Carbon Black,Asymmetric,-1.04,8.5,No,Rough,Humid,51693.3,47912.7,2356.4,2.29
SUV,Petrol,Automatic,Germany,146,520,202,11.12,33.97,1462,5.77,dead,Continental,205/55R16,Silica Compound,Directional,0.85,7.5,No,Off-road,Rainy,56571.0,10260.0,28865.4,6.4
Sedan,Hybrid,Manual,Japan,279,578,216,9.8,33.71,1407,5.1,dead,Michelin,245/40R18,Carbon Black,Symmetric,-2.99,7.5,No,Off-road,Rainy,62719.8,60826.4,1180.1,1.59
Coupe,Hybrid,Manual,USA,110,139,231,5.72,16.33,2217,4.87,dead,Bridgestone,225/65R17,Silica Compound,Directional,2.81,7.5,No,Off-road,Humid,59229.8,17390.1,26078.4,5.8
Coupe,Petrol,Automatic,UK,154,167,140,6.62,24.64,1426,5.73,driven,Goodyear,225/65R17,Dual Compound,Directional,-1.61,7.5,No,Off-road,Humid,49819.7,31540.5,11393.4,3.75
Truck,Electric,Manual,Germany,316,576,209,8.96,21.18,1929,4.97,dead,Continental,225/65R17,Dual Compound,Symmetric,2.5,8.0,No,Smooth,Humid,50396.4,3512.2,29222.7,7.64
SUV,Petrol,Automatic,USA,406,249,275,8.18,50.46,1316,4.66,dead,Michelin,205/55R16,Carbon Black,Directional,-2.35,8.0,No,Smooth,Humid,62890.1,18845.9,27452.5,5.95
Sedan,Hybrid,Automatic,USA,145,412,272,11.79,26.0,1420,4.5,driven,Continental,245/40R18,Dual Compound,Asymmetric,-1.57,8.5,No,Smooth,Dry,56039.4,11808.1,27569.2,7.14
Truck,Petrol,Automatic,Germany,149,504,225,11.34,20.54,2292,5.72,dead,Pirelli,195/65R15,Dual Compound,Directional,-1.59,8.5,No,Off-road,Dry,42939.3,146.7,26672.4,8.5
Hatchback,Hybrid,Manual,USA,376,251,178,9.75,19.79,1262,5.22,driven,Michelin,195/65R15,Silica Compound,Symmetric,2.98,7.5,No,Off-road,Dry,44589.8,6990.3,23435.6,6.56
Truck,Petrol,Automatic,Germany,99,475,162,12.22,43.0,2449,6.0,driven,Pirelli,225/65R17,Silica Compound,Asymmetric,-2.97,7.5,No,Rough,Rainy,65535.7,38869.5,16620.9,3.93
Truck,Electric,Automatic,Germany,305,173,207,9.63,15.24,1165,5.25,driven,Continental,225/65R17,Carbon Black,Asymmetric,0.84,8.0,No,Rough,Cold,69964.1,27280.4,26604.5,5.37
SUV,Electric,Automatic,India,278,497,143,13.64,33.85,1427,5.47,driven,Goodyear,205/55R16,Silica Compound,Directional,2.22,7.5,No,Off-road,Humid,50070.5,36179.5,8658.2,3.17
Hatchback,Petrol,Manual,Japan,118,400,265,6.17,19.75,1396,5.31,dead,Goodyear,195/65R15,Dual Compound,Asymmetric,1.03,7.5,No,Rough,Dry,51601.0,34628.2,10579.1,3.37
Truck,Petrol,Manual,USA,224,506,160,11.14,48.99,2239,5.8,dead,Goodyear,205/55R16,Silica Compound,Symmetric,-0.82,8.5,No,Rough,Dry,44634.6,35676.4,5583.6,3.18
Sedan,Electric,Manual,USA,124,384,244,7.7,53.34,1795,5.21,driven,Pirelli,225/65R17,Dual Compound,Directional,2.75,7.5,No,Off-road,Dry,47071.4,40812.1,3901.4,2.54
Sedan,Hybrid,Manual,India,405,589,205,6.79,53.35,1106,6.43,dead,Goodyear,245/40R18,Carbon Black,Asymmetric,2.36,8.0,No,Smooth,Humid,52738.9,43236.7,5922.7,3.0
Coupe,Electric,Manual,India,170,334,146,5.8,32.68,1097,6.37,driven,Bridgestone,245/40R18,Dual Compound,Symmetric,-0.4,7.5,No,Off-road,Humid,48531.7,21745.1,16695.9,4.73
Hatchback,Hybrid,Manual,India,317,579,188,9.53,40.78,2253,6.2,dead,Michelin,245/40R18,Silica Compound,Directional,0.44,7.5,No,Off-road,Cold,61042.7,18845.6,26301.3,5.57
Hatchback,Petrol,Manual,UK,149,577,155,6.15,38.99,2280,6.34,dead,Michelin,225/65R17,Silica Compound,Symmetric,2.81,7.5,No,Rough,Rainy,56135.5,28197.0,17413.9,4.55
Coupe,Petrol,Automatic,UK,245,409,223,6.0,29.0,1042,5.4,driven,Continental,205/55R16,Silica Compound,Asymmetric,2.9,7.5,No,Rough,Cold,64668.9,34606.2,18738.0,4.27
Truck,Hybrid,Automatic,UK,209,162,226,13.91,32.76,1241,5.57,dead,Pirelli,245/40R18,Silica Compound,Directional,-0.3,7.5,No,Off-road,Humid,61735.7,19334.1,26428.8,5.62
Hatchback,Petrol,Automatic,Germany,293,193,237,12.02,17.57,1094,5.98,driven,Michelin,195/65R15,Carbon Black,Directional,2.08,8.0,No,Smooth,Cold,43843.0,23675.5,12570.3,4.79
Sedan,Hybrid,Automatic,USA,419,469,214,11.48,46.83,1187,5.89,dead,Pirelli,195/65R15,Dual Compound,Asymmetric,-1.19,8.5,No,Off-road,Dry,43701.7,4622.7,24357.7,7.67
Sedan,Diesel,Manual,Japan,168,397,173,11.94,24.63,1384,6.28,dead,Continental,225/65R17,Silica Compound,Symmetric,-0.77,7.5,No,Smooth,Cold,66869.5,15449.6,32049.7,6.14
SUV,Electric,Automatic,Germany,414,445,165,13.69,33.42,1818,5.93,dead,Goodyear,195/65R15,Dual Compound,Asymmetric,-2.01,8.5,No,Smooth,Dry,64585.3,48183.8,10223.0,3.46
Hatchback,Diesel,Automatic,USA,331,361,205,9.73,34.22,2423,6.5,driven,Continental,195/65R15,Carbon Black,Directional,-1.74,8.5,No,Off-road,Cold,54037.5,9879.8,27523.3,7.36
Truck,Hybrid,Automatic,USA,448,249,264,6.2,37.43,2190,5.2,driven,Bridgestone,225/65R17,Dual Compound,Directional,0.94,8.0,No,Off-road,Dry,43910.9,6105.3,23564.1,7.02
Coupe,Electric,Automatic,India,428,469,202,12.62,47.72,2148,6.17,driven,Goodyear,205/55R16,Silica Compound,Asymmetric,0.06,8.5,No,Off-road,Cold,66957.3,19239.7,29742.1,6.69
Coupe,Hybrid,Manual,India,151,313,226,11.43,42.68,1086,5.9,dead,Goodyear,245/40R18,Dual Compound,Symmetric,-1.61,7.5,No,Smooth,Rainy,46921.0,17410.0,18394.1,5.3
Truck,Electric,Manual,Germany,244,151,180,8.14,41.52,1488,5.88,driven,Goodyear,225/65R17,Silica Compound,Asymmetric,-0.58,7.5,No,Rough,Cold,41066.0,13492.2,17186.6,5.45
SUV,Electric,Manual,India,128,225,237,8.74,36.07,1225,5.15,driven,Continental,195/65R15,Silica Compound,Symmetric,-0.76,7.5,No,Smooth,Humid,67727.2,25371.0,26400.4,5.23
Coupe,Electric,Automatic,USA,131,519,263,8.11,18.84,1344,6.07,driven,Bridgestone,245/40R18,Carbon Black,Symmetric,2.92,7.5,No,Smooth,Humid,64268.1,8991.9,34453.4,6.76
Hatchback,Electric,Manual,India,368,323,218,13.3,31.08,1517,6.3,dead,Pirelli,245/40R18,Carbon Black,Directional,2.12,8.0,No,Smooth,Dry,60804.5,10056.8,31630.8,7.15
SUV,Hybrid,Automatic,UK,357,120,149,7.44,53.29,2054,4.94,dead,Continental,245/40R18,Dual Compound,Symmetric,-0.67,8.5,No,Rough,Humid,41020.9,9674.2,19538.3,6.86
Hatchback,Electric,Manual,India,193,364,154,13.63,54.82,1295,5.75,dead,Michelin,225/65R17,Dual Compound,Directional,2.48,8.0,No,Smooth,Dry,55852.9,22452.4,20818.4,5.64
Sedan,Electric,Manual,USA,318,191,181,13.1,44.22,1413,5.28,dead,Michelin,245/40R18,Silica Compound,Symmetric,-0.94,8.5,No,Smooth,Rainy,59609.1,20022.6,24674.0,6.34
SUV,Diesel,Manual,Germany,212,551,232,10.31,24.1,1134,6.48,driven,Continental,205/55R16,Silica Compound,Symmetric,1.01,8.0,Yes,Smooth,Humid,62780.4,49680.3,8165.2,2.88
Coupe,Petrol,Manual,Japan,353,425,156,9.8,19.08,1524,5.46,dead,Pirelli,195/65R15,Silica Compound,Directional,2.8,8.0,No,Rough,Humid,54132.2,28447.4,16009.2,4.7
SUV,Petrol,Manual,India,245,516,148,7.7,31.59,2008,4.96,driven,Michelin,225/65R17,Silica Compound,Symmetric,-0.66,8.0,No,Smooth,Dry,68600.5,39493.4,18142.3,4.4
SUV,Diesel,Automatic,USA,372,134,253,4.18,49.26,1003,5.26,dead,Pirelli,225/65R17,Carbon Black,Asymmetric,1.08,7.5,No,Rough,Rainy,47343.4,26540.4,12966.4,4.11
SUV,Diesel,Manual,Japan,322,172,175,5.28,43.87,1177,5.81,driven,Goodyear,245/40R18,Silica Compound,Symmetric,-1.22,7.5,No,Rough,Rainy,42092.0,16785.3,15773.6,5.04
SUV,Hybrid,Automatic,Japan,399,547,175,11.54,50.36,1745,4.65,driven,Continental,195/65R15,Carbon Black,Directional,-1.4,8.0,No,Off-road,Cold,49983.0,49007.5,608.0,1.71
Hatchback,Hybrid,Automatic,UK,217,127,187,8.72,39.63,1258,5.71,dead,Goodyear,245/40R18,Dual Compound,Directional,0.44,8.5,No,Off-road,Dry,59854.1,2234.3,35914.2,8.21
Sedan,Hybrid,Automatic,Japan,158,449,190,5.5,20.21,1651,6.36,driven,Michelin,245/40R18,Dual Compound,Asymmetric,2.88,8.5,No,Off-road,Dry,62114.7,13406.7,30359.5,7.06
Truck,Diesel,Automatic,USA,249,165,236,6.64,19.59,2088,6.2,driven,Pirelli,225/65R17,Carbon Black,Symmetric,-0.28,7.5,No,Rough,Rainy,62154.9,17692.7,27713.1,6.01
SUV,Diesel,Automatic,USA,202,444,258,13.48,16.92,2386,4.64,driven,Goodyear,205/55R16,Silica Compound,Asymmetric,2.63,8.0,No,Off-road,Dry,43320.2,38178.0,3205.1,2.41
Coupe,Electric,Manual,India,255,233,234,7.67,37.68,2040,6.49,driven,Michelin,195/65R15,Dual Compound,Symmetric,2.49,7.5,No,Off-road,Humid,66552.7,61153.2,3365.5,2.17
SUV,Hybrid,Manual,India,379,266,209,13.08,24.72,2223,5.9,dead,Bridgestone,195/65R15,Carbon Black,Asymmetric,-1.48,7.5,No,Off-road,Humid,48425.0,40972.6,4645.1,2.48
Coupe,Hybrid,Manual,India,161,285,213,7.05,44.38,1543,4.82,dead,Goodyear,195/65R15,Dual Compound,Directional,-0.59,7.5,No,Rough,Humid,46297.3,19303.7,16825.0,5.29
Hatchback,Hybrid,Manual,Japan,166,498,219,9.43,42.45,2235,4.52,driven,Bridgestone,195/65R15,Silica Compound,Directional,0.86,8.0,No,Smooth,Dry,58433.7,53444.9,3109.5,2.07
Coupe,Petrol,Automatic,Japan,304,258,207,4.2,27.72,1434,4.84,dead,Bridgestone,205/55R16,Carbon Black,Asymmetric,0.11,8.0,No,Off-road,Cold,46355.5,4566.4,26046.9,7.16
Truck,Electric,Manual,UK,95,236,216,9.22,22.07,2296,6.18,driven,Michelin,225/65R17,Dual Compound,Symmetric,-2.42,7.5,No,Off-road,Cold,55241.2,36041.2,11967.2,3.61
Sedan,Hybrid,Manual,India,389,418,255,10.37,19.1,1289,4.54,driven,Continental,205/55R16,Silica Compound,Symmetric,2.96,8.0,No,Off-road,Rainy,52210.9,48933.3,2042.9,2.04
Coupe,Hybrid,Automatic,Germany,437,395,145,6.34,44.49,1802,4.97,dead,Pirelli,245/40R18,Carbon Black,Directional,1.52,8.5,No,Off-road,Dry,46961.0,35450.9,7174.2,3.52
Coupe,Hybrid,Automatic,UK,242,523,214,9.79,33.02,1482,6.01,driven,Michelin,225/65R17,Carbon Black,Symmetric,-0.37,8.5,No,Rough,Rainy,48761.8,13549.3,21947.8,6.8
Sedan,Petrol,Manual,Germany,177,396,227,10.47,27.94,1233,5.67,dead,Goodyear,205/55R16,Carbon Black,Asymmetric,0.71,7.5,No,Smooth,Dry,52822.2,37900.2,9300.8,3.04
Truck,Petrol,Manual,Japan,235,457,142,10.87,49.27,1407,6.07,driven,Pirelli,195/65R15,Carbon Black,Asymmetric,-2.47,8.5,No,Smooth,Cold,50384.8,14851.6,22147.7,6.48
SUV,Diesel,Automatic,UK,81,432,191,11.76,38.74,1693,5.99,dead,Continental,195/65R15,Dual Compound,Symmetric,-0.03,7.5,No,Off-road,Humid,51447.3,5740.6,28488.7,6.84
Coupe,Electric,Manual,UK,429,297,213,7.11,35.72,2169,4.6,dead,Michelin,225/65R17,Carbon Black,Directional,2.58,7.5,No,Smooth,Dry,62063.0,44512.9,10938.9,3.08
Sedan,Diesel,Manual,USA,248,449,264,9.68,44.74,1561,6.29,driven,Continental,205/55R16,Carbon Black,Directional,2.38,7.5,No,Off-road,Cold,45051.4,8074.4,23047.6,6.41
Hatchback,Electric,Manual,Japan,394,473,204,13.82,47.62,1429,4.95,dead,Goodyear,225/65R17,Carbon Black,Directional,-0.98,8.0,No,Off-road,Cold,58828.6,6533.8,32595.1,7.4
Sedan,Petrol,Manual,Japan,404,273,191,12.98,42.44,1431,5.61,driven,Michelin,195/65R15,Carbon Black,Directional,0.19,8.0,No,Smooth,Cold,60344.7,33295.8,16859.5,4.58
Hatchback,Hybrid,Automatic,UK,171,533,215,13.53,32.6,1496,5.79,dead,Goodyear,205/55R16,Carbon Black,Directional,1.18,8.0,No,Smooth,Humid,64062.6,39758.9,15148.4,4.07
Truck,Diesel,Automatic,Japan,260,320,228,7.86,30.17,1982,4.84,driven,Pirelli,195/65R15,Silica Compound,Asymmetric,-0.96,8.0,No,Rough,Cold,65419.8,3340.1,38694.0,7.84
SUV,Hybrid,Automatic,UK,310,485,211,11.87,45.87,2112,6.45,dead,Pirelli,225/65R17,Dual Compound,Symmetric,-2.61,7.5,No,Off-road,Rainy,44760.0,200.0,27774.0,7.5
Sedan,Diesel,Manual,USA,380,234,207,10.2,35.72,1996,5.48,dead,Continental,225/65R17,Silica Compound,Asymmetric,0.03,8.0,No,Smooth,Cold,44147.8,38941.5,3245.1,2.48
Coupe,Petrol,Manual,UK,227,278,277,4.83,43.18,2434,4.62,dead,Continental,225/65R17,Dual Compound,Directional,0.61,8.5,No,Rough,Cold,58443.1,6735.7,32229.0,7.63
Truck,Petrol,Manual,Japan,359,161,254,12.24,50.62,1896,6.37,driven,Pirelli,225/65R17,Carbon Black,Directional,-2.96,8.5,No,Smooth,Dry,62707.5,36614.8,16263.5,4.45
Sedan,Petrol,Manual,Japan,268,366,196,10.77,51.64,1826,5.67,dead,Bridgestone,225/65R17,Dual Compound,Symmetric,-2.43,8.0,No,Smooth,Dry,48169.8,45932.1,1394.7,2.11
Coupe,Diesel,Manual,UK,426,187,205,5.99,26.11,2264,5.9,driven,Pirelli,245/40R18,Carbon Black,Symmetric,-1.76,8.5,No,Off-road,Dry,55775.4,28552.0,16968.2,4.97
Sedan,Electric,Automatic,UK,429,564,229,4.8,22.52,1777,5.55,dead,Michelin,225/65R17,Carbon Black,Symmetric,-0.91,8.5,No,Rough,Cold,63167.2,8830.6,33867.7,7.65
Hatchback,Diesel,Manual,UK,393,564,189,12.37,25.45,1222,6.17,dead,Goodyear,225/65R17,Silica Compound,Asymmetric,0.25,8.0,No,Off-road,Cold,63025.1,24799.4,23825.9,5.43
Sedan,Electric,Manual,India,207,445,153,4.79,45.05,1467,4.57,driven,Pirelli,195/65R15,Silica Compound,Symmetric,-1.24,7.5,No,Smooth,Rainy,59614.6,37202.0,13969.6,3.79
Sedan,Diesel,Automatic,Japan,86,453,155,4.91,29.8,1568,5.04,dead,Pirelli,225/65R17,Silica Compound,Asymmetric,-1.34,7.5,No,Rough,Humid,42363.6,32316.7,6262.2,2.91
Sedan,Diesel,Manual,Japan,126,315,181,8.27,21.94,2345,5.44,driven,Goodyear,205/55R16,Dual Compound,Directional,2.22,7.5,No,Off-road,Cold,41519.3,25199.7,10172.0,3.93
Truck,Petrol,Automatic,India,132,209,249,5.35,18.94,1374,4.65,driven,Goodyear,225/65R17,Dual Compound,Asymmetric,-2.13,8.0,No,Rough,Humid,51653.4,1772.5,31090.5,7.85
Sedan,Hybrid,Automatic,UK,266,230,161,13.14,28.09,2135,5.91,driven,Michelin,245/40R18,Silica Compound,Symmetric,-0.03,7.5,No,Smooth,Cold,40800.6,5838.7,21791.6,6.58
Coupe,Hybrid,Automatic,USA,117,487,207,8.7,20.45,1526,5.29,driven,Goodyear,225/65R17,Silica Compound,Asymmetric,2.72,7.5,No,Rough,Humid,67124.3,24956.9,26282.7,5.34
Hatchback,Electric,Automatic,UK,305,478,158,9.69,21.25,1411,5.05,driven,Continental,195/65R15,Carbon Black,Asymmetric,0.75,8.5,No,Smooth,Dry,40604.3,28655.0,7447.9,3.59
Hatchback,Hybrid,Automatic,UK,132,264,205,13.28,42.36,1268,4.51,dead,Pirelli,205/55R16,Dual Compound,Asymmetric,1.3,7.5,No,Off-road,Cold,40888.4,23892.2,10593.6,4.17
Sedan,Diesel,Manual,India,303,394,212,9.3,15.79,1625,5.94,driven,Goodyear,205/55R16,Carbon Black,Symmetric,-0.41,8.0,No,Smooth,Rainy,44959.8,2009.5,26770.7,7.75
Truck,Diesel,Automatic,Japan,233,298,193,7.54,19.7,2275,6.17,dead,Michelin,225/65R17,Dual Compound,Asymmetric,-2.88,7.5,No,Smooth,Humid,58810.5,46865.2,7445.4,2.42
Truck,Petrol,Automatic,UK,127,360,251,11.97,48.77,2011,5.29,driven,Goodyear,225/65R17,Silica Compound,Symmetric,0.88,8.5,No,Rough,Dry,56246.6,34036.2,13843.6,4.25
Coupe,Petrol,Manual,Japan,430,445,157,8.43,48.8,2397,5.63,driven,Pirelli,225/65R17,Dual Compound,Asymmetric,0.79,8.5,No,Rough,Rainy,59784.6,53037.9,4205.2,2.54
Sedan,Hybrid,Manual,Germany,226,438,256,7.18,28.17,1449,4.96,dead,Bridgestone,225/65R17,Dual Compound,Asymmetric,-2.34,8.5,No,Off-road,Dry,66806.7,27902.0,24249.1,5.76
Hatchback,Electric,Automatic,Japan,143,596,224,11.23,18.52,1801,5.74,dead,Goodyear,195/65R15,Carbon Black,Asymmetric,-0.23,8.5,No,Rough,Cold,53648.4,26298.5,17047.0,5.13
Truck,Hybrid,Manual,USA,428,450,278,12.02,43.2,2391,4.52,driven,Continental,195/65R15,Silica Compound,Symmetric,2.49,7.5,No,Off-road,Rainy,41316.3,16755.8,15308.4,5.08
Sedan,Hybrid,Manual,USA,261,583,178,11.92,29.41,1821,5.48,driven,Pirelli,205/55R16,Silica Compound,Symmetric,-1.77,8.5,No,Smooth,Humid,62904.9,45445.9,10882.1,3.66
Truck,Hybrid,Automatic,UK,204,533,244,13.78,16.82,1254,5.79,dead,Michelin,225/65R17,Silica Compound,Symmetric,-0.23,8.5,No,Smooth,Humid,64358.9,48406.3,9943.2,3.52
Truck,Hybrid,Automatic,Japan,258,272,207,11.87,21.31,2486,6.34,dead,Pirelli,195/65R15,Carbon Black,Directional,-0.23,8.5,No,Rough,Rainy,41496.7,30012.1,7158.2,3.67
Hatchback,Diesel,Manual,UK,118,223,164,11.7,20.49,2291,5.26,driven,Bridgestone,195/65R15,Carbon Black,Symmetric,1.86,7.5,No,Smooth,Humid,47285.5,13788.4,20878.6,5.69
SUV,Electric,Automatic,India,339,194,262,12.57,38.56,1125,6.03,driven,Michelin,205/55R16,Carbon Black,Asymmetric,1.95,8.0,No,Smooth,Dry,63117.9,40145.0,14318.9,4.07
Coupe,Diesel,Automatic,USA,82,247,260,4.0,50.92,2416,5.7,driven,Bridgestone,205/55R16,Dual Compound,Directional,1.56,8.5,No,Off-road,Rainy,51284.7,17361.3,21144.3,5.98
Coupe,Electric,Manual,UK,143,318,200,7.62,46.72,1761,6.35,dead,Bridgestone,245/40R18,Dual Compound,Symmetric,-0.81,8.5,No,Rough,Humid,54179.5,45196.6,5599.0,2.8
Hatchback,Petrol,Automatic,India,108,273,239,11.38,36.86,1798,5.3,driven,Continental,195/65R15,Carbon Black,Symmetric,-2.57,8.5,No,Off-road,Dry,64695.3,3565.8,38101.7,8.19
Truck,Hybrid,Automatic,UK,90,175,190,10.0,31.89,2357,5.14,dead,Goodyear,205/55R16,Carbon Black,Directional,-0.9,7.5,No,Smooth,Humid,42838.6,1615.9,25693.9,7.15
Sedan,Diesel,Automatic,Japan,176,397,237,5.78,39.75,1564,6.27,dead,Continental,195/65R15,Silica Compound,Directional,1.08,7.5,No,Smooth,Dry,60318.5,6134.9,33772.4,6.9
Truck,Electric,Automatic,Japan,437,464,276,7.04,32.75,2391,4.6,driven,Continental,195/65R15,Dual Compound,Symmetric,1.22,8.5,No,Smooth,Cold,46449.5,9399.7,23093.0,7.18
Hatchback,Petrol,Automatic,Japan,282,138,141,7.37,24.84,1455,4.77,driven,Continental,225/65R17,Dual Compound,Directional,2.79,8.0,No,Rough,Dry,41879.5,1576.2,25120.9,7.68
Coupe,Petrol,Manual,Japan,100,278,144,9.68,42.17,2090,4.66,dead,Michelin,225/65R17,Silica Compound,Asymmetric,-0.28,8.5,No,Smooth,Humid,59874.9,4288.0,34647.0,8.03
Truck,Hybrid,Manual,Germany,118,145,225,12.32,49.93,2089,6.19,driven,Goodyear,225/65R17,Silica Compound,Asymmetric,0.79,8.0,No,Smooth,Dry,43642.4,13357.0,18876.7,5.92
Coupe,Electric,Automatic,India,302,545,272,13.32,29.91,1911,4.52,driven,Goodyear,225/65R17,Silica Compound,Asymmetric,0.24,8.0,No,Off-road,Humid,62410.2,6228.0,35018.1,7.46
Sedan,Diesel,Manual,India,181,288,207,11.5,48.66,1861,6.22,dead,Michelin,195/65R15,Carbon Black,Symmetric,-2.1,7.5,No,Rough,Rainy,46081.2,36960.5,5684.9,2.74
Coupe,Hybrid,Automatic,Japan,125,142,148,12.43,32.24,1616,5.4,driven,Continental,245/40R18,Carbon Black,Asymmetric,-0.23,7.5,No,Smooth,Rainy,41455.4,2233.1,24447.0,7.25
Coupe,Diesel,Automatic,Germany,145,166,232,8.7,31.05,1399,4.51,dead,Continental,245/40R18,Carbon Black,Directional,0.27,7.5,No,Off-road,Cold,42978.9,39021.8,2466.4,2.05
SUV,Petrol,Automatic,Japan,170,132,277,7.9,16.13,1286,5.3,dead,Bridgestone,245/40R18,Carbon Black,Asymmetric,2.7,8.0,Yes,Smooth,Dry,65238.1,56811.9,5252.0,2.26
SUV,Diesel,Automatic,Germany,243,336,264,7.93,42.81,1185,4.87,driven,Bridgestone,195/65R15,Carbon Black,Directional,-0.8,8.0,No,Off-road,Cold,51129.0,10654.5,25227.6,6.65
SUV,Diesel,Automatic,Japan,190,441,200,10.16,47.3,1283,5.75,dead,Pirelli,245/40R18,Dual Compound,Asymmetric,2.88,8.0,No,Smooth,Rainy,49068.0,3509.7,28396.3,7.71
Coupe,Hybrid,Manual,USA,417,313,190,5.24,41.54,1649,5.86,dead,Bridgestone,195/65R15,Dual Compound,Directional,0.25,7.5,No,Rough,Dry,54736.0,5776.6,30516.2,6.97
Hatchback,Diesel,Manual,USA,202,263,149,9.79,21.05,1690,5.48,driven,Goodyear,205/55R16,Dual Compound,Asymmetric,-1.55,7.5,No,Rough,Dry,58988.0,32979.5,16211.0,4.32
Coupe,Hybrid,Automatic,UK,272,192,273,10.65,19.13,1236,4.58,dead,Michelin,245/40R18,Silica Compound,Asymmetric,-1.85,7.5,No,Off-road,Cold,41113.1,24705.5,10226.8,3.9
Hatchback,Petrol,Manual,Japan,178,275,201,8.39,37.91,2041,5.81,driven,Continental,195/65R15,Dual Compound,Asymmetric,-2.15,8.5,Yes,Smooth,Cold,66945.7,21126.9,28558.6,6.28
Hatchback,Hybrid,Automatic,India,370,196,252,13.53,31.06,1814,6.18,dead,Pirelli,205/55R16,Silica Compound,Directional,-0.28,8.0,No,Rough,Dry,68754.4,20408.6,30133.7,6.16
SUV,Hybrid,Manual,UK,238,538,272,10.08,32.16,1927,5.94,dead,Bridgestone,225/65R17,Dual Compound,Directional,-2.87,8.0,No,Smooth,Dry,52519.2,27914.0,15336.3,4.58
Truck,Electric,Automatic,USA,182,288,261,6.2,53.71,1413,6.16,dead,Pirelli,205/55R16,Carbon Black,Asymmetric,-0.33,8.5,No,Rough,Dry,52378.9,16008.5,22669.5,6.37
Sedan,Diesel,Manual,Japan,360,580,262,8.79,43.96,1008,4.9,dead,Michelin,205/55R16,Dual Compound,Directional,2.93,8.0,No,Off-road,Cold,66356.8,61998.4,2716.5,1.85
SUV,Petrol,Automatic,UK,122,406,202,10.75,31.47,1419,6.28,dead,Michelin,245/40R18,Carbon Black,Directional,1.02,8.0,No,Rough,Humid,52879.4,20233.3,20348.1,5.58
SUV,Hybrid,Automatic,Japan,163,204,250,7.24,15.76,1028,5.14,dead,Pirelli,225/65R17,Carbon Black,Symmetric,1.56,8.5,No,Smooth,Rainy,65685.7,14438.6,31942.0,7.1
Truck,Petrol,Manual,USA,270,535,228,4.8,16.36,1347,4.53,dead,Pirelli,225/65R17,Dual Compound,Asymmetric,-2.29,8.0,No,Smooth,Rainy,40850.1,5962.7,21745.2,6.95
Sedan,Electric,Manual,UK,130,301,190,9.83,42.39,1660,6.19,driven,Pirelli,245/40R18,Dual Compound,Directional,-0.16,7.5,No,Smooth,Cold,54689.5,34547.8,12554.2,3.86
Coupe,Diesel,Automatic,USA,289,575,271,13.48,48.51,1575,6.38,dead,Continental,205/55R16,Carbon Black,Directional,-1.28,8.5,No,Off-road,Dry,68572.9,22400.1,28779.2,6.3
Coupe,Hybrid,Manual,Germany,205,434,243,8.85,43.31,1449,5.81,driven,Goodyear,195/65R15,Silica Compound,Directional,2.36,8.0,No,Off-road,Rainy,47584.1,8983.6,24059.5,6.8
SUV,Diesel,Automatic,USA,148,416,262,13.06,31.24,1379,4.96,dead,Bridgestone,245/40R18,Silica Compound,Directional,-1.91,7.5,Yes,Smooth,Rainy,47984.6,13234.9,21659.3,5.72
Sedan,Electric,Manual,Japan,344,231,187,12.35,16.25,1698,5.0,dead,Bridgestone,205/55R16,Dual Compound,Symmetric,-0.25,8.0,No,Smooth,Rainy,58903.7,18135.4,25410.7,6.08
SUV,Electric,Manual,India,337,569,171,5.47,53.7,1365,5.43,driven,Bridgestone,195/65R15,Carbon Black,Directional,0.53,8.5,No,Rough,Rainy,67785.7,42422.6,15808.7,4.13
Hatchback,Petrol,Automatic,USA,267,349,259,11.08,54.45,2250,6.3,driven,Pirelli,245/40R18,Silica Compound,Directional,0.08,7.5,No,Rough,Dry,45962.3,8028.8,23643.8,6.36
SUV,Hybrid,Manual,India,309,215,238,8.35,36.97,2141,4.8,driven,Pirelli,245/40R18,Dual Compound,Symmetric,1.98,8.0,No,Rough,Cold,67649.5,49573.8,11266.5,3.14
SUV,Petrol,Manual,Germany,268,557,213,6.5,17.83,1411,6.15,dead,Pirelli,225/65R17,Dual Compound,Asymmetric,-1.61,8.5,No,Smooth,Dry,59890.1,18259.4,25948.2,6.7
Coupe,Electric,Automatic,UK,89,287,173,10.87,36.64,1950,5.08,driven,Continental,225/65R17,Carbon Black,Asymmetric,-0.74,8.0,No,Rough,Dry,69791.4,34079.8,22258.9,4.87
Coupe,Diesel,Manual,UK,193,497,209,11.43,50.69,1355,6.12,dead,Continental,225/65R17,Silica Compound,Symmetric,1.75,8.0,No,Smooth,Rainy,62093.8,40661.4,13358.7,3.75
Coupe,Petrol,Automatic,India,155,275,249,5.8,42.2,1253,6.34,dead,Continental,195/65R15,Dual Compound,Asymmetric,0.17,7.5,No,Off-road,Rainy,60034.0,32635.7,17077.2,4.23
Hatchback,Petrol,Automatic,UK,243,540,155,13.14,43.8,1726,5.35,driven,Continental,245/40R18,Silica Compound,Asymmetric,-0.59,8.0,No,Rough,Dry,64447.1,42679.0,13567.9,3.71
Coupe,Diesel,Automatic,USA,164,224,198,11.51,18.4,2467,5.23,dead,Michelin,225/65R17,Dual Compound,Symmetric,-2.82,8.5,No,Smooth,Dry,45254.2,14598.8,19107.4,6.29
Sedan,Petrol,Automatic,India,128,312,158,13.33,19.26,1680,6.1,driven,Continental,225/65R17,Dual Compound,Directional,1.52,8.5,No,Smooth,Dry,68379.6,65880.3,1557.8,1.99
Truck,Diesel,Automatic,Japan,405,449,234,7.17,20.09,2104,5.56,driven,Continental,245/40R18,Silica Compound,Symmetric,2.83,7.5,No,Off-road,Humid,44967.9,20639.8,15163.6,4.71
Sedan,Hybrid,Manual,USA,256,558,252,13.39,51.18,2069,5.87,driven,Continental,195/65R15,Silica Compound,Symmetric,0.72,7.5,No,Off-road,Rainy,40770.1,13125.3,17230.9,5.58
Sedan,Diesel,Automatic,USA,297,251,180,7.69,36.03,2072,5.75,driven,Bridgestone,225/65R17,Carbon Black,Symmetric,2.14,8.0,No,Off-road,Cold,60935.7,18061.0,26723.6,6.34
Coupe,Hybrid,Automatic,USA,268,474,220,4.54,46.66,2472,4.81,dead,Bridgestone,205/55R16,Carbon Black,Symmetric,0.1,8.5,No,Off-road,Cold,45537.9,1944.2,27171.7,8.03
Truck,Diesel,Manual,Japan,425,501,242,11.63,19.61,1809,6.19,dead,Bridgestone,195/65R15,Carbon Black,Symmetric,-1.61,7.5,No,Rough,Cold,62762.6,42980.2,12330.3,3.28
Truck,Electric,Manual,Germany,309,257,193,11.04,52.11,2430,4.89,driven,Goodyear,225/65R17,Carbon Black,Directional,-2.91,8.0,No,Off-road,Humid,63851.2,16761.9,29350.5,6.37
Truck,Electric,Manual,UK,334,550,234,9.98,47.85,2306,6.36,driven,Michelin,205/55R16,Silica Compound,Asymmetric,0.92,8.0,No,Smooth,Humid,47101.0,45166.5,1205.7,2.0
Hatchback,Hybrid,Automatic,India,315,450,201,8.9,23.99,1472,5.0,dead,Pirelli,225/65R17,Carbon Black,Symmetric,-0.04,8.5,No,Smooth,Cold,42601.6,8965.3,20965.4,7.37
Coupe,Hybrid,Automatic,Germany,105,389,238,4.32,49.97,1415,5.97,dead,Continental,195/65R15,Silica Compound,Directional,1.69,8.5,No,Smooth,Cold,55024.6,29135.1,16136.8,4.94
Truck,Electric,Automatic,India,151,157,232,10.25,25.54,1978,5.07,driven,Bridgestone,245/40R18,Dual Compound,Symmetric,1.17,8.0,No,Smooth,Cold,66706.6,49060.7,10998.6,3.17
Hatchback,Hybrid,Manual,UK,340,515,204,8.17,23.21,1599,5.14,dead,Michelin,245/40R18,Silica Compound,Directional,2.93,8.5,No,Smooth,Dry,65418.7,56921.8,5296.1,2.73
SUV,Diesel,Automatic,Japan,333,164,207,9.6,25.57,2144,5.12,dead,Continental,195/65R15,Carbon Black,Asymmetric,0.06,8.0,No,Off-road,Rainy,43512.5,6808.0,22877.7,7.01
SUV,Diesel,Manual,USA,350,520,167,8.29,51.4,2026,6.0,dead,Goodyear,225/65R17,Silica Compound,Directional,-0.44,8.0,No,Smooth,Humid,68943.5,67937.0,627.3,1.7
Hatchback,Electric,Automatic,USA,202,583,157,13.66,51.62,2339,5.61,dead,Pirelli,195/65R15,Silica Compound,Directional,-1.28,8.5,Yes,Off-road,Humid,47918.5,43450.0,2785.2,2.14
Hatchback,Petrol,Manual,Japan,223,282,165,10.04,28.16,1459,6.27,driven,Continental,205/55R16,Silica Compound,Asymmetric,-0.14,7.5,No,Off-road,Dry,50481.7,48606.3,1168.9,1.84
Coupe,Diesel,Automatic,Germany,336,569,243,11.49,43.22,2250,5.11,dead,Pirelli,225/65R17,Silica Compound,Asymmetric,2.24,8.0,No,Off-road,Humid,44471.5,37919.6,4083.8,2.45
Coupe,Hybrid,Automatic,Germany,223,450,194,13.36,42.03,1078,5.88,driven,Continental,195/65R15,Silica Compound,Directional,-2.75,8.5,No,Off-road,Cold,51334.1,45054.4,3914.1,2.59
SUV,Petrol,Automatic,India,338,372,258,9.92,47.26,1774,6.01,driven,Goodyear,245/40R18,Carbon Black,Symmetric,2.87,8.0,Yes,Rough,Humid,59069.2,35372.4,14770.1,4.17
Truck,Petrol,Manual,Japan,126,288,263,4.12,26.86,2094,4.8,driven,Michelin,195/65R15,Silica Compound,Symmetric,2.96,8.0,No,Rough,Dry,55182.3,46646.2,5320.5,2.61
SUV,Diesel,Manual,Germany,430,570,273,4.34,35.41,1895,5.3,dead,Pirelli,225/65R17,Carbon Black,Asymmetric,0.59,8.0,Yes,Rough,Rainy,64826.2,34618.0,18828.6,4.59
Truck,Diesel,Automatic,Japan,92,404,268,11.02,41.71,2220,5.47,dead,Pirelli,195/65R15,Dual Compound,Symmetric,-1.01,8.5,No,Rough,Cold,59239.0,31883.5,17050.6,4.76
Truck,Petrol,Automatic,UK,287,393,147,6.79,16.05,1057,5.21,driven,Michelin,245/40R18,Silica Compound,Asymmetric,-1.66,8.5,No,Rough,Humid,47906.3,26951.1,13061.3,4.59
Coupe,Petrol,Automatic,USA,390,139,190,9.79,30.07,2447,5.14,dead,Pirelli,205/55R16,Dual Compound,Directional,-1.34,8.5,No,Smooth,Cold,56723.1,56514.3,130.2,1.82
Sedan,Electric,Manual,USA,314,358,224,6.02,42.84,2492,5.87,driven,Bridgestone,195/65R15,Carbon Black,Directional,-2.7,7.5,No,Rough,Rainy,41925.7,4376.8,23404.0,6.87
Sedan,Hybrid,Automatic,USA,228,389,164,6.7,25.1,1623,4.93,driven,Michelin,195/65R15,Silica Compound,Symmetric,-0.15,8.0,No,Smooth,Humid,57423.7,46261.1,6957.6,2.78
Hatchback,Electric,Automatic,Japan,401,537,222,9.05,53.31,1047,5.92,dead,Goodyear,205/55R16,Dual Compound,Asymmetric,-2.66,7.5,Yes,Smooth,Cold,51689.9,14127.5,23412.5,5.81
Coupe,Diesel,Automatic,Japan,234,552,232,13.76,16.21,2458,6.37,dead,Continental,195/65R15,Carbon Black,Symmetric,1.31,8.0,No,Off-road,Dry,42952.0,15515.4,17101.1,5.76
Truck,Electric,Automatic,India,245,429,256,10.16,53.32,2208,5.63,dead,Continental,245/40R18,Dual Compound,Symmetric,-0.77,8.5,No,Off-road,Dry,49223.9,3964.2,28210.2,7.88
Sedan,Electric,Manual,USA,169,150,277,13.36,23.67,1838,5.72,driven,Michelin,205/55R16,Silica Compound,Directional,-1.8,8.0,Yes,Off-road,Rainy,66942.6,23535.3,27055.6,5.91
Truck,Electric,Manual,India,265,433,195,13.59,16.95,1164,4.64,driven,Bridgestone,245/40R18,Silica Compound,Symmetric,0.27,8.0,No,Rough,Rainy,57581.1,57049.2,331.5,1.64
Sedan,Electric,Automatic,USA,397,223,151,6.08,26.7,2354,6.23,dead,Goodyear,245/40R18,Silica Compound,Directional,2.84,8.0,No,Smooth,Rainy,67097.9,26642.5,25215.7,5.42
Sedan,Hybrid,Automatic,India,437,289,259,7.11,46.45,1329,5.07,driven,Continental,245/40R18,Carbon Black,Asymmetric,1.17,7.5,No,Rough,Humid,52324.1,35040.8,10772.6,3.54
Sedan,Hybrid,Manual,India,253,305,210,11.7,45.1,2144,5.73,driven,Continental,225/65R17,Dual Compound,Symmetric,-0.05,8.5,No,Off-road,Rainy,69367.3,8373.5,38017.1,7.65
Coupe,Petrol,Manual,UK,296,247,156,12.67,23.35,1212,6.46,driven,Bridgestone,205/55R16,Carbon Black,Directional,1.66,8.5,No,Off-road,Humid,50800.6,46863.4,2454.0,2.27
SUV,Diesel,Automatic,India,343,329,261,9.19,22.87,1506,5.69,dead,Pirelli,225/65R17,Dual Compound,Symmetric,1.42,8.0,No,Smooth,Cold,62704.1,51903.1,6732.3,2.7
Truck,Electric,Manual,Japan,176,533,263,13.93,40.7,1915,5.95,dead,Michelin,225/65R17,Carbon Black,Asymmetric,2.35,8.5,No,Smooth,Dry,49162.1,18991.0,18805.5,5.7
Coupe,Petrol,Manual,India,196,400,149,4.12,33.32,1800,5.39,dead,Bridgestone,195/65R15,Silica Compound,Symmetric,-1.77,7.5,Yes,Off-road,Cold,43179.7,15046.5,17535.3,5.3
Coupe,Petrol,Automatic,USA,278,566,170,7.0,46.69,1167,4.62,driven,Bridgestone,205/55R16,Dual Compound,Symmetric,2.15,7.5,No,Rough,Dry,64991.7,28093.8,22998.3,4.94
Coupe,Petrol,Manual,India,399,372,199,10.23,15.97,1994,6.1,dead,Bridgestone,195/65R15,Dual Compound,Directional,-1.19,8.5,No,Rough,Rainy,62877.4,25230.1,23465.4,5.73
Coupe,Hybrid,Manual,Germany,100,138,209,8.69,39.42,1829,4.57,driven,Bridgestone,225/65R17,Dual Compound,Asymmetric,2.65,7.5,Yes,Smooth,Cold,64618.9,16675.0,29883.2,6.16
Coupe,Electric,Automatic,USA,279,319,156,5.17,44.23,1995,5.9,driven,Pirelli,195/65R15,Carbon Black,Asymmetric,-1.31,7.5,No,Off-road,Cold,48990.8,48542.4,279.5,1.48
Hatchback,Electric,Automatic,Germany,420,339,189,7.68,54.74,1986,4.55,driven,Goodyear,245/40R18,Silica Compound,Asymmetric,2.56,8.5,No,Rough,Rainy,61109.8,49532.4,7216.2,2.86
Truck,Diesel,Manual,USA,327,255,176,4.25,42.15,1786,6.22,dead,Bridgestone,225/65R17,Dual Compound,Symmetric,2.78,8.5,No,Smooth,Cold,46597.7,12484.6,21262.5,6.68
Coupe,Electric,Automatic,Japan,355,342,257,10.43,24.27,1426,4.82,driven,Bridgestone,245/40R18,Carbon Black,Directional,-2.13,8.0,No,Smooth,Humid,40339.3,39602.1,459.5,1.74
Truck,Electric,Manual,Japan,343,122,219,12.93,19.33,2244,5.53,dead,Michelin,205/55R16,Dual Compound,Symmetric,2.85,8.0,No,Smooth,Dry,65994.7,1024.9,40495.3,7.99
Hatchback,Petrol,Automatic,Japan,137,570,150,12.85,40.64,2015,5.69,driven,Continental,195/65R15,Silica Compound,Symmetric,-2.49,7.5,No,Rough,Rainy,55705.8,24393.4,19516.8,4.62
Hatchback,Diesel,Manual,Germany,381,355,273,11.0,35.93,2033,5.42,dead,Pirelli,225/65R17,Dual Compound,Symmetric,-1.69,8.5,No,Smooth,Humid,69509.6,39584.7,18652.0,4.78
Truck,Electric,Automatic,UK,110,461,262,8.66,50.97,2143,5.18,dead,Bridgestone,205/55R16,Silica Compound,Asymmetric,-0.33,7.5,No,Rough,Humid,51551.1,1937.6,30923.8,7.14
Sedan,Hybrid,Manual,USA,328,584,174,9.12,44.06,2270,5.44,dead,Goodyear,245/40R18,Carbon Black,Directional,2.96,8.5,No,Smooth,Rainy,68706.2,11064.3,35927.9,7.51
SUV,Electric,Manual,Japan,172,347,172,5.37,35.39,2383,5.12,dead,Goodyear,195/65R15,Carbon Black,Asymmetric,-0.07,7.5,No,Rough,Cold,58451.7,15088.2,27028.3,6.15
Sedan,Petrol,Manual,USA,344,520,157,7.41,31.14,2244,5.38,dead,Goodyear,195/65R15,Silica Compound,Symmetric,0.3,7.5,Yes,Off-road,Dry,55366.2,39876.2,9654.8,3.25
Sedan,Hybrid,Automatic,Germany,350,261,152,5.88,31.17,1772,5.22,dead,Michelin,225/65R17,Silica Compound,Symmetric,1.17,7.5,No,Rough,Humid,49084.3,46126.6,1843.5,1.75
Sedan,Petrol,Automatic,UK,173,128,229,12.21,24.05,2081,5.63,dead,Goodyear,195/65R15,Carbon Black,Directional,2.81,8.0,No,Off-road,Cold,64758.3,40443.8,15155.1,3.98
Coupe,Electric,Manual,Germany,233,309,249,13.15,15.69,2483,4.98,dead,Michelin,195/65R15,Silica Compound,Asymmetric,1.7,8.5,No,Smooth,Rainy,64863.8,36496.4,17681.3,4.75
Hatchback,Hybrid,Manual,USA,364,469,140,9.37,38.0,2151,6.48,driven,Pirelli,245/40R18,Silica Compound,Symmetric,-1.66,7.5,No,Rough,Rainy,52507.9,28184.1,15160.9,4.28
Sedan,Diesel,Automatic,UK,159,524,202,11.28,23.5,1716,5.5,driven,Goodyear,245/40R18,Dual Compound,Symmetric,-1.18,8.0,No,Smooth,Dry,61818.8,21680.1,25018.3,5.65
Hatchback,Diesel,Automatic,UK,371,579,173,5.21,23.33,1085,4.89,driven,Continental,245/40R18,Carbon Black,Directional,-2.41,7.5,No,Off-road,Rainy,53417.1,44214.1,5736.2,2.54
Truck,Hybrid,Automatic,Germany,163,284,242,10.09,20.02,1103,5.45,driven,Bridgestone,205/55R16,Carbon Black,Symmetric,0.87,7.5,No,Smooth,Dry,62189.8,33630.2,17801.0,4.2
SUV,Hybrid,Automatic,Japan,444,599,149,11.03,22.58,1142,6.23,driven,Pirelli,205/55R16,Silica Compound,Asymmetric,-1.92,8.5,No,Smooth,Rainy,69825.7,16067.1,33507.5,7.0
Truck,Petrol,Automatic,USA,116,258,267,8.53,16.27,1204,4.54,dead,Continental,195/65R15,Silica Compound,Asymmetric,-1.46,7.5,No,Smooth,Rainy,47874.9,6550.8,25757.1,6.57
Truck,Hybrid,Automatic,India,421,395,146,6.43,41.97,1640,5.86,dead,Pirelli,205/55R16,Silica Compound,Symmetric,2.33,8.5,Yes,Off-road,Humid,59021.6,58166.5,533.0,1.61
Coupe,Petrol,Manual,India,406,410,195,12.77,31.06,2061,5.6,dead,Goodyear,225/65R17,Carbon Black,Symmetric,-1.04,8.0,No,Off-road,Cold,51396.3,898.1,31475.3,7.79
SUV,Electric,Automatic,Germany,311,172,219,11.43,37.46,2386,4.84,dead,Pirelli,245/40R18,Dual Compound,Symmetric,0.4,8.0,No,Rough,Humid,56451.1,52693.8,2342.0,1.86
Truck,Petrol,Manual,USA,172,294,151,13.0,40.48,2332,6.13,dead,Pirelli,205/55R16,Carbon Black,Directional,-0.61,7.5,No,Rough,Dry,66224.4,14457.0,32266.4,6.13
Truck,Hybrid,Automatic,USA,415,229,187,12.18,53.9,2075,5.24,driven,Pirelli,195/65R15,Dual Compound,Directional,-2.56,8.0,No,Rough,Humid,50427.3,33158.4,10763.6,3.86
SUV,Hybrid,Automatic,Germany,181,322,165,13.9,17.73,1000,5.09,driven,Michelin,245/40R18,Silica Compound,Asymmetric,-0.82,8.5,No,Rough,Rainy,42171.6,12716.1,18359.5,6.41
SUV,Electric,Manual,USA,245,555,251,5.92,31.72,1010,6.16,dead,Continental,205/55R16,Carbon Black,Asymmetric,-0.55,8.5,No,Smooth,Rainy,63968.1,55000.5,5589.5,2.65
Truck,Hybrid,Manual,Japan,238,255,261,4.87,24.84,1746,5.78,driven,Goodyear,245/40R18,Dual Compound,Symmetric,2.37,8.0,No,Off-road,Cold,56650.7,30786.6,16121.0,4.42
SUV,Hybrid,Automatic,Germany,93,123,151,7.37,34.07,2237,6.3,driven,Bridgestone,205/55R16,Carbon Black,Symmetric,-1.05,8.5,No,Off-road,Dry,53482.0,7544.1,28632.9,7.54
Truck,Diesel,Manual,Japan,304,274,181,5.29,51.82,1955,5.76,dead,Goodyear,195/65R15,Dual Compound,Symmetric,-0.72,8.5,No,Smooth,Rainy,45500.0,12277.5,20707.4,6.57
Truck,Diesel,Manual,USA,152,291,200,9.23,43.96,1754,5.98,dead,Goodyear,205/55R16,Dual Compound,Directional,1.7,7.5,No,Rough,Cold,42785.6,13705.0,18125.8,5.46
Coupe,Electric,Manual,Germany,328,543,197,10.33,41.48,1517,6.17,driven,Michelin,205/55R16,Carbon Black,Directional,1.55,7.5,No,Off-road,Cold,48362.1,42845.0,3438.7,2.16
Sedan,Petrol,Manual,USA,170,477,173,9.78,32.65,2438,4.61,driven,Michelin,205/55R16,Silica Compound,Symmetric,1.79,8.5,No,Smooth,Rainy,61567.1,47205.9,8951.3,3.22
Truck,Diesel,Automatic,Germany,295,166,146,6.59,41.84,2031,6.05,dead,Pirelli,245/40R18,Carbon Black,Symmetric,2.72,8.0,No,Smooth,Rainy,52353.1,43431.5,5560.8,2.41
Hatchback,Petrol,Manual,USA,169,213,248,13.09,16.3,1004,5.73,driven,Goodyear,205/55R16,Silica Compound,Asymmetric,1.77,8.5,No,Rough,Dry,57106.8,2984.0,33734.5,8.14
Sedan,Hybrid,Automatic,Japan,108,547,174,4.21,38.45,2385,4.64,dead,Continental,205/55R16,Dual Compound,Directional,-0.55,7.5,No,Rough,Cold,42461.4,24575.9,11147.9,3.93
Sedan,Diesel,Automatic,Japan,384,167,154,7.48,37.15,1693,5.52,driven,Michelin,205/55R16,Dual Compound,Symmetric,1.93,8.0,No,Off-road,Cold,43697.3,43661.3,22.4,1.5
Sedan,Electric,Automatic,USA,299,359,164,11.19,28.87,1111,4.66,driven,Michelin,245/40R18,Carbon Black,Directional,0.05,8.5,No,Off-road,Cold,40339.2,31674.3,5400.8,3.3
Coupe,Electric,Automatic,Germany,407,466,198,11.67,23.06,2003,5.97,dead,Continental,195/65R15,Carbon Black,Symmetric,-1.33,8.0,No,Rough,Dry,60198.5,7266.4,32992.3,7.31
Truck,Electric,Manual,India,294,332,218,8.16,47.3,1272,5.59,driven,Michelin,195/65R15,Silica Compound,Symmetric,-1.18,8.0,No,Off-road,Cold,47933.6,32538.2,9595.9,3.69
Coupe,Diesel,Manual,Japan,300,555,225,4.17,17.15,1421,6.41,dead,Continental,195/65R15,Silica Compound,Asymmetric,-1.66,8.0,No,Rough,Humid,69007.8,51433.2,10954.2,3.24
Truck,Petrol,Automatic,Japan,121,459,273,10.18,17.79,1264,4.87,driven,Bridgestone,205/55R16,Carbon Black,Asymmetric,-2.13,8.5,No,Smooth,Humid,49253.7,25328.6,14912.4,5.06
Coupe,Hybrid,Automatic,India,214,443,227,4.63,32.62,2481,5.71,driven,Continental,245/40R18,Silica Compound,Asymmetric,-1.89,7.5,No,Smooth,Cold,50908.5,4009.2,29232.1,6.99
Coupe,Petrol,Automatic,USA,121,258,210,5.08,25.1,1211,4.92,dead,Bridgestone,195/65R15,Silica Compound,Symmetric,-2.62,8.0,No,Smooth,Humid,54084.7,1876.0,32541.4,7.79
Hatchback,Petrol,Automatic,Germany,243,324,260,10.5,44.82,2101,5.73,driven,Pirelli,195/65R15,Carbon Black,Asymmetric,2.33,8.0,No,Off-road,Humid,49574.2,46491.2,1921.6,1.96
Coupe,Hybrid,Manual,USA,440,500,232,7.12,40.37,1781,5.95,dead,Pirelli,195/65R15,Carbon Black,Symmetric,2.59,8.5,No,Rough,Dry,64523.3,16615.6,29860.6,6.76
SUV,Hybrid,Automatic,UK,362,192,235,7.48,45.9,1665,5.94,dead,Michelin,225/65R17,Dual Compound,Directional,0.52,7.5,No,Smooth,Cold,66286.2,25120.4,25658.5,5.25
Hatchback,Diesel,Manual,Japan,137,123,171,8.87,27.99,2244,6.13,driven,Continental,245/40R18,Dual Compound,Directional,2.04,7.5,No,Smooth,Dry,40331.1,32074.4,5146.3,2.75
Coupe,Diesel,Automatic,UK,381,195,192,13.79,44.62,1368,6.21,dead,Michelin,225/65R17,Carbon Black,Symmetric,-1.9,8.5,No,Off-road,Cold,59639.8,41107.4,11551.2,3.78
Sedan,Diesel,Automatic,Japan,401,448,198,13.65,49.49,1957,4.65,dead,Continental,205/55R16,Dual Compound,Asymmetric,2.41,8.0,No,Off-road,Rainy,60582.6,58678.3,1187.0,1.87
SUV,Diesel,Automatic,Japan,104,196,208,8.16,28.81,1346,5.19,dead,Michelin,195/65R15,Silica Compound,Asymmetric,0.04,8.5,No,Smooth,Humid,68842.7,6391.3,38925.7,7.85
SUV,Diesel,Automatic,UK,152,423,271,6.65,28.6,1024,5.87,driven,Pirelli,205/55R16,Carbon Black,Directional,-2.6,7.5,Yes,Off-road,Dry,51112.0,36132.1,9336.9,3.24
SUV,Hybrid,Manual,UK,208,375,225,7.03,51.0,1975,5.5,dead,Pirelli,245/40R18,Dual Compound,Symmetric,-2.15,8.0,No,Off-road,Dry,45858.4,3770.9,26232.9,7.29
Hatchback,Petrol,Manual,USA,166,529,157,6.69,16.99,2443,4.88,dead,Michelin,205/55R16,Carbon Black,Symmetric,-1.15,8.0,No,Off-road,Rainy,55617.4,9.2,34660.3,7.91
Coupe,Diesel,Manual,UK,409,221,220,9.32,29.01,2377,5.61,driven,Continental,205/55R16,Dual Compound,Symmetric,-2.74,7.5,No,Off-road,Rainy,53426.7,6423.5,29296.8,6.87
Coupe,Diesel,Automatic,USA,232,225,253,10.07,19.75,1416,5.31,dead,Goodyear,195/65R15,Carbon Black,Directional,-1.14,8.0,No,Rough,Humid,63751.9,39317.5,15229.9,4.13
Sedan,Petrol,Automatic,USA,261,452,163,8.89,16.16,1514,5.28,dead,Continental,245/40R18,Silica Compound,Directional,-2.64,8.5,No,Off-road,Humid,67119.3,45385.6,13546.5,3.9
Sedan,Diesel,Manual,USA,204,158,205,8.08,19.51,1214,6.12,dead,Michelin,205/55R16,Dual Compound,Asymmetric,-1.58,7.5,No,Off-road,Cold,42601.2,18673.8,14913.8,4.81
SUV,Petrol,Manual,Japan,146,595,201,6.11,32.25,2135,5.32,driven,Continental,225/65R17,Carbon Black,Symmetric,-1.41,7.5,No,Rough,Cold,65397.4,3012.9,38883.9,7.24
Sedan,Petrol,Automatic,Japan,85,433,193,8.83,42.48,1953,4.55,driven,Bridgestone,195/65R15,Silica Compound,Symmetric,2.97,8.0,No,Off-road,Rainy,67269.1,42652.6,15343.3,3.7
Hatchback,Hybrid,Automatic,UK,204,394,270,7.41,26.57,1913,4.62,driven,Continental,225/65R17,Dual Compound,Symmetric,-1.59,7.5,Yes,Off-road,Humid,67724.1,5811.9,38589.5,7.0
Coupe,Electric,Manual,Japan,393,207,176,9.42,48.99,1427,6.21,driven,Pirelli,195/65R15,Dual Compound,Symmetric,-1.56,8.5,No,Smooth,Humid,62929.3,8918.7,33664.5,7.41
SUV,Hybrid,Automatic,UK,405,330,176,10.75,32.5,1732,6.42,driven,Pirelli,205/55R16,Carbon Black,Directional,1.12,7.5,No,Smooth,Rainy,62262.5,31914.2,18915.9,4.42
Sedan,Electric,Automatic,Japan,132,488,270,10.33,53.73,1698,5.88,driven,Bridgestone,195/65R15,Silica Compound,Asymmetric,2.16,8.0,No,Smooth,Rainy,40446.9,13767.0,16629.4,5.84
Hatchback,Electric,Manual,Germany,145,196,174,8.62,53.17,1215,5.23,dead,Continental,205/55R16,Carbon Black,Directional,-0.68,7.5,No,Rough,Dry,67605.7,31420.0,22554.4,4.68
Hatchback,Electric,Automatic,Germany,393,196,263,9.56,45.93,1412,6.38,driven,Goodyear,225/65R17,Dual Compound,Asymmetric,2.25,8.0,No,Off-road,Rainy,50545.2,32100.1,11496.7,4.01
Sedan,Diesel,Manual,UK,161,561,157,6.85,52.3,1379,5.83,driven,Continental,205/55R16,Carbon Black,Symmetric,-0.96,8.0,No,Rough,Dry,41233.7,6597.7,21588.4,6.91
Coupe,Hybrid,Automatic,Japan,166,147,261,4.24,43.28,1231,6.19,driven,Pirelli,195/65R15,Carbon Black,Symmetric,-1.82,8.5,No,Rough,Cold,52389.4,46788.3,3491.1,2.35
Sedan,Electric,Manual,Japan,81,364,187,10.25,50.82,1834,6.03,driven,Pirelli,195/65R15,Silica Compound,Symmetric,-1.02,7.5,No,Off-road,Rainy,61985.6,34679.7,17019.6,4.21
SUV,Petrol,Automatic,USA,283,185,156,6.53,24.46,1257,5.26,dead,Michelin,195/65R15,Silica Compound,Symmetric,0.66,8.5,No,Off-road,Rainy,53258.7,1176.7,32462.4,8.31
Sedan,Diesel,Manual,India,229,385,274,10.69,28.82,2279,5.46,dead,Pirelli,225/65R17,Dual Compound,Symmetric,-0.8,8.5,No,Smooth,Rainy,62740.3,39429.3,14529.6,4.36
Hatchback,Hybrid,Manual,UK,372,501,196,11.47,45.12,1402,4.87,driven,Michelin,245/40R18,Silica Compound,Directional,1.04,7.5,No,Off-road,Dry,55282.3,25605.6,18497.3,4.72
Sedan,Electric,Manual,India,182,589,147,13.16,31.98,1423,5.08,dead,Pirelli,225/65R17,Carbon Black,Asymmetric,-1.58,8.5,No,Rough,Rainy,48982.8,34368.3,9109.2,3.78
Coupe,Petrol,Manual,India,103,324,267,13.58,48.49,1769,6.06,driven,Pirelli,205/55R16,Dual Compound,Directional,1.21,8.5,No,Smooth,Rainy,46087.4,36134.0,6203.9,3.26
Truck,Hybrid,Automatic,UK,447,177,256,4.11,50.11,1064,6.29,dead,Goodyear,205/55R16,Silica Compound,Symmetric,-0.92,8.0,No,Rough,Humid,52633.1,49414.3,2006.3,1.98
Sedan,Hybrid,Automatic,Japan,291,320,195,13.9,26.99,1189,5.95,driven,Michelin,225/65R17,Carbon Black,Asymmetric,-0.26,8.5,No,Off-road,Humid,41074.1,41006.2,42.3,1.56
Coupe,Diesel,Manual,UK,144,344,265,10.83,47.94,1949,5.43,driven,Michelin,225/65R17,Carbon Black,Asymmetric,0.35,7.5,No,Smooth,Humid,52676.3,28951.8,14787.4,4.27
Coupe,Hybrid,Automatic,India,288,261,198,10.44,21.17,1172,4.67,driven,Pirelli,205/55R16,Dual Compound,Symmetric,1.12,8.0,No,Off-road,Rainy,42058.6,23616.3,11495.0,4.53
Hatchback,Diesel,Automatic,Japan,330,500,197,4.15,28.37,1758,4.61,driven,Michelin,205/55R16,Dual Compound,Asymmetric,-1.57,8.5,No,Smooth,Humid,66310.1,1488.3,40403.1,8.32
Coupe,Electric,Automatic,Germany,196,487,279,12.61,35.72,1627,5.25,dead,Pirelli,205/55R16,Silica Compound,Directional,2.02,8.5,No,Smooth,Cold,57264.4,49543.5,4812.4,2.72
Coupe,Diesel,Automatic,UK,195,203,247,5.45,24.06,1560,5.43,driven,Pirelli,245/40R18,Silica Compound,Directional,1.33,7.5,No,Smooth,Humid,59381.3,1705.3,35949.1,7.21
Coupe,Petrol,Automatic,UK,316,262,213,12.37,38.17,2250,5.72,dead,Continental,245/40R18,Silica Compound,Directional,-1.6,8.5,Yes,Off-road,Rainy,48665.9,30789.2,11142.5,4.21
Coupe,Diesel,Manual,Japan,184,471,240,4.16,38.15,2000,4.51,dead,Michelin,225/65R17,Silica Compound,Directional,2.85,7.5,Yes,Smooth,Humid,46774.6,4610.9,26280.4,6.88
SUV,Petrol,Manual,Germany,338,152,187,10.46,23.28,2411,6.48,dead,Bridgestone,225/65R17,Dual Compound,Asymmetric,0.99,8.5,Yes,Smooth,Humid,61237.2,17503.9,27258.7,6.4
SUV,Diesel,Manual,Germany,125,520,210,8.35,46.83,1400,5.23,driven,Michelin,245/40R18,Carbon Black,Directional,-0.29,8.5,No,Off-road,Humid,60147.0,8440.4,32228.4,7.59
Hatchback,Hybrid,Manual,Japan,390,271,255,6.01,40.27,1637,6.2,dead,Michelin,195/65R15,Carbon Black,Asymmetric,-2.05,7.5,Yes,Rough,Cold,43680.4,6001.4,23485.1,6.59
Sedan,Electric,Automatic,USA,410,277,261,5.08,27.71,1948,5.57,dead,Goodyear,245/40R18,Silica Compound,Symmetric,0.2,8.0,No,Off-road,Cold,47159.2,3518.1,27201.3,7.56
Coupe,Petrol,Automatic,UK,295,565,217,8.4,24.29,1212,4.76,dead,Bridgestone,225/65R17,Dual Compound,Directional,-2.01,7.5,No,Off-road,Dry,68397.3,21742.3,29079.8,5.49
Sedan,Diesel,Manual,UK,380,260,168,5.23,50.15,1052,6.1,driven,Bridgestone,245/40R18,Silica Compound,Symmetric,-0.42,8.0,Yes,Smooth,Rainy,49125.3,20812.0,17647.5,5.12
Sedan,Diesel,Automatic,India,412,565,232,8.86,48.43,1623,5.92,dead,Goodyear,195/65R15,Silica Compound,Directional,-0.55,8.0,Yes,Off-road,Cold,40774.9,18938.9,13610.3,4.96
Hatchback,Diesel,Automatic,Japan,103,370,212,10.25,24.19,1751,5.55,driven,Goodyear,225/65R17,Dual Compound,Symmetric,1.32,7.5,No,Off-road,Cold,41913.5,18429.7,14637.3,4.97
Coupe,Hybrid,Manual,India,114,422,239,12.27,16.42,1661,5.53,dead,Michelin,205/55R16,Carbon Black,Symmetric,-1.85,7.5,No,Off-road,Cold,63264.8,33131.3,18782.1,4.34
Coupe,Hybrid,Automatic,India,103,231,213,10.79,47.18,1138,4.67,dead,Continental,225/65R17,Carbon Black,Symmetric,1.93,8.5,No,Smooth,Rainy,62714.7,53921.3,5480.9,2.66
Truck,Petrol,Manual,Germany,107,263,234,4.65,39.62,1417,5.81,driven,Goodyear,245/40R18,Silica Compound,Symmetric,-1.04,8.5,No,Off-road,Dry,51454.8,32509.0,11808.8,4.22
Sedan,Petrol,Manual,UK,95,569,156,7.07,19.04,1142,6.32,driven,Bridgestone,245/40R18,Dual Compound,Symmetric,-0.34,8.0,No,Smooth,Rainy,44596.0,770.9,27316.0,7.9
Sedan,Hybrid,Automatic,India,138,328,276,6.88,38.49,1508,4.69,dead,Bridgestone,195/65R15,Carbon Black,Asymmetric,1.63,8.5,No,Off-road,Humid,54943.2,9502.5,28322.9,7.51
SUV,Petrol,Automatic,Germany,322,343,236,13.15,33.09,1649,5.03,driven,Michelin,245/40R18,Carbon Black,Asymmetric,0.75,7.5,No,Smooth,Dry,49956.7,17432.4,20272.2,5.4
Truck,Electric,Manual,Japan,286,162,148,12.68,45.98,1485,6.3,dead,Continental,195/65R15,Dual Compound,Directional,-1.15,8.0,No,Smooth,Humid,51219.1,48609.1,1626.8,1.74
SUV,Electric,Manual,India,350,383,274,7.7,23.36,1991,5.07,dead,Pirelli,225/65R17,Dual Compound,Asymmetric,-0.68,8.5,No,Off-road,Cold,47829.6,3734.5,27484.2,7.93
SUV,Hybrid,Automatic,UK,328,363,158,4.71,33.13,2460,5.81,driven,Goodyear,245/40R18,Carbon Black,Symmetric,-1.17,8.5,Yes,Rough,Rainy,41885.7,29743.9,7568.0,3.68
SUV,Petrol,Manual,India,346,122,273,12.94,21.25,1542,5.57,driven,Goodyear,225/65R17,Silica Compound,Asymmetric,0.57,7.5,No,Off-road,Humid,63734.8,2109.2,38410.9,7.18
Hatchback,Diesel,Manual,Japan,272,244,253,12.88,53.3,1292,5.69,driven,Michelin,205/55R16,Silica Compound,Asymmetric,-1.0,7.5,No,Rough,Dry,58546.6,21225.3,23262.2,5.3
Hatchback,Electric,Manual,India,414,387,278,12.55,46.15,2307,5.33,dead,Continental,205/55R16,Carbon Black,Symmetric,1.35,8.5,No,Smooth,Humid,65039.1,50089.7,9317.8,3.24
SUV,Hybrid,Automatic,UK,297,203,264,12.45,44.47,1670,5.1,dead,Bridgestone,195/65R15,Silica Compound,Asymmetric,0.48,8.0,No,Rough,Humid,55096.1,18949.2,22530.2,5.98
Truck,Petrol,Manual,Germany,194,135,200,8.8,42.61,1837,4.6,dead,Bridgestone,245/40R18,Silica Compound,Symmetric,-2.13,8.0,No,Rough,Cold,69549.6,29925.9,24697.2,5.18
Sedan,Hybrid,Automatic,UK,147,453,181,5.77,31.93,2037,5.99,driven,Pirelli,225/65R17,Dual Compound,Asymmetric,-1.14,7.5,No,Smooth,Humid,68875.7,62353.5,4065.3,2.16
Truck,Diesel,Manual,Germany,378,583,152,8.77,51.93,1633,5.99,driven,Bridgestone,225/65R17,Dual Compound,Symmetric,-1.67,7.5,Yes,Rough,Humid,48153.5,3186.3,28027.9,7.09
Coupe,Electric,Automatic,USA,404,178,279,8.95,17.92,1271,5.84,driven,Goodyear,245/40R18,Dual Compound,Directional,-0.66,7.5,No,Off-road,Cold,51609.3,27232.3,15194.1,4.42
Hatchback,Hybrid,Manual,UK,154,296,224,8.9,47.13,2048,5.79,dead,Pirelli,225/65R17,Silica Compound,Asymmetric,0.1,8.5,No,Rough,Dry,62581.3,22919.6,24720.9,6.15
Sedan,Hybrid,Automatic,UK,182,182,159,9.39,23.61,1321,4.99,driven,Continental,245/40R18,Dual Compound,Directional,0.04,8.5,No,Smooth,Cold,63298.1,61007.5,1427.8,1.98
Sedan,Hybrid,Automatic,Japan,376,565,189,6.58,27.96,1805,4.54,driven,Pirelli,245/40R18,Dual Compound,Symmetric,1.53,7.5,No,Rough,Humid,67321.0,53432.0,8656.9,2.73
Coupe,Diesel,Automatic,India,257,168,231,7.66,35.78,2126,6.12,dead,Continental,205/55R16,Carbon Black,Symmetric,-1.86,8.0,No,Smooth,Rainy,59579.0,7273.2,32601.9,7.33
Coupe,Hybrid,Manual,Germany,294,426,227,8.34,46.31,1882,5.48,driven,Bridgestone,245/40R18,Dual Compound,Directional,2.68,7.5,No,Smooth,Cold,54253.6,50315.3,2454.7,1.79
SUV,Diesel,Manual,Germany,394,365,208,5.31,48.54,2063,5.11,driven,Michelin,225/65R17,Carbon Black,Symmetric,-0.94,7.5,No,Off-road,Cold,51329.5,10841.5,25236.0,6.25
Hatchback,Diesel,Manual,Japan,118,408,176,8.55,38.35,1234,4.7,dead,Pirelli,245/40R18,Silica Compound,Symmetric,-1.2,8.0,No,Smooth,Humid,52575.4,4459.3,29990.5,7.33
Hatchback,Diesel,Automatic,Japan,338,405,279,12.1,31.12,1831,4.63,dead,Pirelli,205/55R16,Dual Compound,Symmetric,1.11,8.0,No,Rough,Rainy,65512.2,35480.9,18718.3,4.61
Truck,Electric,Manual,India,283,562,238,12.28,52.86,2112,5.2,dead,Goodyear,205/55R16,Carbon Black,Symmetric,1.83,8.0,No,Off-road,Dry,69400.3,51122.4,11392.5,3.3
SUV,Electric,Automatic,India,86,451,264,8.12,24.86,2123,6.11,dead,Goodyear,195/65R15,Carbon Black,Symmetric,-0.73,8.0,Yes,Off-road,Rainy,41557.3,29757.1,7355.0,3.41
SUV,Hybrid,Manual,UK,128,134,193,9.19,47.12,1143,6.34,dead,Continental,225/65R17,Carbon Black,Symmetric,1.48,8.5,No,Rough,Cold,57407.3,30658.7,16672.3,4.83
SUV,Hybrid,Automatic,USA,105,457,269,4.34,39.48,2105,6.29,dead,Michelin,245/40R18,Silica Compound,Symmetric,2.3,8.5,No,Rough,Rainy,55601.6,27397.0,17579.8,5.22
SUV,Electric,Automatic,India,240,374,180,10.74,30.08,1588,6.34,driven,Goodyear,225/65R17,Dual Compound,Symmetric,1.6,7.5,No,Off-road,Dry,51284.3,49722.3,973.5,1.5
Hatchback,Petrol,Automatic,Japan,436,211,184,8.05,15.05,1228,6.32,driven,Goodyear,225/65R17,Silica Compound,Directional,-2.79,8.5,No,Smooth,Rainy,65547.3,53785.4,7331.1,3.11
Hatchback,Electric,Manual,India,255,398,242,8.45,32.86,2418,5.55,dead,Bridgestone,245/40R18,Carbon Black,Asymmetric,1.96,7.5,No,Off-road,Rainy,57272.3,40012.7,10757.8,3.29
SUV,Diesel,Manual,Germany,158,325,245,12.74,26.07,2220,4.94,dead,Bridgestone,205/55R16,Silica Compound,Symmetric,1.65,7.5,No,Off-road,Rainy,49393.5,9642.2,24776.8,6.2
Truck,Electric,Manual,USA,81,213,276,8.62,19.17,1273,6.1,driven,Goodyear,225/65R17,Silica Compound,Directional,1.02,8.0,No,Off-road,Cold,53323.1,43712.7,5990.1,2.49
Sedan,Diesel,Automatic,UK,211,344,267,4.21,18.01,1589,4.93,dead,Continental,195/65R15,Carbon Black,Symmetric,1.56,8.0,No,Smooth,Humid,50704.1,38017.0,7907.8,3.18
Sedan,Hybrid,Automatic,Germany,355,420,225,6.27,28.9,1652,5.03,dead,Michelin,225/65R17,Dual Compound,Asymmetric,2.88,8.5,No,Rough,Humid,52902.6,52480.8,262.9,1.78
Truck,Petrol,Manual,Germany,196,437,186,8.76,39.59,1582,4.97,driven,Goodyear,205/55R16,Dual Compound,Symmetric,-0.41,8.5,No,Rough,Rainy,42138.0,5604.1,22771.4,7.63
SUV,Hybrid,Manual,USA,243,582,144,8.24,48.5,1967,5.53,driven,Continental,195/65R15,Silica Compound,Directional,-2.6,8.5,No,Rough,Cold,43357.5,31013.4,7694.0,3.49
Hatchback,Diesel,Manual,UK,367,318,140,12.6,22.34,1371,5.14,dead,Continental,195/65R15,Dual Compound,Directional,-0.23,8.5,Yes,Smooth,Cold,58710.8,57482.7,765.4,1.72
Sedan,Diesel,Automatic,Japan,107,390,183,9.42,31.99,2103,4.81,dead,Goodyear,195/65R15,Carbon Black,Asymmetric,-2.72,8.0,No,Smooth,Cold,60522.1,27997.1,20272.7,5.18
Coupe,Diesel,Automatic,UK,412,353,177,10.9,30.68,2258,5.41,driven,Continental,195/65R15,Dual Compound,Symmetric,-1.23,8.0,No,Rough,Humid,59098.6,43343.5,9820.1,3.15
Coupe,Petrol,Automatic,India,80,165,158,8.69,35.54,2310,6.25,dead,Pirelli,245/40R18,Silica Compound,Directional,0.52,8.5,No,Rough,Cold,62892.3,61343.3,965.5,1.88
Truck,Electric,Automatic,Germany,267,183,254,8.4,47.38,1818,5.64,driven,Continental,245/40R18,Carbon Black,Asymmetric,-1.14,7.5,No,Rough,Rainy,68306.0,37396.5,19265.7,4.18
SUV,Hybrid,Automatic,India,135,349,226,8.46,37.15,1571,6.26,driven,Goodyear,245/40R18,Carbon Black,Asymmetric,1.11,8.0,No,Rough,Humid,65818.5,46009.9,12346.6,3.47
Sedan,Hybrid,Manual,Japan,114,549,262,8.11,48.87,1544,4.89,dead,Continental,195/65R15,Carbon Black,Symmetric,1.93,8.0,No,Smooth,Cold,52555.3,1055.6,32099.5,7.84
SUV,Electric,Automatic,India,191,559,221,9.39,35.74,2460,4.83,driven,Goodyear,205/55R16,Silica Compound,Directional,-0.48,8.0,Yes,Rough,Rainy,46526.3,24178.1,13929.5,4.62
Sedan,Hybrid,Automatic,UK,365,368,197,6.5,39.15,1126,5.65,driven,Bridgestone,225/65R17,Silica Compound,Symmetric,2.4,8.0,No,Off-road,Humid,49355.6,12625.2,22893.9,6.31
Truck,Petrol,Automatic,India,389,365,206,12.91,32.5,1732,5.43,driven,Goodyear,195/65R15,Dual Compound,Symmetric,-2.52,8.5,No,Rough,Cold,57632.2,7563.9,31207.3,7.71
Truck,Hybrid,Automatic,Japan,115,547,261,7.33,47.92,1416,5.82,dead,Continental,205/55R16,Silica Compound,Symmetric,2.04,8.5,No,Smooth,Dry,65686.3,46545.2,11930.6,3.64
Coupe,Diesel,Automatic,Japan,296,194,226,5.48,51.95,1637,6.09,dead,Goodyear,225/65R17,Carbon Black,Directional,1.97,7.5,No,Off-road,Rainy,61051.7,2386.5,36565.8,7.14
SUV,Electric,Manual,Japan,159,276,270,4.97,40.57,1040,6.0,dead,Michelin,195/65R15,Silica Compound,Asymmetric,-1.07,8.0,No,Off-road,Dry,56290.4,50935.2,3337.9,2.2
Coupe,Petrol,Automatic,UK,393,342,194,4.13,47.83,1786,6.38,driven,Goodyear,225/65R17,Silica Compound,Symmetric,-1.21,8.5,No,Off-road,Humid,58056.4,30060.0,17450.0,4.87
SUV,Electric,Automatic,Japan,162,309,228,8.23,17.36,2492,5.3,driven,Goodyear,245/40R18,Dual Compound,Symmetric,-1.17,8.5,No,Smooth,Cold,55847.8,36202.2,12245.0,3.98
Coupe,Petrol,Automatic,Germany,144,592,197,5.88,51.24,1296,4.91,dead,Michelin,245/40R18,Carbon Black,Directional,1.87,8.0,Yes,Rough,Rainy,69148.8,17524.7,32177.0,6.52
Hatchback,Diesel,Manual,Japan,404,171,202,4.22,22.56,1041,5.6,driven,Michelin,245/40R18,Dual Compound,Symmetric,1.99,8.5,No,Smooth,Rainy,64482.7,11748.3,32869.1,7.24
Hatchback,Electric,Manual,India,207,557,230,9.2,25.26,1631,4.72,driven,Michelin,205/55R16,Dual Compound,Asymmetric,-1.02,8.5,No,Smooth,Rainy,63438.3,15463.3,29902.6,6.71
Hatchback,Hybrid,Manual,India,386,207,191,10.8,17.13,2302,5.08,dead,Pirelli,245/40R18,Dual Compound,Symmetric,0.56,8.5,Yes,Off-road,Dry,55519.9,12896.9,26566.7,6.91
Hatchback,Petrol,Automatic,India,101,432,265,4.86,53.62,2482,4.92,driven,Goodyear,205/55R16,Carbon Black,Asymmetric,-2.17,7.5,No,Off-road,Cold,49954.3,43185.6,4218.9,2.32
Sedan,Electric,Manual,UK,295,458,163,8.61,49.08,1032,5.29,driven,Michelin,245/40R18,Dual Compound,Symmetric,-0.19,8.5,No,Smooth,Cold,40585.4,31954.5,5379.6,3.13
Hatchback,Hybrid,Automatic,India,186,185,211,11.44,51.53,2299,4.72,driven,Michelin,245/40R18,Carbon Black,Symmetric,2.99,8.0,No,Off-road,Cold,41302.9,35220.5,3791.1,2.49
Truck,Electric,Automatic,UK,188,269,148,13.86,48.89,1664,4.56,driven,Bridgestone,245/40R18,Dual Compound,Symmetric,-2.05,8.0,Yes,Smooth,Dry,40907.1,30061.5,6760.0,3.16
Truck,Electric,Manual,UK,436,139,249,10.67,34.18,2113,5.81,driven,Pirelli,205/55R16,Dual Compound,Asymmetric,2.69,8.0,No,Off-road,Humid,69414.3,44671.6,15422.0,3.84
Sedan,Electric,Automatic,Japan,260,152,233,6.45,51.96,1615,5.72,driven,Goodyear,225/65R17,Carbon Black,Symmetric,1.95,8.5,No,Rough,Dry,43434.5,22928.0,12781.6,4.83
Hatchback,Petrol,Automatic,Germany,435,447,256,11.17,53.78,1947,5.92,dead,Continental,205/55R16,Silica Compound,Symmetric,2.83,7.5,No,Rough,Humid,44263.6,11751.2,20264.8,5.89
Hatchback,Hybrid,Automatic,Japan,243,400,222,9.98,35.1,1159,5.82,dead,Pirelli,195/65R15,Dual Compound,Symmetric,-1.92,8.5,No,Rough,Dry,54524.5,38459.6,10013.2,3.75
Hatchback,Diesel,Manual,Japan,147,165,219,6.12,22.02,1457,4.73,driven,Pirelli,195/65R15,Silica Compound,Asymmetric,-1.72,8.0,No,Off-road,Cold,54442.0,7435.9,29298.7,7.3
Coupe,Petrol,Automatic,UK,371,192,239,12.51,41.34,1398,5.08,dead,Bridgestone,205/55R16,Dual Compound,Symmetric,-2.9,7.5,No,Off-road,Cold,67599.2,34547.4,20601.1,4.51
SUV,Petrol,Automatic,UK,259,473,179,8.27,54.02,2114,4.76,dead,Goodyear,205/55R16,Silica Compound,Directional,1.35,7.5,Yes,Rough,Cold,42206.0,8241.8,21169.7,6.06
Coupe,Petrol,Manual,India,260,432,242,13.62,49.89,1580,6.19,dead,Goodyear,225/65R17,Silica Compound,Asymmetric,0.86,8.5,No,Smooth,Dry,68717.2,34685.6,21211.7,5.09
SUV,Diesel,Automatic,India,248,462,201,11.23,49.47,2489,5.99,driven,Michelin,205/55R16,Silica Compound,Directional,-1.93,8.0,No,Smooth,Rainy,46491.7,13664.3,20461.2,6.27
Hatchback,Hybrid,Automatic,Japan,101,252,208,10.45,52.35,1219,4.9,dead,Michelin,245/40R18,Silica Compound,Symmetric,1.75,8.5,No,Rough,Dry,69104.6,3695.7,40769.1,8.12
Hatchback,Hybrid,Manual,USA,145,174,248,11.28,50.76,2442,5.18,driven,Pirelli,225/65R17,Silica Compound,Asymmetric,-1.2,8.0,No,Off-road,Humid,56239.7,28328.5,17397.0,4.93
Coupe,Hybrid,Automatic,USA,100,180,143,8.78,46.05,1378,6.43,dead,Bridgestone,205/55R16,Carbon Black,Asymmetric,-2.19,7.5,Yes,Smooth,Dry,59560.4,10829.9,30373.5,6.3
Coupe,Electric,Automatic,India,179,464,211,9.05,43.73,1929,5.69,dead,Goodyear,205/55R16,Silica Compound,Symmetric,-0.46,8.5,No,Smooth,Humid,49471.9,7972.6,25866.3,7.32
SUV,Electric,Automatic,USA,379,127,156,12.51,25.59,2470,6.1,driven,Bridgestone,195/65R15,Carbon Black,Directional,-2.45,7.5,No,Smooth,Dry,58354.7,22429.6,22392.0,5.18
Truck,Electric,Automatic,India,182,391,253,10.81,39.85,1963,5.03,dead,Continental,225/65R17,Dual Compound,Asymmetric,-1.42,8.0,No,Off-road,Rainy,61324.9,22186.6,24394.7,5.67
SUV,Diesel,Automatic,UK,126,365,224,12.97,35.86,2169,4.92,driven,Goodyear,195/65R15,Carbon Black,Asymmetric,-0.77,7.5,No,Smooth,Rainy,40311.1,34948.0,3342.8,2.38
Coupe,Electric,Manual,Japan,118,295,196,12.91,49.48,1232,6.07,dead,Michelin,205/55R16,Silica Compound,Asymmetric,2.11,7.5,No,Smooth,Cold,41026.9,23165.3,11133.0,4.11
Coupe,Diesel,Manual,Germany,364,235,246,13.76,34.67,2394,5.87,dead,Pirelli,225/65R17,Carbon Black,Asymmetric,1.76,7.5,No,Rough,Rainy,69594.3,59473.0,6308.5,2.36
Sedan,Hybrid,Manual,Japan,389,436,187,11.0,20.11,1921,5.86,dead,Bridgestone,245/40R18,Silica Compound,Asymmetric,-0.34,8.5,No,Off-road,Dry,53726.7,7889.0,28570.4,7.75
Coupe,Electric,Manual,India,169,390,256,9.02,15.2,1233,5.61,dead,Michelin,205/55R16,Carbon Black,Symmetric,1.35,8.0,No,Rough,Rainy,68074.5,24323.7,27269.7,5.64
Sedan,Electric,Automatic,India,164,312,170,5.66,42.11,1725,5.63,driven,Pirelli,205/55R16,Dual Compound,Asymmetric,0.41,7.5,No,Smooth,Cold,61896.9,34373.2,17155.4,4.3
Truck,Petrol,Automatic,Japan,352,269,251,11.05,37.0,1366,5.97,driven,Michelin,195/65R15,Silica Compound,Directional,-0.95,7.5,No,Off-road,Dry,51189.0,7838.5,27020.2,6.62
SUV,Diesel,Automatic,India,415,250,186,6.92,28.24,1480,5.04,dead,Goodyear,245/40R18,Silica Compound,Asymmetric,1.36,7.5,No,Off-road,Humid,44525.3,5701.8,24198.5,6.7
SUV,Hybrid,Automatic,USA,267,221,273,6.83,21.76,2386,5.21,driven,Bridgestone,205/55R16,Carbon Black,Symmetric,1.1,7.5,No,Rough,Dry,69344.6,45864.6,14634.9,3.56
Sedan,Petrol,Automatic,USA,238,429,247,6.38,33.67,1589,6.24,dead,Continental,195/65R15,Carbon Black,Symmetric,0.71,8.0,No,Rough,Cold,57534.9,37618.3,12413.9,3.73
SUV,Petrol,Manual,India,322,389,211,12.75,19.01,2118,5.12,driven,Michelin,195/65R15,Carbon Black,Directional,0.71,8.0,Yes,Off-road,Rainy,45770.7,10717.6,21848.4,6.51
Coupe,Hybrid,Manual,India,152,411,210,12.68,28.44,1215,5.59,driven,Bridgestone,205/55R16,Carbon Black,Asymmetric,1.1,8.5,No,Off-road,Rainy,60449.6,13729.5,29120.4,6.96
Hatchback,Petrol,Automatic,USA,128,329,247,10.31,30.17,1724,5.91,driven,Goodyear,225/65R17,Carbon Black,Directional,-0.69,8.0,No,Rough,Dry,42761.5,31876.3,6784.6,3.28
Sedan,Diesel,Automatic,India,180,480,192,8.73,33.62,1711,6.5,dead,Michelin,205/55R16,Silica Compound,Directional,2.21,8.0,No,Smooth,Humid,66041.1,7726.0,36347.5,7.24
SUV,Diesel,Automatic,India,81,457,155,10.72,33.66,1984,5.37,driven,Goodyear,245/40R18,Dual Compound,Directional,-2.03,7.5,No,Off-road,Humid,42704.1,39427.2,2042.5,2.13
Sedan,Electric,Manual,Japan,323,186,255,10.07,25.28,2158,5.36,driven,Continental,205/55R16,Carbon Black,Directional,2.3,8.5,No,Smooth,Humid,47085.8,44436.7,1651.2,1.99
Sedan,Petrol,Automatic,Germany,255,129,212,8.16,49.01,2106,6.19,dead,Continental,225/65R17,Silica Compound,Asymmetric,-0.95,8.5,No,Rough,Humid,42742.9,37228.8,3437.0,2.51
Hatchback,Electric,Automatic,USA,317,168,213,7.8,29.22,1390,6.11,dead,Pirelli,195/65R15,Dual Compound,Symmetric,-2.25,7.5,No,Off-road,Dry,43113.6,9083.1,21211.1,6.26
Coupe,Petrol,Automatic,Japan,138,230,220,7.83,24.18,2070,5.96,dead,Pirelli,245/40R18,Dual Compound,Symmetric,0.6,8.5,No,Rough,Rainy,55715.0,936.1,34143.4,8.31
Sedan,Diesel,Manual,Germany,432,440,151,9.89,22.03,1391,5.43,driven,Pirelli,245/40R18,Carbon Black,Asymmetric,-0.74,8.0,No,Off-road,Humid,60609.7,56772.5,2391.7,2.07
SUV,Diesel,Automatic,India,178,338,267,10.48,27.9,1717,5.15,driven,Goodyear,245/40R18,Silica Compound,Directional,1.89,8.5,No,Off-road,Dry,63654.5,21895.3,26028.2,6.29
Truck,Diesel,Manual,India,438,176,209,8.52,17.7,1384,5.72,driven,Pirelli,245/40R18,Silica Compound,Asymmetric,-0.42,7.5,No,Rough,Dry,60851.7,18889.0,26155.1,5.59
Sedan,Petrol,Manual,Japan,81,402,180,13.69,16.32,1380,6.25,driven,Bridgestone,225/65R17,Silica Compound,Directional,1.01,8.5,No,Rough,Dry,50904.7,13320.6,23426.0,6.73
Sedan,Diesel,Manual,India,322,578,198,4.84,39.21,2100,6.27,driven,Goodyear,225/65R17,Silica Compound,Directional,-1.15,8.5,Yes,Smooth,Humid,56718.6,13869.8,26707.5,6.9
Hatchback,Petrol,Manual,UK,376,232,228,7.47,39.77,2282,4.72,driven,Goodyear,225/65R17,Silica Compound,Asymmetric,-1.74,8.5,No,Rough,Humid,67829.9,49824.7,11222.6,3.59
Coupe,Electric,Manual,Japan,290,252,163,8.19,36.18,1603,5.36,dead,Pirelli,225/65R17,Dual Compound,Asymmetric,-0.67,7.5,No,Rough,Dry,51627.3,46872.1,2963.9,2.4
Truck,Petrol,Manual,Germany,202,190,219,4.17,45.49,1933,5.43,driven,Pirelli,195/65R15,Dual Compound,Directional,0.64,8.0,No,Smooth,Dry,47572.1,37394.4,6343.7,2.83
SUV,Electric,Automatic,Japan,308,202,273,7.65,16.57,1398,6.46,driven,Goodyear,205/55R16,Dual Compound,Directional,0.94,8.5,No,Rough,Dry,55579.6,37466.6,11289.7,4.07
Truck,Petrol,Automatic,USA,161,176,271,6.74,52.44,1099,5.86,driven,Continental,225/65R17,Silica Compound,Directional,0.47,8.0,No,Smooth,Rainy,48920.1,14077.1,21717.4,6.09
SUV,Electric,Automatic,Japan,223,495,231,9.06,18.8,1382,5.31,dead,Continental,205/55R16,Dual Compound,Directional,2.93,8.0,No,Smooth,Rainy,47854.5,26174.7,13512.9,4.44
Coupe,Diesel,Manual,India,219,468,231,7.36,41.96,1706,4.55,driven,Pirelli,245/40R18,Dual Compound,Asymmetric,1.15,8.0,No,Rough,Cold,63364.1,15015.2,30135.6,6.5
SUV,Electric,Automatic,India,108,390,220,11.26,20.34,2215,5.63,dead,Continental,195/65R15,Carbon Black,Symmetric,2.59,8.5,No,Smooth,Cold,66725.1,7440.3,36951.9,7.75
Hatchback,Diesel,Manual,UK,349,230,210,9.1,50.2,2368,4.69,driven,Bridgestone,195/65R15,Dual Compound,Symmetric,-2.29,8.0,No,Smooth,Humid,55069.5,6624.5,30195.5,7.36
Hatchback,Diesel,Manual,UK,326,476,204,5.3,35.43,1009,6.17,dead,Bridgestone,205/55R16,Carbon Black,Directional,-2.63,8.5,Yes,Smooth,Rainy,63393.5,38275.0,15656.2,4.25
Hatchback,Electric,Manual,UK,91,494,191,11.5,18.29,1263,6.01,dead,Bridgestone,205/55R16,Silica Compound,Symmetric,-1.13,8.5,No,Rough,Cold,45612.7,1755.2,27336.2,7.94
Hatchback,Petrol,Automatic,Germany,434,195,169,4.99,39.67,2291,5.42,dead,Goodyear,205/55R16,Silica Compound,Symmetric,-2.18,8.5,No,Rough,Dry,56429.3,54920.1,940.7,2.08
Truck,Petrol,Manual,UK,416,277,238,12.39,15.36,1831,5.36,driven,Goodyear,195/65R15,Silica Compound,Symmetric,0.16,8.0,No,Smooth,Dry,59086.0,58818.1,167.0,1.49
Coupe,Hybrid,Manual,Germany,185,139,237,13.31,46.04,1629,6.29,dead,Goodyear,225/65R17,Silica Compound,Symmetric,0.11,8.5,No,Rough,Humid,54719.9,8176.5,29010.3,7.58
SUV,Petrol,Automatic,UK,111,540,181,7.22,41.02,1761,5.08,driven,Goodyear,195/65R15,Dual Compound,Symmetric,0.45,7.5,No,Off-road,Humid,43506.4,18590.4,15530.0,5.08
SUV,Hybrid,Automatic,Germany,153,250,278,13.26,23.5,1194,5.0,dead,Goodyear,225/65R17,Carbon Black,Symmetric,1.47,7.5,No,Smooth,Cold,62023.0,47638.4,8965.9,3.01
Hatchback,Petrol,Manual,Japan,250,448,166,11.93,29.99,1561,6.38,driven,Pirelli,245/40R18,Silica Compound,Directional,2.83,7.5,Yes,Off-road,Dry,65172.3,62243.9,1825.3,1.82
Hatchback,Petrol,Manual,Japan,416,241,211,13.22,15.31,2430,6.12,dead,Continental,225/65R17,Silica Compound,Directional,2.27,8.5,No,Rough,Humid,59056.8,52638.6,4000.4,2.51
Sedan,Diesel,Automatic,India,148,160,157,10.66,42.75,2319,6.14,dead,Pirelli,205/55R16,Carbon Black,Directional,-2.29,7.5,No,Off-road,Humid,45074.8,11483.0,20937.6,5.92
Coupe,Hybrid,Automatic,Germany,380,286,216,6.36,27.91,1096,4.89,driven,Continental,225/65R17,Carbon Black,Asymmetric,-0.97,8.5,No,Rough,Rainy,42236.6,3598.4,24083.0,7.73
Truck,Petrol,Automatic,USA,441,529,184,12.95,37.86,1461,4.79,dead,Pirelli,225/65R17,Carbon Black,Symmetric,-1.47,8.5,No,Rough,Cold,49048.1,14161.6,21744.6,6.5
SUV,Hybrid,Manual,India,216,249,254,5.84,53.27,1757,4.55,driven,Bridgestone,195/65R15,Carbon Black,Symmetric,-1.94,8.5,No,Smooth,Humid,41109.7,17974.7,14419.9,5.47
Sedan,Diesel,Automatic,Japan,179,142,226,6.13,26.98,1086,4.97,dead,Michelin,205/55R16,Carbon Black,Asymmetric,0.27,8.0,No,Off-road,Cold,65176.6,23459.5,26002.0,5.6
Sedan,Diesel,Automatic,Germany,225,398,279,6.71,54.61,1990,6.05,dead,Goodyear,245/40R18,Dual Compound,Symmetric,0.32,7.5,Yes,Smooth,Dry,61091.8,47277.1,8610.7,2.86
SUV,Hybrid,Automatic,UK,88,370,231,7.04,40.31,1076,4.98,driven,Michelin,225/65R17,Carbon Black,Directional,-1.64,8.5,No,Off-road,Cold,56910.7,14670.9,26327.8,6.55
Truck,Diesel,Manual,USA,141,588,161,9.14,24.68,2169,5.96,driven,Michelin,245/40R18,Dual Compound,Directional,1.27,7.5,No,Rough,Humid,66689.0,57261.6,5876.0,2.47
Sedan,Electric,Automatic,Japan,264,519,231,11.13,32.47,1660,5.0,driven,Bridgestone,205/55R16,Carbon Black,Asymmetric,1.4,7.5,Yes,Rough,Rainy,43302.8,9770.6,20900.5,6.14
Sedan,Electric,Automatic,India,108,128,216,13.26,44.62,2134,5.29,dead,Michelin,225/65R17,Carbon Black,Directional,-2.87,8.0,No,Smooth,Cold,61433.8,22199.2,24454.7,5.64
Coupe,Diesel,Automatic,Germany,193,132,164,4.88,32.86,1764,6.47,driven,Michelin,195/65R15,Silica Compound,Asymmetric,-0.63,7.5,No,Off-road,Cold,44399.0,19882.3,15281.1,4.78
Truck,Electric,Automatic,USA,222,531,247,13.54,17.74,1677,4.99,driven,Bridgestone,245/40R18,Silica Compound,Directional,2.34,8.5,No,Off-road,Dry,41827.8,12181.0,18478.7,6.5
Sedan,Petrol,Automatic,Germany,199,530,274,13.21,21.74,2320,5.25,dead,Continental,195/65R15,Silica Compound,Symmetric,0.12,8.5,No,Rough,Rainy,43987.1,33710.5,6405.4,3.19
Truck,Hybrid,Manual,UK,249,426,248,4.54,46.65,2449,5.1,driven,Pirelli,245/40R18,Silica Compound,Directional,-0.91,7.5,No,Smooth,Cold,68528.2,28065.5,25220.2,4.94
SUV,Petrol,Manual,India,236,439,273,7.6,40.93,1790,4.72,driven,Michelin,205/55R16,Silica Compound,Asymmetric,-1.48,7.5,No,Rough,Rainy,53213.0,47201.3,3747.1,2.05
Hatchback,Hybrid,Manual,Germany,414,171,163,12.13,37.79,2357,5.48,dead,Goodyear,225/65R17,Silica Compound,Symmetric,-1.54,8.0,No,Rough,Humid,41469.9,39959.9,941.2,1.69
Sedan,Diesel,Automatic,Japan,428,328,158,10.12,21.7,1582,5.26,dead,Bridgestone,245/40R18,Carbon Black,Asymmetric,-2.4,8.5,No,Smooth,Rainy,57509.0,49446.7,5025.2,2.57
Coupe,Petrol,Manual,India,339,157,222,11.79,48.51,1670,5.89,dead,Michelin,195/65R15,Carbon Black,Symmetric,1.9,7.5,Yes,Off-road,Humid,45991.4,24036.3,13684.5,4.35
SUV,Diesel,Manual,Japan,161,219,254,11.19,53.43,1537,6.14,dead,Continental,245/40R18,Silica Compound,Symmetric,-2.48,7.5,No,Off-road,Dry,40205.1,20496.9,12284.0,4.55
Truck,Diesel,Manual,Germany,321,312,148,8.97,16.64,2185,5.59,dead,Continental,245/40R18,Silica Compound,Directional,-1.25,8.5,No,Rough,Dry,62751.6,13546.3,30669.4,6.87
SUV,Hybrid,Automatic,India,251,521,251,4.41,18.12,1429,4.56,driven,Goodyear,245/40R18,Silica Compound,Directional,-2.73,7.5,No,Off-road,Dry,44645.9,26442.8,11345.9,4.04
Sedan,Hybrid,Automatic,Japan,310,310,241,9.84,50.39,2092,5.74,dead,Michelin,245/40R18,Carbon Black,Symmetric,1.69,8.0,No,Smooth,Humid,68274.6,65047.0,2011.8,1.74
Truck,Hybrid,Manual,UK,287,170,187,4.49,47.62,1132,4.61,dead,Goodyear,245/40R18,Silica Compound,Directional,-2.76,7.5,No,Off-road,Cold,57784.0,4657.8,33113.3,7.03
Hatchback,Petrol,Manual,UK,154,512,208,10.04,39.72,1188,5.73,dead,Continental,245/40R18,Silica Compound,Directional,-1.15,7.5,No,Off-road,Humid,42609.9,32062.1,6574.4,2.83
SUV,Electric,Automatic,Germany,349,260,258,12.0,52.8,1572,5.87,driven,Continental,195/65R15,Carbon Black,Asymmetric,0.44,8.0,No,Rough,Rainy,46534.7,40463.8,3784.0,2.31
Sedan,Hybrid,Automatic,India,193,287,184,9.85,40.86,1278,4.9,driven,Pirelli,245/40R18,Carbon Black,Directional,-0.54,8.0,No,Off-road,Rainy,58325.3,57549.8,483.4,1.72
Coupe,Hybrid,Manual,USA,141,430,264,13.97,23.64,2453,6.14,driven,Continental,245/40R18,Dual Compound,Symmetric,-1.31,8.0,No,Smooth,Humid,50143.4,16785.9,20791.6,5.89
Truck,Petrol,Automatic,India,441,228,153,8.56,44.15,1541,6.32,driven,Bridgestone,245/40R18,Silica Compound,Directional,-1.35,8.5,No,Rough,Dry,55964.3,19899.5,22479.0,6.16
SUV,Hybrid,Manual,UK,399,326,273,11.49,40.83,2184,6.13,dead,Pirelli,225/65R17,Carbon Black,Symmetric,1.79,7.5,No,Smooth,Dry,63985.4,14702.3,30717.9,6.03
SUV,Petrol,Automatic,Japan,181,546,274,10.67,54.43,1745,5.11,dead,Goodyear,205/55R16,Dual Compound,Symmetric,2.84,7.5,No,Off-road,Rainy,63778.0,50324.9,8385.3,2.87
Hatchback,Diesel,Manual,USA,441,419,176,13.91,23.56,1898,5.67,dead,Continental,205/55R16,Carbon Black,Asymmetric,-0.91,8.0,No,Off-road,Rainy,60939.6,8534.0,32664.2,7.26
Hatchback,Hybrid,Manual,Germany,289,229,192,11.13,38.92,1452,6.33,driven,Bridgestone,205/55R16,Dual Compound,Symmetric,-2.77,8.5,No,Rough,Cold,66581.6,17828.4,30387.7,6.7
Coupe,Hybrid,Automatic,USA,334,315,157,5.64,46.21,1888,5.14,dead,Pirelli,195/65R15,Dual Compound,Symmetric,-2.78,8.0,No,Smooth,Cold,45980.8,13576.4,20197.5,5.93
Coupe,Diesel,Manual,Germany,99,536,177,13.56,28.56,1850,6.14,driven,Bridgestone,195/65R15,Silica Compound,Asymmetric,1.56,7.5,No,Off-road,Cold,45317.2,16990.8,17655.7,5.06
Sedan,Diesel,Manual,USA,137,271,268,10.68,30.19,1169,4.52,driven,Pirelli,195/65R15,Silica Compound,Symmetric,0.31,8.5,Yes,Off-road,Rainy,63980.5,26978.3,23063.3,5.65
Sedan,Diesel,Manual,Germany,191,539,183,4.59,50.52,1829,4.51,driven,Pirelli,245/40R18,Dual Compound,Asymmetric,1.7,8.5,No,Rough,Cold,49626.7,27742.6,13640.3,4.64
Coupe,Hybrid,Automatic,Germany,392,362,186,10.58,31.17,1697,6.02,dead,Pirelli,205/55R16,Silica Compound,Symmetric,1.18,7.5,No,Off-road,Rainy,55365.5,52507.1,1781.6,1.71
Coupe,Electric,Automatic,USA,275,247,174,12.83,39.99,2080,6.02,dead,Goodyear,245/40R18,Carbon Black,Directional,2.45,8.5,No,Off-road,Rainy,62318.6,15410.1,29237.8,6.8
Truck,Electric,Automatic,USA,432,224,199,9.77,50.57,2263,6.08,dead,Pirelli,225/65R17,Carbon Black,Asymmetric,2.31,8.5,No,Off-road,Humid,51878.0,40424.4,7139.0,3.17
Hatchback,Electric,Manual,Germany,171,129,229,7.54,23.39,1768,6.36,dead,Pirelli,205/55R16,Dual Compound,Asymmetric,1.73,8.0,No,Smooth,Cold,43904.9,29696.8,8855.8,3.66
Sedan,Hybrid,Automatic,UK,131,475,191,12.21,54.28,1357,4.74,driven,Bridgestone,225/65R17,Dual Compound,Symmetric,-0.15,8.5,Yes,Smooth,Humid,60383.7,7007.5,33269.1,7.62
Hatchback,Diesel,Manual,USA,372,267,147,11.83,43.08,1200,4.96,dead,Pirelli,225/65R17,Carbon Black,Asymmetric,-1.15,8.0,No,Smooth,Humid,64514.8,52281.3,7625.1,3.01
Hatchback,Hybrid,Manual,India,87,484,246,9.44,34.84,1443,6.31,driven,Goodyear,245/40R18,Carbon Black,Symmetric,0.04,8.5,No,Off-road,Cold,40383.9,3659.3,22890.3,7.78
Coupe,Diesel,Automatic,Japan,379,483,270,5.54,32.24,1826,4.85,driven,Bridgestone,205/55R16,Dual Compound,Asymmetric,0.01,8.0,No,Rough,Rainy,56876.6,42027.6,9255.3,3.24
Truck,Hybrid,Automatic,Germany,177,578,235,6.51,53.17,2325,5.86,driven,Pirelli,225/65R17,Carbon Black,Asymmetric,0.66,8.0,No,Rough,Rainy,54082.2,38711.3,9580.6,3.21
SUV,Hybrid,Manual,Germany,315,259,165,11.38,23.23,2129,5.56,driven,Bridgestone,205/55R16,Carbon Black,Directional,-1.88,8.5,No,Rough,Rainy,47787.9,32945.1,9251.5,3.7
Truck,Diesel,Manual,Japan,148,309,250,12.06,27.47,1100,4.67,driven,Goodyear,225/65R17,Dual Compound,Symmetric,0.93,8.0,No,Smooth,Cold,44830.9,12404.4,20211.3,6.1
Truck,Electric,Automatic,UK,124,521,262,6.79,27.31,2120,5.07,driven,Bridgestone,225/65R17,Silica Compound,Directional,-0.26,7.5,Yes,Smooth,Rainy,45641.1,26169.1,12136.8,4.01
Hatchback,Diesel,Automatic,Japan,216,213,190,7.68,26.56,1937,5.54,driven,Goodyear,245/40R18,Carbon Black,Asymmetric,0.72,7.5,No,Smooth,Humid,61749.2,47026.8,9176.4,2.91
Truck,Petrol,Automatic,USA,313,348,262,4.78,33.74,1028,6.2,dead,Continental,205/55R16,Silica Compound,Symmetric,-1.56,8.5,No,Smooth,Dry,56085.9,35759.9,12669.1,4.12
Sedan,Petrol,Manual,Japan,111,182,144,11.13,54.57,1664,5.92,dead,Pirelli,245/40R18,Silica Compound,Directional,-0.39,8.5,No,Off-road,Cold,69434.6,55846.7,8469.3,2.98
Hatchback,Diesel,Manual,Germany,368,459,216,4.04,50.55,2461,5.74,driven,Goodyear,245/40R18,Carbon Black,Asymmetric,-1.74,8.5,No,Rough,Dry,47296.9,32534.7,9201.2,3.84
Sedan,Hybrid,Manual,Japan,205,144,140,4.47,28.12,2402,5.49,dead,Pirelli,245/40R18,Silica Compound,Directional,2.25,7.5,No,Rough,Humid,68707.1,18856.7,31071.5,5.88
SUV,Petrol,Manual,India,146,387,150,4.04,31.91,1072,5.1,dead,Goodyear,245/40R18,Dual Compound,Asymmetric,-0.07,8.5,No,Smooth,Dry,55453.3,8487.5,29273.5,7.22
Hatchback,Petrol,Manual,USA,109,524,147,10.45,41.78,1253,4.74,dead,Michelin,245/40R18,Carbon Black,Asymmetric,-1.65,8.5,Yes,Rough,Humid,44380.8,28047.7,10180.3,4.31
SUV,Hybrid,Automatic,Japan,193,400,171,8.17,15.69,1515,5.32,dead,Michelin,225/65R17,Carbon Black,Symmetric,-2.75,8.0,No,Rough,Dry,44445.4,33767.7,6655.3,3.16
Hatchback,Hybrid,Automatic,Germany,283,130,167,6.98,47.81,1748,4.56,driven,Michelin,205/55R16,Silica Compound,Symmetric,1.05,8.5,No,Smooth,Dry,58257.0,8291.3,31143.4,7.34
Coupe,Electric,Manual,USA,108,439,270,13.13,50.19,2043,4.92,dead,Goodyear,205/55R16,Carbon Black,Symmetric,-1.71,7.5,No,Smooth,Rainy,64942.7,11353.3,33402.0,6.54
Truck,Hybrid,Manual,Germany,210,320,267,5.93,49.29,1534,5.36,driven,Pirelli,245/40R18,Carbon Black,Asymmetric,2.94,7.5,No,Smooth,Dry,62431.3,753.5,38443.5,7.5
Coupe,Diesel,Automatic,UK,264,245,201,7.89,30.0,1420,5.34,driven,Michelin,205/55R16,Silica Compound,Directional,0.2,8.5,No,Smooth,Humid,59668.8,31728.8,17414.8,4.69
SUV,Diesel,Automatic,India,332,425,166,13.4,33.48,1445,4.59,dead,Pirelli,225/65R17,Silica Compound,Symmetric,-1.27,7.5,No,Off-road,Humid,45163.2,24491.6,12884.5,4.22
Truck,Electric,Automatic,UK,365,309,184,8.27,15.5,1878,5.68,dead,Goodyear,245/40R18,Carbon Black,Symmetric,0.95,8.0,No,Rough,Humid,43250.2,21628.4,13476.8,4.83
Hatchback,Petrol,Automatic,India,141,208,244,9.55,30.98,1135,5.6,driven,Pirelli,195/65R15,Carbon Black,Symmetric,-1.35,8.0,No,Off-road,Cold,40007.4,12642.8,17056.3,6.08
Truck,Petrol,Manual,Japan,82,474,231,4.8,33.42,2324,4.66,driven,Pirelli,195/65R15,Dual Compound,Symmetric,1.92,8.5,No,Rough,Humid,43053.8,18418.9,15354.8,5.64
Sedan,Hybrid,Automatic,USA,147,235,164,11.9,51.28,1032,6.39,dead,Michelin,225/65R17,Dual Compound,Asymmetric,-1.15,8.5,Yes,Off-road,Cold,62991.0,48266.0,9178.0,3.23
Truck,Diesel,Manual,Japan,104,471,183,8.23,50.76,1646,4.7,dead,Bridgestone,225/65R17,Carbon Black,Directional,2.93,8.0,No,Smooth,Humid,66857.5,12154.5,34096.1,6.73
Sedan,Petrol,Automatic,India,258,296,275,12.01,53.64,1277,6.21,driven,Continental,195/65R15,Carbon Black,Asymmetric,0.63,8.0,Yes,Off-road,Cold,47210.5,9515.2,23495.3,6.56
Truck,Electric,Automatic,India,220,133,219,6.54,50.4,1132,4.5,dead,Goodyear,245/40R18,Dual Compound,Asymmetric,2.07,8.5,Yes,Smooth,Dry,63846.8,42584.4,13252.7,3.87
Sedan,Electric,Automatic,India,310,376,221,8.22,15.33,1749,6.26,driven,Goodyear,225/65R17,Silica Compound,Asymmetric,-2.56,7.5,Yes,Smooth,Dry,45965.5,39847.5,3813.3,2.35
SUV,Diesel,Manual,Germany,379,328,274,11.87,40.66,1125,4.54,driven,Goodyear,195/65R15,Carbon Black,Symmetric,-0.91,8.5,Yes,Off-road,Humid,47478.2,16161.3,19519.7,6.28
Coupe,Electric,Manual,USA,242,400,227,13.74,17.73,1344,6.02,driven,Continental,245/40R18,Dual Compound,Directional,1.42,8.5,No,Rough,Cold,46724.7,43582.2,1958.7,2.12
Hatchback,Electric,Automatic,Japan,390,562,266,4.6,25.9,1016,5.22,driven,Bridgestone,225/65R17,Dual Compound,Asymmetric,0.93,8.5,No,Off-road,Rainy,41551.9,2396.6,24405.3,8.22
Truck,Diesel,Manual,Japan,209,447,194,12.12,38.13,1823,5.98,dead,Pirelli,205/55R16,Carbon Black,Asymmetric,-1.83,8.5,No,Smooth,Rainy,45821.8,5430.8,25175.5,7.73
Coupe,Hybrid,Manual,UK,325,444,195,7.01,43.02,1561,5.3,driven,Goodyear,205/55R16,Carbon Black,Asymmetric,-0.86,8.5,No,Smooth,Rainy,51206.3,23552.8,17236.3,5.63
Hatchback,Hybrid,Automatic,India,376,508,154,9.51,41.19,1646,4.64,driven,Pirelli,205/55R16,Dual Compound,Symmetric,-1.42,8.5,No,Rough,Dry,52164.1,37739.9,8990.5,3.4
Hatchback,Electric,Automatic,India,251,224,197,6.9,16.96,1629,6.04,dead,Michelin,245/40R18,Carbon Black,Symmetric,0.68,8.5,No,Rough,Dry,49284.0,18276.3,19326.9,5.96
Sedan,Hybrid,Manual,India,143,266,227,10.13,19.14,2401,4.64,dead,Michelin,225/65R17,Silica Compound,Asymmetric,-0.93,7.5,No,Rough,Cold,55441.8,30756.2,15386.4,4.19
SUV,Hybrid,Manual,Japan,110,398,236,7.54,20.14,1817,6.34,driven,Michelin,195/65R15,Carbon Black,Symmetric,-1.15,8.5,No,Smooth,Humid,51339.9,1466.8,31085.7,8.49
SUV,Electric,Manual,UK,126,128,147,7.34,18.66,1059,4.6,dead,Goodyear,225/65R17,Dual Compound,Directional,-1.76,8.0,Yes,Off-road,Dry,69110.9,31917.8,23182.3,4.9
Coupe,Hybrid,Automatic,Germany,209,237,179,4.38,22.13,1466,5.46,dead,Continental,205/55R16,Dual Compound,Symmetric,-0.55,8.5,No,Rough,Humid,64220.5,15578.3,30318.4,6.75
SUV,Electric,Automatic,USA,431,213,153,5.47,42.54,1627,5.95,driven,Goodyear,205/55R16,Carbon Black,Asymmetric,-1.83,7.5,No,Smooth,Rainy,67929.3,35076.6,20476.9,4.41
Truck,Petrol,Manual,Germany,412,553,192,13.17,48.23,1390,5.29,dead,Michelin,245/40R18,Dual Compound,Directional,2.78,8.0,No,Off-road,Rainy,56722.8,29826.7,16764.2,4.51
SUV,Diesel,Automatic,Japan,189,263,266,13.98,31.35,1935,4.93,dead,Michelin,195/65R15,Silica Compound,Symmetric,-2.07,8.5,No,Rough,Humid,60350.2,45453.3,9285.2,3.35
Coupe,Diesel,Automatic,India,148,408,219,11.81,42.71,1684,6.02,dead,Goodyear,245/40R18,Carbon Black,Asymmetric,2.48,8.5,No,Off-road,Cold,45000.3,24293.0,12906.7,4.67
SUV,Hybrid,Manual,USA,137,505,254,6.87,23.0,2210,6.07,dead,Continental,195/65R15,Carbon Black,Directional,-0.43,8.0,No,Off-road,Rainy,62583.6,38443.2,15046.6,4.19
Truck,Hybrid,Manual,Japan,185,133,273,8.02,53.93,1497,6.35,dead,Continental,225/65R17,Dual Compound,Directional,-0.73,8.5,No,Smooth,Cold,47079.1,24935.3,13802.1,5.07
Sedan,Hybrid,Automatic,Japan,379,376,194,11.4,29.0,1599,5.25,driven,Pirelli,245/40R18,Silica Compound,Directional,-1.61,7.5,No,Smooth,Rainy,44375.0,43948.0,266.1,1.73
Coupe,Diesel,Automatic,Japan,409,465,183,13.69,48.83,2384,5.51,dead,Bridgestone,245/40R18,Carbon Black,Symmetric,0.81,8.5,No,Smooth,Dry,41255.8,32658.9,5358.4,3.13
Sedan,Petrol,Manual,USA,335,305,157,8.55,52.81,1448,5.23,driven,Michelin,245/40R18,Dual Compound,Directional,1.11,7.5,No,Off-road,Rainy,54166.9,40931.0,8249.9,2.98
Sedan,Petrol,Automatic,USA,391,464,155,12.3,49.59,1679,5.01,driven,Continental,205/55R16,Carbon Black,Symmetric,-0.19,8.5,No,Rough,Cold,48603.7,30487.1,11292.0,4.23
Sedan,Diesel,Automatic,UK,250,519,151,13.75,17.68,2204,6.0,dead,Michelin,205/55R16,Silica Compound,Asymmetric,-2.67,8.0,No,Rough,Dry,69601.8,36775.6,20460.4,4.7
Hatchback,Petrol,Manual,UK,241,326,184,12.73,41.01,1129,5.18,dead,Bridgestone,195/65R15,Dual Compound,Symmetric,2.51,7.5,Yes,Rough,Rainy,47495.0,16374.3,19397.4,5.56
Hatchback,Diesel,Manual,Germany,365,465,232,6.27,19.8,1148,5.36,dead,Michelin,225/65R17,Carbon Black,Symmetric,2.88,8.5,No,Smooth,Dry,65996.3,51739.0,8886.5,3.24
Sedan,Petrol,Automatic,USA,150,550,161,4.08,15.23,2495,5.31,dead,Continental,245/40R18,Dual Compound,Asymmetric,-0.41,8.5,No,Rough,Dry,49493.2,9384.4,24999.6,7.23
Coupe,Electric,Automatic,USA,334,291,236,8.92,17.07,1817,5.93,dead,Pirelli,205/55R16,Dual Compound,Symmetric,0.68,8.0,Yes,Rough,Rainy,62473.8,2283.3,37516.4,7.84
Truck,Electric,Automatic,USA,134,583,186,9.31,51.65,1947,6.34,dead,Goodyear,245/40R18,Silica Compound,Symmetric,-0.3,8.0,Yes,Smooth,Humid,59795.2,41747.4,11249.2,3.53
Truck,Diesel,Manual,UK,402,389,168,6.01,51.34,1499,5.83,dead,Goodyear,195/65R15,Silica Compound,Asymmetric,-1.07,7.5,No,Rough,Humid,56853.5,8235.3,30303.5,6.5
SUV,Petrol,Automatic,Japan,82,340,184,6.85,24.03,2378,5.44,dead,Continental,195/65R15,Carbon Black,Directional,-2.54,7.5,No,Rough,Cold,52504.7,47455.2,3147.4,2.02
Coupe,Hybrid,Automatic,India,105,271,216,11.65,36.88,2234,6.06,dead,Continental,225/65R17,Dual Compound,Asymmetric,-0.26,7.5,No,Rough,Cold,60133.2,46343.5,8595.0,2.9
Hatchback,Petrol,Manual,UK,392,230,148,8.7,53.2,1657,5.78,dead,Bridgestone,195/65R15,Dual Compound,Directional,1.91,8.5,No,Off-road,Rainy,52218.4,31448.2,12945.9,4.32
Sedan,Electric,Manual,USA,205,302,163,7.17,34.87,2053,4.62,dead,Michelin,245/40R18,Dual Compound,Symmetric,-2.9,8.5,No,Off-road,Dry,56443.0,17718.9,24136.6,6.27
SUV,Electric,Automatic,UK,132,518,154,10.23,30.74,1576,4.69,dead,Bridgestone,225/65R17,Carbon Black,Asymmetric,0.49,7.5,No,Smooth,Dry,57694.1,36805.5,13019.7,3.73
Truck,Petrol,Manual,Germany,277,458,152,10.53,34.33,2047,4.58,driven,Goodyear,225/65R17,Silica Compound,Directional,2.28,8.5,No,Smooth,Humid,48020.7,22899.0,15658.2,5.33
Hatchback,Petrol,Manual,USA,378,191,230,11.69,46.61,1983,5.41,dead,Michelin,205/55R16,Silica Compound,Symmetric,-1.69,8.0,No,Off-road,Humid,50192.1,14613.4,22176.1,6.17
Hatchback,Hybrid,Automatic,Germany,267,537,240,5.57,34.09,1722,6.15,driven,Bridgestone,245/40R18,Dual Compound,Symmetric,-1.9,8.5,No,Smooth,Dry,40541.5,38314.9,1387.8,2.02
Sedan,Hybrid,Manual,USA,265,505,210,11.42,46.33,1221,5.13,driven,Goodyear,195/65R15,Carbon Black,Symmetric,1.63,7.5,Yes,Smooth,Dry,65564.8,10614.2,34250.4,6.49
Truck,Petrol,Manual,UK,384,402,261,9.99,32.27,1601,5.27,dead,Michelin,205/55R16,Dual Compound,Directional,-1.47,8.5,No,Rough,Cold,62679.5,47221.7,9634.8,3.45
Coupe,Petrol,Automatic,Japan,377,193,215,4.58,25.08,1683,6.32,driven,Pirelli,245/40R18,Silica Compound,Directional,-1.85,8.0,No,Smooth,Dry,45505.9,36406.5,5671.6,2.79
Hatchback,Petrol,Manual,India,283,474,255,11.77,28.06,1741,6.17,dead,Pirelli,245/40R18,Dual Compound,Directional,-0.73,7.5,No,Smooth,Dry,50861.5,48409.7,1528.2,1.64
Sedan,Petrol,Automatic,Germany,90,334,200,7.83,18.11,1924,5.83,dead,Bridgestone,225/65R17,Dual Compound,Symmetric,-0.64,7.5,No,Rough,Rainy,52632.1,28916.9,14781.5,4.25
Coupe,Diesel,Automatic,UK,438,447,265,7.3,34.9,1579,5.03,driven,Continental,225/65R17,Dual Compound,Directional,2.24,7.5,No,Rough,Dry,50031.4,26760.5,14504.6,4.28
Truck,Petrol,Manual,Japan,433,595,140,8.48,20.92,1400,4.73,dead,Michelin,245/40R18,Silica Compound,Asymmetric,0.71,7.5,No,Off-road,Humid,63947.3,58850.0,3177.1,2.11
Hatchback,Hybrid,Manual,UK,225,142,207,7.46,47.46,1900,4.53,driven,Bridgestone,205/55R16,Carbon Black,Directional,-0.56,8.5,No,Smooth,Humid,61762.6,49477.6,7657.2,2.95
Coupe,Electric,Manual,Germany,164,187,227,7.38,31.82,1511,4.71,driven,Continental,225/65R17,Dual Compound,Directional,0.21,8.0,No,Rough,Cold,63014.8,48120.4,9283.6,3.22
Coupe,Diesel,Automatic,India,179,517,160,12.08,45.6,1087,5.09,dead,Continental,225/65R17,Silica Compound,Symmetric,2.72,8.5,No,Smooth,Cold,67123.9,52970.0,8822.1,3.08
Coupe,Petrol,Manual,UK,183,566,274,5.25,53.18,2488,5.6,driven,Michelin,245/40R18,Dual Compound,Asymmetric,-2.32,8.5,No,Smooth,Rainy,57854.5,28532.8,18276.1,5.22
Hatchback,Electric,Automatic,USA,125,492,142,13.71,48.98,1049,4.63,driven,Michelin,245/40R18,Carbon Black,Asymmetric,-1.75,7.5,No,Off-road,Cold,58436.0,2420.3,34914.3,7.12
Hatchback,Diesel,Manual,Japan,123,481,190,9.55,53.06,1102,4.77,dead,Continental,225/65R17,Dual Compound,Asymmetric,2.78,8.0,No,Off-road,Dry,61658.0,12224.6,30811.6,6.57
SUV,Electric,Manual,UK,357,212,218,5.83,37.72,1367,4.86,driven,Goodyear,205/55R16,Carbon Black,Directional,2.74,8.5,No,Off-road,Dry,60437.0,38860.5,13448.5,4.16
Truck,Petrol,Manual,Japan,260,440,234,5.31,21.61,1935,5.76,dead,Bridgestone,225/65R17,Silica Compound,Symmetric,-1.94,8.0,No,Off-road,Rainy,66094.4,26184.3,24875.7,5.44
Sedan,Petrol,Automatic,USA,266,443,262,9.92,52.42,2291,5.73,dead,Michelin,245/40R18,Carbon Black,Directional,-2.13,8.0,No,Off-road,Humid,63105.9,38290.8,15467.1,4.13
Coupe,Hybrid,Manual,India,193,503,145,10.33,49.74,2420,5.6,dead,Continental,225/65R17,Carbon Black,Symmetric,-0.47,8.0,No,Rough,Dry,43613.8,24060.7,12187.3,4.37
SUV,Petrol,Manual,India,334,182,156,4.53,49.58,2343,5.0,dead,Goodyear,245/40R18,Silica Compound,Asymmetric,-2.7,8.0,No,Off-road,Dry,67850.8,29763.4,23739.6,5.23
Sedan,Petrol,Automatic,USA,109,343,256,6.43,42.73,2472,5.24,driven,Pirelli,225/65R17,Carbon Black,Directional,0.93,8.5,No,Rough,Rainy,60493.0,14199.4,28854.6,7.03
SUV,Diesel,Automatic,Japan,343,344,199,11.95,40.0,2499,4.69,dead,Continental,245/40R18,Carbon Black,Symmetric,-2.54,8.0,No,Off-road,Humid,43814.4,31500.8,7675.0,3.51
Hatchback,Hybrid,Manual,UK,177,488,264,4.5,15.59,1897,4.95,driven,Goodyear,245/40R18,Silica Compound,Directional,-2.65,8.5,No,Rough,Cold,63159.2,57414.6,3580.6,2.25
Coupe,Diesel,Manual,USA,392,465,220,12.55,44.92,1908,6.3,driven,Pirelli,205/55R16,Carbon Black,Symmetric,-0.09,8.0,Yes,Smooth,Dry,50752.4,39077.5,7276.9,2.95
Sedan,Electric,Manual,Germany,446,456,224,10.58,18.66,2263,6.46,dead,Goodyear,245/40R18,Carbon Black,Asymmetric,2.75,8.0,No,Off-road,Humid,64179.3,7704.0,35200.8,7.23
Sedan,Petrol,Automatic,Japan,408,222,190,8.34,25.39,1257,5.8,dead,Michelin,225/65R17,Dual Compound,Directional,-0.44,8.5,No,Rough,Rainy,68662.2,36936.8,19774.3,4.93
Sedan,Electric,Automatic,India,194,334,278,7.46,37.06,1389,6.33,dead,Continental,245/40R18,Carbon Black,Asymmetric,-0.86,7.5,Yes,Off-road,Rainy,47657.3,39811.3,4890.4,2.32
Sedan,Diesel,Automatic,USA,355,311,210,4.19,33.07,2366,5.79,driven,Pirelli,195/65R15,Carbon Black,Directional,2.99,8.5,No,Rough,Humid,65722.3,38840.7,16755.2,4.54
Sedan,Petrol,Automatic,India,360,279,178,12.25,15.63,1772,4.57,dead,Goodyear,225/65R17,Carbon Black,Directional,0.19,8.0,No,Rough,Rainy,63206.8,27783.8,22079.0,5.39
SUV,Petrol,Manual,Japan,354,491,208,5.43,47.96,1753,6.49,driven,Pirelli,205/55R16,Silica Compound,Symmetric,-0.75,8.5,No,Off-road,Cold,60135.5,17111.4,26816.8,6.63
Coupe,Diesel,Automatic,India,340,326,187,7.1,50.15,2410,4.7,dead,Bridgestone,225/65R17,Carbon Black,Symmetric,-0.68,8.0,No,Rough,Humid,51547.6,17030.9,21514.1,5.73
Hatchback,Diesel,Automatic,USA,410,388,264,9.69,42.27,1393,5.87,dead,Continental,205/55R16,Silica Compound,Symmetric,-1.83,8.5,No,Smooth,Cold,43295.9,10484.4,20451.2,6.74
Hatchback,Diesel,Automatic,Japan,286,313,196,6.46,36.64,1682,5.01,driven,Michelin,195/65R15,Silica Compound,Asymmetric,0.07,8.5,No,Off-road,Rainy,54516.9,10670.4,27329.3,7.1
Hatchback,Diesel,Manual,Germany,407,499,160,8.97,53.43,1269,5.28,driven,Pirelli,205/55R16,Carbon Black,Asymmetric,-0.37,8.5,No,Smooth,Cold,43170.0,25421.3,11062.7,4.48
Hatchback,Diesel,Manual,USA,290,522,221,12.09,19.8,1148,5.79,dead,Goodyear,245/40R18,Carbon Black,Directional,-1.38,7.5,No,Rough,Cold,55004.4,28018.4,16820.2,4.48
SUV,Petrol,Automatic,UK,294,271,238,8.71,44.52,2403,5.37,dead,Pirelli,195/65R15,Carbon Black,Symmetric,-2.04,8.5,No,Rough,Cold,64608.8,47476.7,10678.4,3.58
Truck,Diesel,Automatic,USA,119,356,154,13.49,20.13,1810,5.0,dead,Goodyear,195/65R15,Carbon Black,Asymmetric,-1.13,8.5,No,Off-road,Cold,69929.1,21533.2,30164.9,6.38
Coupe,Petrol,Manual,Japan,105,207,208,12.48,30.27,1027,5.17,driven,Pirelli,205/55R16,Carbon Black,Directional,0.05,7.5,No,Smooth,Humid,45940.3,21170.4,15438.9,4.76
Sedan,Petrol,Manual,USA,106,130,215,7.33,38.42,2172,5.18,dead,Michelin,225/65R17,Carbon Black,Asymmetric,-2.65,7.5,No,Smooth,Rainy,46235.7,31457.4,9211.3,3.31
Truck,Diesel,Manual,Germany,269,306,201,8.0,44.48,2443,6.42,dead,Michelin,205/55R16,Carbon Black,Directional,-2.08,8.0,No,Off-road,Rainy,64326.5,61961.5,1474.1,1.76
Hatchback,Diesel,Manual,Germany,162,333,258,8.23,15.15,1279,6.1,driven,Continental,205/55R16,Silica Compound,Symmetric,2.69,8.0,No,Smooth,Dry,54071.8,18864.0,21944.8,5.86
Truck,Hybrid,Manual,UK,249,134,176,10.26,25.42,2205,5.42,dead,Michelin,195/65R15,Dual Compound,Directional,0.26,8.5,No,Off-road,Cold,67474.1,20121.4,29514.7,6.52
Coupe,Petrol,Manual,India,246,385,273,6.87,36.53,1165,4.9,driven,Pirelli,245/40R18,Silica Compound,Directional,-2.62,8.0,No,Off-road,Cold,63069.9,28336.6,21649.1,5.18
Sedan,Diesel,Manual,Japan,267,416,165,13.69,36.31,1016,6.12,driven,Pirelli,225/65R17,Carbon Black,Symmetric,1.16,8.5,Yes,Rough,Dry,62092.8,44947.4,10686.7,3.47
Sedan,Diesel,Manual,Japan,248,530,147,10.09,40.51,2173,4.81,dead,Michelin,205/55R16,Dual Compound,Symmetric,-2.63,7.5,No,Rough,Dry,43058.6,41403.0,1031.9,1.73
Coupe,Diesel,Automatic,India,368,563,143,7.99,27.15,1338,4.92,dead,Bridgestone,245/40R18,Dual Compound,Directional,1.43,7.5,No,Smooth,Cold,41076.3,22038.9,11865.9,4.29
Coupe,Hybrid,Automatic,Germany,308,192,160,10.45,36.62,2068,5.23,driven,Pirelli,245/40R18,Carbon Black,Asymmetric,1.5,8.5,No,Off-road,Rainy,49502.9,40218.1,5787.1,3.01
Hatchback,Hybrid,Automatic,Germany,176,171,164,7.95,22.59,1841,6.26,driven,Continental,225/65R17,Carbon Black,Symmetric,0.91,8.0,No,Off-road,Dry,46519.0,21603.4,15529.7,5.13
Sedan,Electric,Automatic,USA,446,247,182,12.18,22.47,1188,4.76,dead,Bridgestone,245/40R18,Silica Compound,Directional,1.39,8.0,No,Off-road,Cold,61369.3,2446.0,36726.6,7.75
Truck,Petrol,Automatic,UK,95,147,176,9.68,38.06,1650,4.74,driven,Michelin,205/55R16,Dual Compound,Symmetric,-2.47,8.0,No,Off-road,Rainy,53522.0,47860.0,3529.1,2.44
SUV,Electric,Automatic,UK,358,184,181,4.42,42.42,2084,5.49,driven,Goodyear,195/65R15,Dual Compound,Symmetric,1.36,8.5,No,Rough,Humid,55694.4,16144.6,24651.2,6.33
SUV,Diesel,Manual,UK,214,136,231,5.77,19.82,1293,5.05,dead,Pirelli,245/40R18,Carbon Black,Asymmetric,-2.18,8.0,No,Smooth,Dry,64412.2,8931.8,34580.7,7.08
Coupe,Hybrid,Manual,USA,105,470,200,12.65,19.91,2056,5.64,driven,Goodyear,195/65R15,Carbon Black,Symmetric,-0.96,7.5,Yes,Rough,Dry,54355.1,54146.5,130.0,1.63
Hatchback,Hybrid,Automatic,UK,431,547,207,9.63,37.61,2322,5.4,driven,Continental,225/65R17,Dual Compound,Directional,2.66,7.5,No,Off-road,Rainy,56347.8,19575.2,22920.2,5.34
SUV,Electric,Automatic,India,91,257,192,13.5,25.8,1414,5.37,driven,Bridgestone,225/65R17,Dual Compound,Directional,0.02,7.5,No,Smooth,Humid,65269.6,8911.8,35127.5,6.76
Sedan,Hybrid,Manual,USA,151,438,223,4.72,30.7,1802,4.72,driven,Goodyear,245/40R18,Carbon Black,Symmetric,2.8,7.5,No,Smooth,Rainy,52940.1,16493.1,22717.2,5.64
Coupe,Diesel,Manual,India,212,348,173,6.95,31.03,1430,4.78,driven,Continental,195/65R15,Carbon Black,Symmetric,-2.47,7.5,Yes,Off-road,Dry,42493.8,21834.9,12876.6,4.61
Truck,Hybrid,Manual,USA,185,373,215,5.94,22.14,2123,6.14,driven,Goodyear,205/55R16,Carbon Black,Asymmetric,-0.13,7.5,No,Off-road,Humid,55651.2,4894.9,31636.1,6.96
Coupe,Electric,Automatic,UK,299,596,236,9.54,15.05,2046,6.27,dead,Goodyear,195/65R15,Silica Compound,Asymmetric,-2.63,7.5,No,Rough,Cold,57380.9,20233.7,23153.6,5.37
Truck,Diesel,Manual,India,256,329,169,7.83,49.13,2443,4.97,dead,Continental,245/40R18,Silica Compound,Asymmetric,0.78,7.5,Yes,Rough,Dry,55353.9,37023.8,11425.1,3.67
Coupe,Electric,Automatic,India,361,550,227,5.57,43.6,2447,4.73,dead,Pirelli,195/65R15,Carbon Black,Directional,-2.53,7.5,No,Off-road,Rainy,47741.5,43728.0,2501.6,1.97
Coupe,Hybrid,Automatic,India,212,413,146,10.43,42.62,1486,4.61,dead,Goodyear,195/65R15,Silica Compound,Asymmetric,-1.95,8.5,No,Off-road,Rainy,46710.7,18564.6,17543.3,5.9
Coupe,Electric,Manual,USA,101,350,175,9.36,36.86,1088,5.72,driven,Continental,225/65R17,Dual Compound,Directional,-1.45,8.5,No,Rough,Rainy,51092.7,28845.1,13866.8,4.69
Truck,Electric,Manual,Japan,348,360,177,6.75,43.04,2232,5.93,dead,Goodyear,245/40R18,Dual Compound,Asymmetric,1.49,7.5,No,Smooth,Rainy,44986.9,28614.4,10204.8,3.79
Truck,Petrol,Automatic,UK,240,189,191,8.8,52.43,1270,5.25,driven,Pirelli,195/65R15,Carbon Black,Directional,-2.02,7.5,Yes,Smooth,Rainy,59980.7,4243.8,34740.5,7.04
Coupe,Hybrid,Manual,India,186,223,279,11.46,41.63,1899,5.86,dead,Continental,245/40R18,Dual Compound,Symmetric,2.08,7.5,No,Smooth,Dry,58440.2,19999.7,23959.8,5.44
SUV,Hybrid,Manual,Japan,358,323,232,6.05,25.6,2429,5.93,driven,Goodyear,205/55R16,Dual Compound,Directional,-2.21,8.0,No,Rough,Humid,58971.9,40351.7,11605.8,3.58
Hatchback,Electric,Automatic,UK,432,172,246,6.93,37.82,1277,6.37,dead,Michelin,245/40R18,Dual Compound,Symmetric,-2.79,8.5,No,Off-road,Rainy,46743.9,34387.7,7701.6,3.3
Hatchback,Petrol,Manual,UK,314,581,265,7.46,32.69,1205,4.63,driven,Pirelli,205/55R16,Dual Compound,Directional,-0.63,7.5,No,Smooth,Rainy,47395.9,16870.7,19026.2,5.34
Hatchback,Hybrid,Automatic,India,97,547,188,11.47,37.26,1912,4.88,dead,Goodyear,245/40R18,Dual Compound,Directional,2.88,8.5,No,Off-road,Cold,63621.7,428.6,39388.0,8.5
Truck,Diesel,Automatic,India,321,494,160,12.47,35.7,1327,4.64,dead,Bridgestone,245/40R18,Silica Compound,Symmetric,-2.34,7.5,No,Rough,Cold,60703.4,416.8,37576.3,7.39
Truck,Electric,Manual,USA,196,449,154,7.76,49.35,1857,6.24,dead,Continental,195/65R15,Silica Compound,Directional,-2.39,8.0,No,Rough,Humid,66255.4,35653.4,19074.1,4.57
SUV,Hybrid,Automatic,Japan,365,173,153,6.97,41.07,1876,6.09,dead,Goodyear,195/65R15,Carbon Black,Directional,1.51,7.5,No,Off-road,Dry,52105.2,28735.3,14566.3,4.31
Hatchback,Diesel,Automatic,Japan,361,395,181,12.89,22.55,1861,5.65,dead,Pirelli,205/55R16,Dual Compound,Asymmetric,-1.13,8.5,No,Off-road,Dry,56419.8,31353.6,15623.7,4.77
Hatchback,Hybrid,Manual,India,223,454,154,13.99,17.52,1335,4.67,driven,Pirelli,205/55R16,Silica Compound,Symmetric,1.3,8.5,No,Off-road,Humid,62163.3,44866.6,10781.0,3.58
Coupe,Diesel,Manual,UK,284,150,202,10.7,31.97,1605,5.05,dead,Bridgestone,225/65R17,Silica Compound,Symmetric,-1.8,8.5,No,Off-road,Humid,69224.6,63774.6,3397.0,2.15
Truck,Electric,Manual,India,118,254,166,13.9,15.62,1591,5.1,driven,Bridgestone,195/65R15,Silica Compound,Asymmetric,-0.24,8.5,No,Smooth,Humid,69689.0,69003.9,427.0,1.91
Hatchback,Hybrid,Automatic,UK,233,177,232,10.6,27.73,2061,5.62,dead,Goodyear,205/55R16,Dual Compound,Asymmetric,-1.41,7.5,No,Off-road,Rainy,69975.3,49057.3,13038.0,3.4
SUV,Hybrid,Automatic,UK,255,224,244,11.33,29.72,2013,5.02,dead,Michelin,195/65R15,Silica Compound,Symmetric,-0.29,8.0,Yes,Smooth,Dry,66715.8,34291.8,20209.7,4.85
SUV,Petrol,Manual,India,320,385,192,7.89,30.02,2251,4.65,dead,Pirelli,245/40R18,Carbon Black,Symmetric,1.61,8.0,No,Rough,Humid,59189.5,8345.4,31690.9,7.23
Hatchback,Electric,Automatic,Germany,448,129,191,8.33,54.17,2157,5.96,driven,Michelin,225/65R17,Carbon Black,Symmetric,1.57,7.5,No,Smooth,Cold,40209.1,15447.3,15433.9,5.05
Truck,Diesel,Manual,Japan,213,372,202,5.44,27.16,1707,5.1,dead,Michelin,195/65R15,Dual Compound,Asymmetric,0.09,7.5,No,Off-road,Rainy,60986.3,34912.0,16252.0,4.03
SUV,Hybrid,Manual,UK,125,414,196,12.23,25.61,1977,5.4,dead,Goodyear,195/65R15,Carbon Black,Asymmetric,2.57,8.5,No,Smooth,Rainy,47158.0,47149.0,5.6,1.73
Coupe,Hybrid,Automatic,UK,129,275,259,13.31,20.18,2413,4.76,driven,Continental,195/65R15,Silica Compound,Directional,-1.42,7.5,No,Rough,Rainy,41715.0,5297.0,22699.1,6.64
SUV,Diesel,Manual,Germany,245,277,191,10.23,35.44,1424,6.11,driven,Continental,195/65R15,Dual Compound,Asymmetric,-1.56,8.0,No,Off-road,Rainy,60915.5,48310.7,7856.5,2.86
Sedan,Electric,Automatic,USA,185,156,246,7.44,21.15,1586,5.63,driven,Continental,205/55R16,Carbon Black,Directional,0.68,7.5,No,Rough,Humid,62680.3,62613.9,41.4,1.57
Sedan,Petrol,Automatic,Germany,295,238,182,5.54,39.65,1805,6.3,driven,Bridgestone,205/55R16,Dual Compound,Directional,0.73,7.5,No,Rough,Rainy,59783.0,48142.7,7255.3,2.73
Truck,Petrol,Manual,Germany,225,186,274,6.65,21.21,1719,5.49,dead,Pirelli,225/65R17,Silica Compound,Asymmetric,-2.72,8.0,No,Off-road,Cold,50955.1,39089.9,7395.5,3.27
Hatchback,Hybrid,Automatic,UK,151,361,256,6.55,38.07,2450,6.38,driven,Bridgestone,245/40R18,Carbon Black,Asymmetric,0.65,8.0,No,Smooth,Cold,55330.1,14312.9,25565.9,6.27
Truck,Diesel,Manual,Japan,409,418,143,10.14,48.05,1948,6.28,driven,Pirelli,245/40R18,Silica Compound,Asymmetric,-0.75,7.5,No,Rough,Humid,68048.4,228.8,42271.6,7.39
Truck,Hybrid,Automatic,Germany,352,582,272,13.45,16.7,1654,5.65,dead,Pirelli,225/65R17,Carbon Black,Asymmetric,1.48,8.5,No,Off-road,Rainy,61888.3,13986.0,29857.3,7.17
Truck,Diesel,Automatic,USA,326,332,219,4.48,31.79,1473,6.37,driven,Pirelli,245/40R18,Dual Compound,Symmetric,1.85,8.5,No,Rough,Cold,55140.5,43550.0,7224.3,3.1
Truck,Petrol,Automatic,India,265,427,180,4.01,33.44,1567,5.15,driven,Goodyear,205/55R16,Carbon Black,Asymmetric,0.31,8.5,No,Smooth,Dry,57803.5,6201.2,32163.4,7.58
Coupe,Electric,Manual,Germany,149,220,271,10.0,46.64,2384,5.23,driven,Continental,195/65R15,Carbon Black,Directional,-2.99,8.0,No,Rough,Rainy,67830.5,20085.9,29759.0,6.14
Coupe,Diesel,Automatic,Germany,229,175,141,6.84,33.72,1210,4.59,dead,Bridgestone,245/40R18,Carbon Black,Directional,0.82,8.0,No,Rough,Humid,51813.5,29145.4,14128.9,4.29
SUV,Petrol,Manual,USA,325,451,182,12.81,37.7,2202,5.68,driven,Bridgestone,195/65R15,Dual Compound,Symmetric,1.49,8.5,No,Rough,Dry,43055.3,24963.9,11276.3,4.52
Sedan,Hybrid,Automatic,Japan,341,443,221,7.27,46.65,2081,5.94,driven,Goodyear,195/65R15,Carbon Black,Symmetric,-1.51,7.5,No,Rough,Rainy,49774.8,27027.1,14178.5,4.1
Truck,Diesel,Automatic,Germany,105,358,247,6.9,37.39,2096,6.05,driven,Pirelli,205/55R16,Silica Compound,Asymmetric,-0.21,7.5,No,Smooth,Dry,52456.0,51453.2,625.0,1.73
SUV,Electric,Manual,Germany,219,512,276,6.7,29.33,1214,4.8,dead,Continental,195/65R15,Dual Compound,Symmetric,2.79,7.5,No,Off-road,Rainy,48188.9,592.0,29666.9,7.47
Sedan,Hybrid,Manual,Japan,178,350,165,5.45,18.43,1899,5.39,dead,Michelin,245/40R18,Dual Compound,Asymmetric,-1.21,8.0,No,Rough,Rainy,55869.2,27241.7,17843.3,4.75
Hatchback,Hybrid,Manual,USA,357,481,221,9.82,44.2,2096,4.85,driven,Michelin,205/55R16,Silica Compound,Asymmetric,-1.66,8.0,No,Smooth,Cold,49145.7,24790.1,15180.7,4.79
Coupe,Petrol,Manual,Germany,130,500,222,5.68,49.85,1466,5.82,dead,Goodyear,225/65R17,Dual Compound,Symmetric,-1.73,8.5,Yes,Rough,Dry,43095.4,12640.8,18982.2,6.57
Sedan,Diesel,Manual,Japan,230,211,270,8.25,53.8,2294,4.82,driven,Continental,205/55R16,Carbon Black,Symmetric,0.35,7.5,No,Rough,Dry,45642.1,23965.3,13511.0,4.33
Hatchback,Hybrid,Automatic,Germany,183,398,212,8.61,52.06,1353,6.31,dead,Michelin,245/40R18,Dual Compound,Directional,2.7,8.0,No,Rough,Humid,67544.7,45476.5,13755.0,3.86
Sedan,Electric,Automatic,India,168,566,239,4.2,46.9,2257,4.96,dead,Michelin,205/55R16,Silica Compound,Symmetric,0.65,8.0,No,Smooth,Humid,58887.9,39617.2,12011.3,3.8
Coupe,Diesel,Manual,UK,220,228,188,4.17,40.74,2342,5.08,driven,Bridgestone,245/40R18,Dual Compound,Symmetric,-1.18,8.5,Yes,Rough,Dry,49429.3,4342.7,28102.2,7.85
Coupe,Electric,Automatic,India,292,436,202,9.2,46.26,2042,6.2,driven,Continental,245/40R18,Silica Compound,Symmetric,0.83,7.5,No,Rough,Cold,51007.5,40931.5,6280.3,2.66
SUV,Hybrid,Automatic,Germany,312,287,194,10.96,32.28,1624,5.42,driven,Michelin,205/55R16,Dual Compound,Directional,0.75,8.0,No,Off-road,Cold,54801.5,51004.3,2366.8,1.92
Truck,Electric,Automatic,USA,262,419,173,13.42,38.79,1371,4.55,dead,Bridgestone,245/40R18,Silica Compound,Asymmetric,0.58,8.0,No,Smooth,Rainy,60193.9,7440.7,32880.8,7.04
Sedan,Petrol,Manual,UK,330,589,244,5.79,28.95,1183,5.49,driven,Continental,225/65R17,Dual Compound,Directional,-2.04,8.0,No,Off-road,Humid,57465.4,23942.4,20894.7,5.25
Sedan,Electric,Automatic,India,88,527,244,5.03,28.07,2300,4.67,dead,Pirelli,245/40R18,Carbon Black,Symmetric,0.81,8.0,No,Off-road,Humid,67980.9,34789.3,20688.2,4.65
Hatchback,Diesel,Automatic,Japan,158,554,208,4.52,45.27,1673,6.47,dead,Continental,225/65R17,Silica Compound,Symmetric,-0.42,7.5,No,Off-road,Humid,58772.5,7923.8,31693.7,6.82
Coupe,Electric,Automatic,USA,131,561,154,8.36,33.16,1754,5.68,driven,Goodyear,225/65R17,Silica Compound,Symmetric,-2.89,8.5,No,Off-road,Rainy,67323.8,33889.7,20839.3,4.94
Sedan,Electric,Manual,India,348,337,142,10.23,23.49,2168,5.01,dead,Bridgestone,245/40R18,Dual Compound,Asymmetric,0.24,7.5,No,Rough,Cold,40162.9,8308.1,19855.0,6.27
Coupe,Petrol,Automatic,Japan,305,341,142,12.41,23.08,2104,5.63,dead,Pirelli,195/65R15,Dual Compound,Directional,2.94,8.5,No,Off-road,Humid,66716.8,62404.3,2688.0,2.16
Sedan,Electric,Automatic,Germany,130,280,241,10.83,49.37,1321,4.65,driven,Bridgestone,225/65R17,Dual Compound,Directional,-0.9,8.0,No,Smooth,Rainy,61643.8,27645.4,21191.0,5.06
SUV,Electric,Manual,Japan,265,135,143,6.08,42.11,1434,6.1,dead,Bridgestone,225/65R17,Carbon Black,Asymmetric,2.79,7.5,No,Rough,Dry,45165.8,44935.5,143.5,1.63
Truck,Hybrid,Manual,India,113,397,227,8.62,36.84,2066,6.35,dead,Michelin,205/55R16,Dual Compound,Directional,-2.42,8.5,No,Off-road,Cold,47891.1,2227.5,28461.9,8.15
Sedan,Hybrid,Automatic,India,370,176,184,13.1,31.04,2336,6.25,driven,Continental,225/65R17,Silica Compound,Asymmetric,1.39,8.5,No,Off-road,Dry,56284.3,7180.8,30606.0,7.57
Coupe,Diesel,Automatic,Germany,309,181,184,7.27,32.23,1292,5.18,driven,Bridgestone,225/65R17,Dual Compound,Asymmetric,-2.31,8.0,No,Smooth,Humid,43748.1,19389.7,15182.5,5.33
SUV,Hybrid,Manual,Japan,210,482,214,8.99,17.3,1687,5.15,driven,Bridgestone,225/65R17,Carbon Black,Directional,-1.36,8.5,No,Smooth,Rainy,63561.0,55575.2,4977.5,2.47
Sedan,Hybrid,Manual,Japan,199,585,148,13.59,33.2,1887,4.57,dead,Goodyear,225/65R17,Dual Compound,Directional,0.43,8.5,No,Off-road,Cold,63735.2,35387.4,17669.0,4.8
Hatchback,Hybrid,Manual,Germany,405,446,257,11.35,46.82,1068,5.8,dead,Goodyear,195/65R15,Dual Compound,Asymmetric,0.56,8.5,No,Off-road,Humid,49028.5,35905.7,8179.4,3.46
Truck,Hybrid,Manual,Japan,326,361,204,11.48,30.52,1055,5.57,dead,Goodyear,225/65R17,Silica Compound,Directional,1.65,8.0,No,Off-road,Cold,42094.5,17829.7,15124.1,5.17
Sedan,Petrol,Manual,Germany,271,209,270,6.52,30.34,1630,5.42,driven,Bridgestone,245/40R18,Dual Compound,Asymmetric,0.69,7.5,No,Off-road,Rainy,69665.4,2822.3,41663.0,7.22
SUV,Hybrid,Manual,USA,402,191,165,8.15,15.63,2227,6.32,dead,Pirelli,195/65R15,Carbon Black,Directional,0.56,8.0,No,Off-road,Rainy,47521.9,30785.3,10431.8,4.09
Hatchback,Petrol,Manual,India,289,445,165,4.82,33.31,1419,4.84,dead,Continental,225/65R17,Dual Compound,Directional,2.47,8.5,No,Smooth,Humid,42026.8,26645.0,9587.4,4.04
SUV,Petrol,Automatic,USA,182,149,162,10.07,16.01,1566,4.52,dead,Bridgestone,245/40R18,Dual Compound,Directional,-0.29,8.5,No,Smooth,Cold,49898.9,3564.2,28880.2,7.94
SUV,Hybrid,Manual,UK,408,478,169,5.04,37.81,1549,4.65,driven,Michelin,245/40R18,Silica Compound,Directional,-1.65,7.5,No,Rough,Rainy,69070.1,11802.8,35694.4,6.6
Hatchback,Electric,Manual,UK,212,526,149,12.36,35.27,1242,4.95,driven,Pirelli,195/65R15,Dual Compound,Directional,-2.03,8.5,No,Rough,Cold,63787.8,30372.9,20827.3,5.17
SUV,Petrol,Automatic,UK,402,407,211,12.15,48.6,2224,4.57,driven,Pirelli,195/65R15,Silica Compound,Symmetric,-0.6,7.5,Yes,Smooth,Cold,54410.0,24301.5,18766.4,4.76
Hatchback,Electric,Manual,Germany,218,205,203,9.34,38.27,1747,5.51,dead,Continental,245/40R18,Silica Compound,Symmetric,1.28,8.5,No,Rough,Dry,49159.9,36988.8,7586.2,3.4
Sedan,Electric,Manual,Japan,200,353,262,5.41,27.94,2497,5.13,dead,Pirelli,195/65R15,Dual Compound,Directional,-2.74,8.5,No,Off-road,Humid,52699.2,20416.4,20121.7,5.84
Hatchback,Hybrid,Automatic,USA,173,354,244,4.26,35.65,1526,4.86,driven,Continental,195/65R15,Silica Compound,Directional,-2.23,8.0,No,Rough,Humid,40521.0,26877.6,8503.9,3.81
Hatchback,Diesel,Manual,USA,208,432,213,11.97,42.99,1076,6.0,driven,Pirelli,205/55R16,Silica Compound,Directional,-2.36,8.0,No,Off-road,Cold,61551.1,43358.1,11339.6,3.47
Truck,Hybrid,Automatic,USA,170,484,244,10.0,18.76,1439,4.91,dead,Continental,195/65R15,Dual Compound,Asymmetric,0.51,7.5,No,Off-road,Dry,42989.3,27728.3,9512.1,3.63
Hatchback,Diesel,Automatic,USA,171,384,186,11.11,39.84,2286,5.88,driven,Goodyear,205/55R16,Dual Compound,Symmetric,-1.54,8.0,No,Rough,Cold,55571.1,33127.4,13989.1,4.17
Hatchback,Diesel,Automatic,UK,142,406,226,7.04,51.67,2208,5.2,dead,Goodyear,195/65R15,Carbon Black,Asymmetric,-2.0,7.5,No,Rough,Humid,56975.4,45904.1,6900.7,2.58
Sedan,Hybrid,Automatic,USA,108,446,192,9.09,26.97,2078,5.52,driven,Pirelli,195/65R15,Carbon Black,Symmetric,0.56,8.0,No,Off-road,Humid,40050.7,26317.6,8559.8,3.61
Truck,Hybrid,Manual,Japan,289,512,268,11.47,40.07,2331,6.37,driven,Pirelli,245/40R18,Silica Compound,Symmetric,1.57,7.5,No,Smooth,Cold,69396.4,57889.4,7172.3,2.69
Coupe,Diesel,Automatic,UK,91,388,141,8.63,47.85,1515,4.57,driven,Continental,205/55R16,Silica Compound,Directional,-1.01,8.5,No,Rough,Cold,49064.2,31238.4,11110.7,4.09
Sedan,Hybrid,Automatic,USA,412,305,197,10.01,35.47,2322,5.5,dead,Continental,195/65R15,Dual Compound,Directional,0.47,7.5,No,Rough,Cold,42316.7,6727.2,22182.8,6.47
Sedan,Diesel,Manual,Germany,376,250,211,11.9,43.72,2253,6.21,driven,Bridgestone,225/65R17,Carbon Black,Asymmetric,-2.41,8.0,No,Smooth,Humid,65631.7,20309.4,28249.1,6.04
Coupe,Electric,Automatic,India,209,410,279,6.15,27.44,2400,5.68,dead,Goodyear,195/65R15,Carbon Black,Asymmetric,2.61,7.5,No,Rough,Cold,44558.6,14720.2,18598.1,5.41
Hatchback,Hybrid,Automatic,India,372,396,166,4.66,27.24,2309,5.05,driven,Bridgestone,245/40R18,Dual Compound,Directional,-0.98,8.0,No,Off-road,Cold,40748.7,3826.9,23013.1,7.49
SUV,Electric,Automatic,India,252,439,168,9.32,41.7,2161,5.3,driven,Bridgestone,245/40R18,Dual Compound,Directional,2.99,8.5,No,Smooth,Rainy,54840.7,37966.6,10517.6,3.82
Truck,Petrol,Automatic,UK,287,470,154,4.62,43.22,1614,5.86,dead,Michelin,245/40R18,Dual Compound,Symmetric,2.87,8.0,No,Smooth,Humid,43897.5,26123.9,11078.2,4.16
SUV,Electric,Manual,USA,103,299,268,11.67,52.48,2030,6.28,dead,Continental,205/55R16,Dual Compound,Symmetric,1.67,8.5,No,Off-road,Cold,69472.7,40971.9,17764.4,4.44
Coupe,Electric,Automatic,UK,178,409,199,11.19,23.99,1675,4.58,driven,Michelin,205/55R16,Carbon Black,Directional,-2.88,8.5,No,Off-road,Dry,40312.3,19290.1,13103.0,5.13
Sedan,Diesel,Manual,Japan,435,599,246,12.82,33.73,2442,4.64,dead,Michelin,205/55R16,Dual Compound,Symmetric,0.26,8.0,No,Off-road,Humid,41535.9,22559.2,11828.1,4.56
Sedan,Electric,Manual,Germany,218,496,142,10.4,25.02,2495,5.15,driven,Bridgestone,225/65R17,Dual Compound,Asymmetric,-2.48,8.5,No,Smooth,Cold,64998.5,525.7,40185.6,8.46
Truck,Hybrid,Automatic,Germany,393,282,254,4.67,18.2,1419,4.97,dead,Michelin,205/55R16,Carbon Black,Symmetric,2.37,8.0,No,Off-road,Cold,47192.6,4542.2,26583.8,7.32
Sedan,Diesel,Automatic,India,253,390,191,6.53,31.13,1275,5.03,dead,Continental,245/40R18,Dual Compound,Directional,1.74,7.5,No,Rough,Rainy,67347.9,46022.4,13292.1,3.45
Sedan,Petrol,Automatic,India,108,495,199,12.08,29.96,1607,4.94,driven,Bridgestone,205/55R16,Carbon Black,Symmetric,2.83,8.5,No,Rough,Rainy,49334.1,12899.2,22709.7,6.88
Truck,Hybrid,Automatic,India,222,215,173,5.67,25.82,1570,4.89,driven,Continental,205/55R16,Carbon Black,Directional,0.65,7.5,No,Off-road,Humid,42093.5,4542.4,23405.4,6.85
Truck,Petrol,Manual,USA,395,381,235,10.98,26.88,1089,4.76,dead,Pirelli,195/65R15,Dual Compound,Symmetric,0.13,7.5,No,Rough,Rainy,40317.8,13250.6,16870.8,5.5
Coupe,Electric,Manual,Japan,430,484,228,11.8,29.42,1281,6.37,dead,Michelin,205/55R16,Dual Compound,Asymmetric,0.11,8.0,No,Rough,Rainy,48477.0,12336.6,22526.2,6.28
Sedan,Hybrid,Manual,Japan,121,588,199,7.3,54.55,2194,4.79,driven,Bridgestone,195/65R15,Silica Compound,Asymmetric,-0.68,8.0,Yes,Smooth,Humid,54211.9,1592.3,32797.5,7.8
Sedan,Hybrid,Automatic,Japan,378,472,158,7.22,46.32,1637,4.91,dead,Goodyear,205/55R16,Silica Compound,Directional,-0.19,8.5,Yes,Off-road,Dry,40030.5,16434.8,14707.1,5.67
Coupe,Petrol,Manual,Japan,287,407,250,9.58,17.86,1810,4.99,dead,Continental,195/65R15,Carbon Black,Directional,0.81,8.0,Yes,Rough,Cold,57433.2,1552.4,34830.2,7.72
Hatchback,Hybrid,Automatic,India,409,555,161,12.61,49.9,2378,6.37,dead,Michelin,245/40R18,Carbon Black,Directional,2.6,7.5,No,Off-road,Cold,50009.8,19.5,31158.7,7.5
Hatchback,Hybrid,Automatic,Germany,271,202,267,6.24,40.33,2227,6.01,dead,Continental,205/55R16,Silica Compound,Symmetric,0.58,7.5,No,Off-road,Rainy,51704.6,40974.5,6688.0,2.77
Hatchback,Hybrid,Automatic,India,239,344,174,13.41,50.62,2312,6.08,driven,Continental,245/40R18,Carbon Black,Symmetric,2.14,7.5,No,Rough,Cold,47842.3,15069.0,20427.5,5.62
Coupe,Electric,Automatic,Japan,143,531,246,9.99,28.67,1867,4.71,driven,Pirelli,205/55R16,Silica Compound,Symmetric,2.18,8.5,No,Rough,Rainy,55871.4,31711.8,15058.5,4.6
Sedan,Petrol,Automatic,India,322,342,267,13.92,33.58,1461,6.17,dead,Continental,225/65R17,Dual Compound,Asymmetric,0.11,8.0,No,Smooth,Humid,46903.7,13965.6,20530.1,6.19
Coupe,Hybrid,Manual,Japan,337,588,222,4.9,50.85,1749,5.32,dead,Pirelli,225/65R17,Dual Compound,Directional,-0.92,7.5,No,Smooth,Humid,44044.7,40962.6,1921.0,1.74
Coupe,Diesel,Manual,UK,231,237,277,5.27,25.9,2196,5.03,driven,Pirelli,245/40R18,Dual Compound,Symmetric,0.84,8.5,No,Smooth,Humid,66719.4,48650.5,11262.2,3.37
Hatchback,Diesel,Automatic,Germany,294,311,278,12.27,51.62,1300,5.65,dead,Pirelli,245/40R18,Carbon Black,Asymmetric,-0.32,8.0,No,Rough,Cold,51716.6,19092.2,20334.6,5.66
SUV,Diesel,Manual,UK,401,198,250,12.65,48.14,1599,6.14,dead,Michelin,225/65R17,Dual Compound,Directional,-2.51,8.0,No,Smooth,Rainy,42307.9,8911.2,20816.0,6.78
Sedan,Diesel,Automatic,USA,245,197,229,8.45,54.22,1528,6.06,dead,Continental,225/65R17,Carbon Black,Asymmetric,-0.73,7.5,No,Off-road,Rainy,46909.7,6464.5,25209.3,6.69
Hatchback,Electric,Automatic,India,110,266,163,11.14,27.97,1139,6.28,dead,Continental,195/65R15,Dual Compound,Directional,2.96,8.5,No,Smooth,Cold,49298.3,37585.9,7300.3,3.33
SUV,Hybrid,Automatic,USA,311,226,216,12.68,24.43,1277,6.36,dead,Pirelli,205/55R16,Carbon Black,Symmetric,-2.71,7.5,No,Smooth,Humid,63089.4,28581.8,21508.4,4.68
SUV,Petrol,Manual,India,361,501,240,4.43,28.23,1662,4.98,driven,Continental,225/65R17,Carbon Black,Asymmetric,1.18,7.5,Yes,Smooth,Dry,40667.7,9433.4,19468.2,5.89
Truck,Hybrid,Automatic,UK,108,390,271,9.74,53.19,1510,5.35,dead,Continental,245/40R18,Silica Compound,Asymmetric,2.05,8.5,No,Off-road,Rainy,54347.5,49979.4,2722.6,2.15
Sedan,Electric,Automatic,Japan,274,509,152,12.53,28.32,2369,4.53,dead,Pirelli,245/40R18,Silica Compound,Asymmetric,0.89,7.5,No,Off-road,Rainy,52230.8,20375.0,19855.5,5.22
SUV,Diesel,Manual,Japan,413,363,237,7.98,37.61,2163,6.26,dead,Goodyear,225/65R17,Silica Compound,Directional,0.42,8.5,No,Rough,Cold,69052.0,37529.3,19648.0,4.65
Hatchback,Electric,Manual,India,335,192,259,7.02,31.15,1113,4.81,driven,Goodyear,245/40R18,Carbon Black,Directional,1.25,8.5,No,Smooth,Dry,45402.3,38946.0,4024.1,2.58
Truck,Hybrid,Manual,Japan,360,476,176,11.96,30.85,1579,6.22,dead,Pirelli,205/55R16,Silica Compound,Asymmetric,-0.42,7.5,No,Off-road,Humid,58836.1,49032.6,6110.5,2.34
Sedan,Petrol,Automatic,UK,383,587,187,7.36,22.74,2389,5.16,dead,Michelin,195/65R15,Silica Compound,Directional,-2.45,7.5,No,Off-road,Rainy,46065.9,29387.9,10395.3,3.58
Coupe,Electric,Automatic,Japan,400,473,140,4.03,36.48,1690,5.24,driven,Continental,205/55R16,Silica Compound,Asymmetric,2.77,8.0,No,Off-road,Cold,56452.7,50165.2,3919.0,2.43
Hatchback,Petrol,Manual,UK,402,541,199,13.6,48.98,1636,4.58,driven,Continental,195/65R15,Carbon Black,Symmetric,-0.41,8.0,No,Rough,Dry,56651.9,53938.2,1691.5,1.85
SUV,Electric,Automatic,USA,425,145,279,9.92,16.98,2420,5.15,driven,Goodyear,195/65R15,Carbon Black,Asymmetric,0.99,8.5,No,Rough,Cold,42260.4,39518.3,1709.1,2.23
SUV,Petrol,Manual,UK,373,329,278,12.2,50.57,1822,6.28,driven,Pirelli,225/65R17,Silica Compound,Asymmetric,0.19,8.5,No,Rough,Dry,53693.5,18739.4,21786.7,6.07
Hatchback,Petrol,Manual,Germany,166,211,183,12.25,41.62,1874,4.55,dead,Michelin,245/40R18,Silica Compound,Directional,-2.67,8.5,No,Smooth,Cold,53834.7,21381.6,20227.9,5.94
SUV,Diesel,Automatic,Germany,228,244,254,4.66,39.67,1939,5.31,dead,Pirelli,195/65R15,Carbon Black,Directional,2.72,8.0,Yes,Off-road,Dry,49574.1,11922.8,23467.9,6.5
Truck,Petrol,Automatic,Germany,328,554,247,5.71,40.04,1941,4.56,dead,Goodyear,225/65R17,Carbon Black,Directional,1.76,7.5,No,Rough,Rainy,48314.8,40431.2,4913.8,2.43
Sedan,Diesel,Manual,India,400,192,183,7.11,26.85,2134,5.24,driven,Goodyear,245/40R18,Silica Compound,Symmetric,-2.11,7.5,No,Rough,Dry,46728.9,5692.7,25577.7,6.75
Truck,Hybrid,Manual,India,362,599,217,7.21,31.61,1357,4.85,dead,Continental,245/40R18,Silica Compound,Symmetric,2.89,8.0,No,Off-road,Humid,40178.2,14266.6,16150.6,5.58
SUV,Hybrid,Manual,India,441,242,164,10.59,46.97,2261,5.0,driven,Bridgestone,195/65R15,Silica Compound,Symmetric,1.42,7.5,No,Off-road,Rainy,40054.5,389.9,24722.8,7.39
Coupe,Diesel,Manual,UK,277,428,271,10.23,27.26,1002,6.26,driven,Michelin,245/40R18,Carbon Black,Directional,-0.17,7.5,No,Smooth,Humid,57693.6,34307.3,14576.6,4.07
Sedan,Diesel,Automatic,India,123,303,255,8.95,33.8,1403,5.37,dead,Michelin,205/55R16,Silica Compound,Asymmetric,0.67,7.5,No,Smooth,Rainy,48743.9,32092.2,10378.9,3.59
Sedan,Electric,Manual,USA,435,306,258,6.11,15.79,1024,5.05,driven,Bridgestone,245/40R18,Carbon Black,Asymmetric,-2.36,8.0,Yes,Smooth,Dry,45036.7,11213.6,21081.8,6.2
Hatchback,Electric,Manual,Germany,107,317,149,7.82,44.34,1508,5.68,driven,Goodyear,205/55R16,Dual Compound,Asymmetric,0.36,8.5,No,Rough,Rainy,60542.1,44603.2,9934.6,3.47
Hatchback,Electric,Manual,UK,96,197,248,9.44,31.71,1695,4.78,dead,Pirelli,245/40R18,Silica Compound,Directional,-2.56,7.5,No,Rough,Cold,55867.1,21315.4,21535.9,5.23
Coupe,Hybrid,Automatic,Germany,206,467,174,8.68,36.01,2488,5.02,dead,Michelin,195/65R15,Dual Compound,Directional,0.27,7.5,No,Off-road,Dry,67448.7,21024.5,28936.0,5.7
Sedan,Electric,Automatic,India,247,305,273,5.27,19.59,1060,5.59,driven,Bridgestone,195/65R15,Carbon Black,Symmetric,0.32,8.5,Yes,Smooth,Cold,64930.5,62084.3,1774.0,1.96
Coupe,Petrol,Manual,UK,323,463,158,10.5,54.67,1122,4.98,dead,Continental,225/65R17,Dual Compound,Directional,2.25,7.5,No,Off-road,Cold,61801.9,36382.3,15843.9,3.96
Hatchback,Petrol,Automatic,Japan,155,372,147,4.73,27.1,1054,5.86,dead,Continental,205/55R16,Silica Compound,Asymmetric,1.35,7.5,No,Smooth,Cold,43797.5,11050.9,20410.7,6.09
Hatchback,Electric,Automatic,USA,310,132,149,7.78,40.4,2186,5.48,driven,Goodyear,205/55R16,Dual Compound,Symmetric,-1.5,8.5,No,Smooth,Cold,59982.7,58977.5,626.5,1.79
Sedan,Petrol,Automatic,India,283,418,168,11.1,38.25,1973,6.04,driven,Michelin,195/65R15,Dual Compound,Symmetric,2.33,8.0,No,Smooth,Humid,60817.8,23569.9,23216.4,5.45
Truck,Hybrid,Manual,India,327,195,154,4.2,46.4,2062,6.4,dead,Pirelli,195/65R15,Dual Compound,Directional,0.44,8.0,No,Smooth,Dry,62900.0,40748.5,13806.9,3.94
SUV,Petrol,Manual,USA,381,170,226,9.7,26.75,2106,4.73,dead,Michelin,195/65R15,Carbon Black,Symmetric,0.64,7.5,No,Off-road,Cold,47894.0,34668.2,8243.5,3.24
Hatchback,Hybrid,Automatic,USA,293,394,162,7.35,45.24,1545,5.17,driven,Continental,205/55R16,Silica Compound,Symmetric,-1.99,7.5,No,Off-road,Humid,59208.9,25003.7,21320.0,4.75
Hatchback,Diesel,Manual,Japan,294,268,185,4.09,30.3,1112,5.14,dead,Michelin,225/65R17,Carbon Black,Directional,2.15,8.5,No,Rough,Rainy,58548.4,31377.0,16935.7,4.88
Truck,Diesel,Manual,India,237,338,167,5.9,31.45,1424,4.8,driven,Continental,205/55R16,Dual Compound,Symmetric,2.59,8.5,No,Smooth,Cold,51559.3,12363.0,24430.9,6.77
Truck,Diesel,Automatic,India,148,241,165,13.41,41.91,1917,6.12,driven,Bridgestone,195/65R15,Dual Compound,Asymmetric,1.65,7.5,No,Off-road,Cold,59905.2,27905.1,19945.5,4.75
Coupe,Diesel,Automatic,Germany,164,330,149,9.21,46.37,1229,6.02,dead,Bridgestone,225/65R17,Carbon Black,Directional,2.64,7.5,No,Smooth,Humid,42600.9,13240.4,18300.3,5.73
Coupe,Petrol,Manual,UK,346,399,143,13.97,41.67,2306,5.47,dead,Continental,245/40R18,Carbon Black,Asymmetric,-1.19,8.0,No,Smooth,Rainy,59305.2,32467.1,16728.0,4.56
SUV,Electric,Automatic,UK,148,145,194,9.25,51.0,1916,5.58,dead,Pirelli,245/40R18,Dual Compound,Asymmetric,2.17,8.0,No,Rough,Rainy,58180.5,38974.5,11971.0,3.78
SUV,Petrol,Manual,Germany,178,292,205,9.44,26.41,2310,4.62,dead,Pirelli,195/65R15,Silica Compound,Asymmetric,-0.07,8.0,No,Rough,Humid,46318.7,28439.9,11143.8,4.0
Sedan,Hybrid,Manual,UK,426,275,206,7.92,51.02,1154,5.61,dead,Michelin,225/65R17,Carbon Black,Asymmetric,-2.02,8.0,No,Off-road,Cold,64546.4,50134.3,8983.0,2.98
Coupe,Petrol,Automatic,USA,295,357,274,7.1,20.23,1164,6.08,driven,Continental,195/65R15,Dual Compound,Symmetric,1.01,8.5,No,Off-road,Dry,66232.4,2750.6,39567.9,8.28
Hatchback,Petrol,Manual,UK,240,495,194,6.52,41.38,1961,5.65,dead,Goodyear,205/55R16,Dual Compound,Symmetric,1.1,8.0,No,Rough,Humid,46314.5,3640.2,26598.7,7.5
Coupe,Hybrid,Manual,UK,173,201,170,7.43,36.91,2205,5.03,driven,Pirelli,205/55R16,Silica Compound,Directional,-1.28,8.0,No,Off-road,Dry,42278.8,8680.4,20941.7,6.53
Hatchback,Diesel,Automatic,Germany,253,475,213,8.6,34.79,2262,5.84,dead,Pirelli,225/65R17,Dual Compound,Directional,-2.84,7.5,No,Off-road,Cold,58107.3,57282.3,514.2,1.67
Truck,Diesel,Automatic,Japan,244,532,158,5.92,27.44,1648,5.22,driven,Bridgestone,195/65R15,Carbon Black,Asymmetric,-1.8,8.0,No,Rough,Cold,54397.5,43532.6,6772.1,2.73
Coupe,Diesel,Automatic,UK,194,392,220,6.25,35.15,2362,5.59,dead,Pirelli,195/65R15,Dual Compound,Asymmetric,-0.6,7.5,No,Smooth,Rainy,52827.8,48819.3,2498.5,1.99
Truck,Electric,Manual,UK,299,187,226,6.72,21.47,1937,5.48,dead,Pirelli,245/40R18,Dual Compound,Directional,-1.99,7.5,No,Smooth,Cold,62830.2,17095.5,28506.2,5.89
SUV,Hybrid,Automatic,Japan,110,163,159,8.49,29.77,1511,5.26,driven,Pirelli,225/65R17,Dual Compound,Directional,-1.84,8.0,No,Rough,Rainy,69089.9,39647.7,18351.2,4.45
SUV,Hybrid,Automatic,Germany,90,180,152,10.53,18.95,1931,5.94,dead,Continental,195/65R15,Dual Compound,Directional,-0.65,8.0,No,Smooth,Rainy,54329.9,30146.8,15073.2,4.43
Sedan,Petrol,Automatic,Japan,422,242,216,12.56,37.87,1265,6.27,dead,Continental,205/55R16,Silica Compound,Directional,2.77,7.5,No,Smooth,Cold,40184.7,22885.9,10782.2,3.88
Coupe,Electric,Automatic,Germany,209,468,182,6.87,18.83,1186,4.51,driven,Bridgestone,195/65R15,Carbon Black,Asymmetric,1.59,8.5,No,Rough,Rainy,57888.0,41538.5,10190.6,3.63
Truck,Diesel,Manual,USA,184,315,278,5.84,21.41,2063,6.37,driven,Michelin,195/65R15,Dual Compound,Directional,-1.08,7.5,No,Off-road,Cold,59619.0,23488.7,22519.8,5.17
Hatchback,Electric,Manual,Germany,106,449,189,7.79,18.42,1390,5.52,driven,Pirelli,205/55R16,Carbon Black,Symmetric,2.71,8.5,No,Rough,Rainy,64840.5,43910.7,13045.5,4.0
SUV,Hybrid,Automatic,USA,306,528,167,12.94,30.25,2283,5.9,dead,Michelin,205/55R16,Silica Compound,Asymmetric,0.87,8.5,No,Rough,Rainy,45982.2,36254.1,6063.5,3.09
SUV,Hybrid,Manual,USA,81,598,143,4.1,48.68,1654,6.21,driven,Continental,195/65R15,Carbon Black,Symmetric,-0.27,8.0,No,Smooth,Cold,55729.8,16110.0,24694.8,6.22
Hatchback,Petrol,Automatic,Germany,438,442,161,10.78,51.28,1175,5.43,driven,Pirelli,205/55R16,Silica Compound,Directional,-0.19,8.0,No,Rough,Dry,53413.9,50515.9,1806.4,2.04
Truck,Petrol,Automatic,India,180,230,258,8.77,17.88,1773,6.17,dead,Michelin,245/40R18,Carbon Black,Symmetric,-0.54,8.0,No,Smooth,Humid,59933.2,31048.3,18003.8,4.61
Truck,Hybrid,Manual,Germany,100,377,240,5.61,40.38,1763,4.86,dead,Michelin,245/40R18,Carbon Black,Directional,-1.6,8.0,No,Rough,Cold,41918.3,30716.2,6982.2,3.34
Coupe,Diesel,Manual,UK,137,208,178,7.21,42.38,2352,4.82,dead,Goodyear,245/40R18,Dual Compound,Symmetric,-0.68,7.5,No,Off-road,Rainy,66520.4,48488.4,11239.3,2.98
Coupe,Diesel,Automatic,UK,259,552,173,6.25,36.35,1930,5.81,dead,Continental,205/55R16,Carbon Black,Asymmetric,0.17,8.5,No,Smooth,Humid,55334.7,31277.6,14994.7,4.71
Sedan,Electric,Automatic,India,420,317,236,12.78,41.68,2223,6.24,dead,Bridgestone,205/55R16,Dual Compound,Symmetric,0.17,7.5,No,Rough,Dry,66311.4,21397.6,27994.5,5.59
SUV,Hybrid,Manual,USA,428,401,183,8.82,24.35,1710,6.28,dead,Bridgestone,205/55R16,Dual Compound,Asymmetric,1.57,8.5,No,Smooth,Cold,50207.1,33485.1,10422.7,3.84
Coupe,Hybrid,Automatic,India,99,319,179,9.63,34.59,2219,5.79,driven,Goodyear,225/65R17,Carbon Black,Symmetric,-0.85,7.5,No,Rough,Rainy,59605.7,5202.7,33909.1,6.94
Truck,Diesel,Manual,UK,334,218,236,9.94,30.64,1825,5.55,driven,Michelin,205/55R16,Dual Compound,Symmetric,1.3,8.5,No,Rough,Rainy,68701.8,67426.3,795.0,1.93
Hatchback,Diesel,Automatic,India,396,146,279,10.4,18.59,1588,5.16,dead,Goodyear,245/40R18,Carbon Black,Asymmetric,0.47,8.0,Yes,Rough,Cold,68301.4,12567.3,34738.8,6.84
Truck,Hybrid,Automatic,Germany,117,208,269,8.96,40.02,1530,6.46,driven,Goodyear,245/40R18,Dual Compound,Asymmetric,2.77,8.5,No,Smooth,Rainy,68323.1,18818.0,30856.3,6.56
SUV,Petrol,Manual,India,227,265,213,4.18,34.81,2085,5.14,driven,Continental,245/40R18,Dual Compound,Directional,-0.69,8.0,No,Smooth,Humid,41288.4,39407.3,1172.5,1.81
Truck,Hybrid,Manual,USA,104,301,225,7.35,26.01,2350,5.99,driven,Pirelli,225/65R17,Silica Compound,Asymmetric,2.41,8.5,No,Off-road,Rainy,52090.5,9717.0,26411.2,7.33
Sedan,Hybrid,Manual,Germany,200,376,229,5.84,33.95,1280,5.56,driven,Michelin,195/65R15,Silica Compound,Asymmetric,1.92,7.5,No,Off-road,Humid,41823.4,7113.9,21634.3,6.43
SUV,Diesel,Manual,Japan,105,308,206,10.8,46.01,1226,5.72,dead,Bridgestone,245/40R18,Carbon Black,Directional,0.83,8.5,No,Off-road,Humid,49284.3,39651.0,6004.4,3.05
Hatchback,Diesel,Manual,UK,248,359,215,4.57,47.07,1638,5.29,dead,Bridgestone,225/65R17,Dual Compound,Asymmetric,0.93,7.5,No,Off-road,Cold,45237.3,11367.6,21110.8,5.95
Sedan,Petrol,Manual,UK,402,478,231,9.64,40.98,2081,6.43,driven,Goodyear,195/65R15,Silica Compound,Asymmetric,-2.49,7.5,Yes,Rough,Rainy,58604.1,5551.4,33067.5,6.71
SUV,Petrol,Manual,India,304,506,149,6.11,33.71,1920,5.64,dead,Goodyear,225/65R17,Silica Compound,Symmetric,2.7,8.0,No,Smooth,Humid,63422.4,14374.2,30571.5,6.48
Hatchback,Electric,Automatic,Germany,80,315,225,13.49,38.03,1476,6.38,driven,Goodyear,225/65R17,Silica Compound,Directional,-2.36,8.5,No,Rough,Rainy,55400.4,49216.3,3854.5,2.57
Sedan,Hybrid,Automatic,Japan,386,416,241,7.36,30.4,2399,4.52,driven,Michelin,195/65R15,Dual Compound,Directional,0.38,7.5,No,Smooth,Humid,63864.2,17902.4,28647.8,6.03
Sedan,Diesel,Automatic,Germany,340,284,247,7.25,20.06,1715,5.65,dead,Goodyear,205/55R16,Carbon Black,Symmetric,-1.02,8.5,No,Smooth,Dry,40384.4,28069.6,7675.8,3.7
SUV,Petrol,Manual,UK,92,426,230,13.23,30.42,1242,5.93,driven,Goodyear,205/55R16,Dual Compound,Directional,-0.42,8.0,Yes,Rough,Cold,64614.3,25531.6,24360.0,5.5
Coupe,Electric,Manual,Germany,127,390,218,8.17,36.21,1366,5.99,dead,Pirelli,245/40R18,Dual Compound,Symmetric,0.66,8.0,No,Rough,Cold,45350.8,11887.3,20857.6,6.56
Sedan,Electric,Manual,Japan,392,127,225,13.63,38.95,1935,6.31,dead,Michelin,195/65R15,Silica Compound,Asymmetric,2.45,8.5,Yes,Smooth,Cold,53828.1,7753.8,28717.9,7.64
Sedan,Diesel,Automatic,India,370,157,246,4.24,52.43,1837,4.51,dead,Continental,245/40R18,Dual Compound,Directional,-0.25,7.5,No,Off-road,Humid,53277.6,51796.0,923.4,1.55
Hatchback,Diesel,Manual,USA,411,233,240,7.06,46.09,2275,4.5,dead,Continental,225/65R17,Dual Compound,Asymmetric,2.93,7.5,No,Off-road,Dry,66194.7,34495.1,19758.2,4.35
Truck,Electric,Manual,Germany,173,458,247,10.66,21.08,1905,5.44,dead,Pirelli,205/55R16,Silica Compound,Directional,0.56,7.5,No,Smooth,Humid,68979.4,7915.7,38060.7,6.84
SUV,Petrol,Automatic,USA,340,175,199,12.91,21.97,2345,4.56,dead,Bridgestone,245/40R18,Silica Compound,Asymmetric,-2.04,8.5,No,Rough,Cold,47653.6,9474.2,23797.0,7.28
SUV,Electric,Manual,UK,357,550,187,6.56,19.02,1375,6.45,dead,Continental,245/40R18,Dual Compound,Directional,-1.86,7.5,No,Rough,Humid,42022.4,17115.6,15524.3,4.94
Coupe,Hybrid,Automatic,India,438,593,256,13.3,44.53,2432,4.94,dead,Michelin,205/55R16,Silica Compound,Directional,1.3,7.5,No,Smooth,Cold,59515.7,32386.7,16909.4,4.31
Coupe,Hybrid,Automatic,India,284,478,245,9.94,43.24,1710,5.45,dead,Bridgestone,225/65R17,Carbon Black,Asymmetric,-2.7,7.5,No,Rough,Rainy,55085.2,10014.3,28092.5,6.48
SUV,Diesel,Manual,Germany,264,257,172,12.01,54.45,1342,4.62,driven,Goodyear,245/40R18,Carbon Black,Symmetric,-0.12,8.0,Yes,Smooth,Humid,56971.2,15822.5,25647.7,6.19
Coupe,Petrol,Manual,India,254,221,183,7.97,35.88,1239,5.54,dead,Michelin,245/40R18,Carbon Black,Directional,-2.11,7.5,No,Smooth,Rainy,41388.1,32436.1,5579.7,3.01
Hatchback,Petrol,Manual,Germany,388,453,251,6.12,48.06,1138,5.26,driven,Bridgestone,195/65R15,Carbon Black,Symmetric,-0.4,8.5,No,Smooth,Humid,63259.3,26409.6,22968.2,5.57
SUV,Hybrid,Automatic,Germany,148,296,228,13.11,38.06,2145,4.59,dead,Continental,195/65R15,Carbon Black,Symmetric,1.5,8.5,No,Rough,Cold,46970.6,65.9,29235.5,8.5
Coupe,Electric,Automatic,USA,183,288,175,13.33,49.96,1419,5.17,driven,Goodyear,205/55R16,Silica Compound,Symmetric,-0.25,7.5,No,Off-road,Rainy,50048.1,2699.6,29512.1,7.2
SUV,Diesel,Automatic,India,325,458,220,8.98,43.84,1303,5.28,dead,Goodyear,205/55R16,Silica Compound,Symmetric,-2.02,8.5,No,Smooth,Humid,46850.6,20582.8,16372.6,5.55
Truck,Electric,Manual,Germany,240,405,227,4.06,40.72,1114,6.48,dead,Michelin,225/65R17,Carbon Black,Symmetric,-1.49,8.5,Yes,Rough,Cold,68378.3,4110.8,40057.7,8.21
Sedan,Electric,Manual,USA,279,380,269,5.1,37.6,1342,4.92,dead,Goodyear,225/65R17,Carbon Black,Symmetric,-0.79,7.5,No,Off-road,Humid,45061.7,7836.4,23202.3,6.32
SUV,Electric,Manual,Japan,295,494,170,9.73,43.92,2274,5.59,driven,Bridgestone,245/40R18,Carbon Black,Directional,-2.58,8.0,No,Smooth,Rainy,61969.6,45106.2,10510.9,3.36
Sedan,Petrol,Manual,USA,291,342,247,4.24,31.79,1006,6.47,driven,Pirelli,195/65R15,Silica Compound,Symmetric,0.51,7.5,No,Off-road,Humid,47372.4,22756.9,15342.7,4.81
Coupe,Hybrid,Automatic,USA,95,318,169,7.97,18.86,1730,6.08,dead,Continental,225/65R17,Silica Compound,Directional,0.65,8.5,No,Rough,Humid,52747.6,25448.7,17015.3,5.3
Sedan,Petrol,Automatic,Germany,411,330,151,7.03,16.6,1178,6.49,driven,Michelin,245/40R18,Dual Compound,Directional,-2.63,8.5,No,Off-road,Rainy,69881.9,41804.6,17500.4,4.37
SUV,Hybrid,Automatic,UK,284,406,190,11.14,34.16,2168,6.44,dead,Pirelli,245/40R18,Dual Compound,Directional,-0.59,7.5,No,Off-road,Cold,43017.3,33919.9,5670.3,2.69
Truck,Diesel,Automatic,UK,444,299,260,4.56,38.97,1415,5.48,driven,Pirelli,205/55R16,Dual Compound,Asymmetric,-0.52,8.5,No,Rough,Humid,66440.8,10536.6,34844.8,7.47
Coupe,Diesel,Manual,UK,118,369,278,8.89,18.15,1665,5.89,driven,Michelin,195/65R15,Dual Compound,Symmetric,-1.0,8.0,No,Smooth,Humid,68381.5,11833.3,35246.2,6.84
SUV,Electric,Manual,USA,168,350,152,9.79,26.48,2144,4.72,driven,Bridgestone,245/40R18,Silica Compound,Asymmetric,0.35,7.5,No,Rough,Dry,60946.8,7399.2,33376.0,6.76
Coupe,Hybrid,Manual,Germany,335,591,230,10.17,27.88,2147,5.38,dead,Continental,205/55R16,Silica Compound,Symmetric,-0.92,8.5,No,Rough,Dry,40298.9,37753.2,1586.7,2.06
Hatchback,Hybrid,Automatic,India,333,142,213,8.05,37.51,1149,6.12,driven,Michelin,245/40R18,Silica Compound,Asymmetric,-0.5,8.0,No,Smooth,Cold,64624.0,37306.8,17026.7,4.51
Sedan,Hybrid,Automatic,USA,295,167,159,7.04,26.14,1396,5.51,driven,Pirelli,195/65R15,Silica Compound,Directional,1.79,8.5,No,Smooth,Rainy,66468.2,6157.6,37591.2,7.9
Hatchback,Electric,Manual,USA,447,228,211,10.82,18.83,1380,5.91,dead,Pirelli,245/40R18,Carbon Black,Asymmetric,-2.03,8.0,No,Rough,Cold,69428.0,15319.0,33725.9,6.59
SUV,Electric,Manual,Germany,382,415,212,12.48,21.59,1838,5.99,dead,Michelin,245/40R18,Dual Compound,Directional,0.71,8.5,No,Smooth,Cold,65179.5,47293.6,11148.2,3.4
Truck,Diesel,Automatic,Japan,251,125,210,10.94,21.96,1000,5.01,driven,Pirelli,225/65R17,Silica Compound,Asymmetric,0.03,7.5,No,Smooth,Cold,53367.6,1547.2,32299.4,7.24
Coupe,Petrol,Manual,USA,216,157,217,13.32,48.71,1243,6.25,driven,Michelin,225/65R17,Silica Compound,Symmetric,-1.17,8.5,No,Rough,Humid,60659.5,44017.9,10372.6,3.56
Sedan,Hybrid,Automatic,Japan,257,288,167,11.17,26.37,2421,5.42,dead,Michelin,205/55R16,Dual Compound,Symmetric,1.37,7.5,No,Rough,Humid,54553.9,49723.9,3010.5,2.03
Coupe,Hybrid,Automatic,Japan,156,475,269,11.65,43.59,2274,4.92,dead,Continental,245/40R18,Silica Compound,Asymmetric,0.31,8.0,No,Rough,Cold,50590.6,2852.4,29755.0,7.81
SUV,Petrol,Automatic,UK,267,402,260,5.68,37.71,1878,6.23,dead,Michelin,205/55R16,Carbon Black,Asymmetric,-0.14,8.0,No,Rough,Cold,58792.8,10960.2,29813.8,6.82
Coupe,Hybrid,Manual,Germany,94,322,182,8.2,54.08,2322,5.34,dead,Pirelli,195/65R15,Silica Compound,Symmetric,1.01,8.5,No,Off-road,Dry,63095.0,150.1,39233.2,8.5
Sedan,Electric,Manual,Japan,371,444,147,8.85,25.91,1759,6.0,dead,Goodyear,205/55R16,Dual Compound,Asymmetric,1.81,7.5,No,Off-road,Rainy,59077.0,6441.2,32807.6,6.86
SUV,Electric,Automatic,Germany,398,432,152,6.56,21.33,1953,5.6,driven,Continental,245/40R18,Carbon Black,Asymmetric,2.84,7.5,No,Smooth,Cold,64797.4,39979.4,15468.9,3.88
Coupe,Hybrid,Manual,UK,404,392,250,9.29,17.08,2320,5.26,dead,Pirelli,225/65R17,Carbon Black,Symmetric,0.78,8.0,No,Off-road,Dry,45291.2,2029.9,26964.6,7.55
Truck,Electric,Automatic,Germany,293,363,174,6.91,24.64,1976,6.12,dead,Pirelli,225/65R17,Dual Compound,Directional,2.25,8.0,No,Off-road,Cold,51210.8,21807.4,18327.0,5.15
SUV,Electric,Automatic,USA,287,446,162,10.88,42.36,2138,5.67,driven,Continental,205/55R16,Dual Compound,Symmetric,-2.99,8.5,No,Off-road,Rainy,49377.6,24856.8,15283.7,5.17
SUV,Hybrid,Automatic,Japan,248,594,185,8.7,18.41,1000,5.28,dead,Continental,225/65R17,Carbon Black,Symmetric,0.18,8.0,No,Smooth,Cold,45823.8,41545.2,2666.8,2.35
Truck,Diesel,Automatic,Germany,409,166,154,8.59,24.79,1552,4.72,dead,Pirelli,245/40R18,Silica Compound,Asymmetric,-1.71,8.0,No,Off-road,Rainy,53295.2,25277.4,17463.4,4.79
Hatchback,Petrol,Manual,India,359,368,269,13.84,49.21,1481,6.29,dead,Goodyear,245/40R18,Dual Compound,Symmetric,-2.43,7.5,Yes,Rough,Humid,68436.2,9755.3,36575.5,6.65
Sedan,Electric,Automatic,Germany,384,198,200,7.92,38.32,1599,4.57,driven,Bridgestone,195/65R15,Carbon Black,Symmetric,0.19,7.5,No,Rough,Rainy,56140.2,16240.9,24869.0,5.61
Hatchback,Diesel,Automatic,Japan,225,229,254,7.62,17.78,1762,6.23,dead,Pirelli,225/65R17,Dual Compound,Asymmetric,1.48,7.5,No,Smooth,Cold,48592.1,32663.4,9928.3,3.4
Coupe,Electric,Manual,UK,342,132,203,7.19,16.91,1334,5.22,dead,Continental,225/65R17,Silica Compound,Asymmetric,-0.53,8.0,No,Smooth,Dry,50621.8,5675.5,28014.8,7.09
Truck,Electric,Automatic,UK,83,514,191,12.95,17.44,1464,5.78,dead,Michelin,195/65R15,Silica Compound,Directional,1.02,8.5,No,Smooth,Humid,58392.3,13532.0,27961.2,6.91
Hatchback,Petrol,Automatic,Japan,169,499,208,8.97,52.68,2164,6.34,dead,Michelin,205/55R16,Carbon Black,Symmetric,-0.06,8.5,No,Off-road,Dry,50582.4,50368.8,133.1,1.71
SUV,Electric,Manual,USA,139,484,206,10.0,48.99,1582,4.8,driven,Continental,195/65R15,Silica Compound,Directional,-0.38,8.0,No,Smooth,Cold,56150.4,310.8,34804.6,7.94
Coupe,Petrol,Manual,USA,390,209,222,5.81,48.8,1136,5.63,driven,Continental,225/65R17,Silica Compound,Directional,-1.26,8.5,No,Smooth,Humid,48224.8,7339.0,25483.9,7.44
Coupe,Petrol,Manual,UK,95,461,141,9.41,51.97,2003,6.03,dead,Bridgestone,205/55R16,Silica Compound,Directional,-0.7,8.0,No,Smooth,Dry,50377.9,42503.2,4908.3,2.66
Hatchback,Petrol,Automatic,UK,306,467,217,6.75,35.21,1949,6.02,dead,Continental,245/40R18,Dual Compound,Directional,-0.9,8.5,No,Rough,Cold,61171.8,6201.7,34262.6,7.98
Hatchback,Diesel,Manual,Japan,108,399,167,11.31,24.89,1686,5.55,dead,Michelin,245/40R18,Carbon Black,Symmetric,0.88,8.0,No,Smooth,Dry,57538.6,1935.7,34657.0,7.66
Truck,Hybrid,Manual,USA,230,340,193,12.33,31.05,1166,5.75,dead,Goodyear,195/65R15,Carbon Black,Symmetric,-2.3,7.5,No,Rough,Rainy,42804.6,5192.7,23443.3,6.69
Sedan,Diesel,Automatic,UK,324,192,206,11.15,43.75,2366,6.02,dead,Continental,245/40R18,Carbon Black,Symmetric,-2.44,8.5,No,Rough,Rainy,69195.5,47993.8,13214.9,3.8
Hatchback,Hybrid,Automatic,USA,349,353,241,11.3,50.04,2433,6.18,dead,Bridgestone,225/65R17,Silica Compound,Directional,0.96,7.5,No,Smooth,Cold,41480.1,41194.3,178.1,1.51
Hatchback,Hybrid,Automatic,UK,158,379,259,9.12,32.4,1909,6.02,dead,Goodyear,195/65R15,Dual Compound,Asymmetric,0.28,7.5,No,Smooth,Dry,42488.2,25095.0,10841.1,3.92
SUV,Petrol,Automatic,Germany,368,232,187,11.12,36.42,1879,5.21,driven,Bridgestone,225/65R17,Carbon Black,Symmetric,-0.42,8.5,No,Off-road,Cold,61041.6,7588.5,33317.1,7.52
Coupe,Electric,Automatic,India,232,165,186,8.23,52.27,1841,6.49,dead,Goodyear,225/65R17,Dual Compound,Directional,-2.09,8.0,No,Smooth,Dry,61240.5,11254.7,31155.9,6.78
Sedan,Petrol,Manual,Germany,356,393,160,10.51,19.3,1064,5.37,driven,Continental,205/55R16,Carbon Black,Directional,-0.53,7.5,No,Smooth,Humid,40568.1,21812.7,11690.1,4.23
SUV,Electric,Manual,UK,358,162,231,6.59,49.49,2090,4.55,driven,Michelin,205/55R16,Silica Compound,Directional,1.74,7.5,No,Smooth,Cold,59282.6,42426.1,10506.6,3.23
Truck,Hybrid,Manual,India,136,327,260,4.7,21.37,1432,5.23,dead,Goodyear,205/55R16,Carbon Black,Directional,2.34,8.0,No,Smooth,Cold,40997.8,27177.9,8613.8,3.67
Truck,Petrol,Automatic,India,265,536,255,8.13,34.35,2073,4.76,driven,Pirelli,245/40R18,Carbon Black,Directional,1.22,8.0,No,Smooth,Dry,68823.1,39554.5,18243.0,4.41
Hatchback,Electric,Automatic,UK,172,468,140,8.62,23.74,2337,4.74,driven,Bridgestone,205/55R16,Silica Compound,Directional,-2.64,8.5,No,Smooth,Cold,60884.3,60048.3,521.0,1.67
Hatchback,Diesel,Automatic,UK,355,222,216,6.56,39.12,2332,5.06,driven,Goodyear,225/65R17,Silica Compound,Symmetric,1.02,8.5,No,Off-road,Humid,45597.3,9029.8,22792.4,7.31
Truck,Electric,Manual,USA,237,243,224,11.28,37.34,1114,4.61,dead,Bridgestone,195/65R15,Carbon Black,Asymmetric,-1.55,8.0,No,Off-road,Dry,44743.1,7736.3,23066.2,6.81
Hatchback,Petrol,Manual,UK,354,129,185,4.74,30.2,1568,5.88,driven,Michelin,195/65R15,Dual Compound,Symmetric,-1.11,7.5,No,Smooth,Dry,57089.9,49043.7,5015.1,2.49
Sedan,Diesel,Automatic,Japan,260,448,276,6.23,49.53,2365,4.65,driven,Bridgestone,225/65R17,Silica Compound,Symmetric,-1.82,8.0,No,Off-road,Dry,59005.6,17160.1,26082.1,6.06
Hatchback,Electric,Manual,UK,438,306,186,11.49,41.39,1641,4.91,dead,Bridgestone,245/40R18,Carbon Black,Directional,1.65,8.5,Yes,Rough,Humid,64937.1,21593.3,27016.0,6.32
Coupe,Electric,Automatic,Japan,156,150,198,8.37,43.85,1494,4.69,dead,Pirelli,195/65R15,Silica Compound,Symmetric,0.89,7.5,No,Off-road,Humid,67099.6,36815.4,18876.0,4.17
Hatchback,Electric,Manual,UK,230,275,193,11.05,21.03,2292,4.63,driven,Bridgestone,225/65R17,Dual Compound,Asymmetric,0.67,7.5,No,Rough,Cold,51776.0,19740.9,19967.3,5.22
SUV,Electric,Manual,USA,317,179,225,9.67,50.33,1940,5.04,dead,Goodyear,225/65R17,Carbon Black,Asymmetric,1.01,8.5,No,Smooth,Dry,65322.5,18789.4,29003.9,6.6
Sedan,Electric,Manual,Japan,368,368,151,13.51,21.68,2103,5.64,dead,Bridgestone,225/65R17,Carbon Black,Directional,-1.58,7.5,No,Rough,Humid,56271.4,51610.7,2905.0,1.96
SUV,Diesel,Automatic,Germany,310,506,145,9.98,23.91,2479,6.43,driven,Continental,195/65R15,Dual Compound,Asymmetric,-0.33,8.0,No,Smooth,Rainy,54117.5,6996.0,29370.6,6.98
SUV,Hybrid,Manual,Japan,97,493,192,4.15,20.12,2322,6.25,driven,Bridgestone,195/65R15,Dual Compound,Directional,0.8,8.5,No,Off-road,Cold,60969.1,24649.2,22638.0,5.69
Coupe,Diesel,Manual,USA,152,558,229,7.53,32.61,1967,6.25,driven,Continental,205/55R16,Carbon Black,Asymmetric,0.82,7.5,No,Rough,Humid,43095.8,127.9,26781.7,7.43
Sedan,Diesel,Automatic,Japan,268,389,144,5.43,50.51,1821,4.85,dead,Bridgestone,205/55R16,Dual Compound,Asymmetric,1.75,8.5,No,Rough,Humid,47961.6,38726.8,5756.0,3.18
Sedan,Diesel,Manual,UK,96,561,212,13.25,25.1,1201,5.03,driven,Bridgestone,225/65R17,Dual Compound,Symmetric,-1.28,7.5,No,Rough,Humid,64502.9,10863.5,33433.2,6.48
Sedan,Hybrid,Automatic,UK,98,336,153,5.04,29.95,1648,4.65,driven,Goodyear,225/65R17,Carbon Black,Asymmetric,1.62,8.0,No,Smooth,Cold,55122.4,42609.0,7799.5,3.07
Sedan,Petrol,Automatic,USA,298,518,245,7.88,48.84,1559,6.06,dead,Continental,225/65R17,Silica Compound,Directional,-0.36,8.5,No,Smooth,Humid,67241.3,9992.3,35683.0,7.48
Sedan,Hybrid,Automatic,India,405,121,191,6.26,39.71,2041,4.64,dead,Continental,225/65R17,Dual Compound,Asymmetric,1.02,7.5,No,Off-road,Humid,42661.1,17778.5,15509.2,5.02
Coupe,Diesel,Automatic,UK,199,143,255,12.47,45.06,1477,5.61,dead,Pirelli,195/65R15,Silica Compound,Asymmetric,-0.27,8.0,No,Off-road,Rainy,49402.4,35974.1,8369.8,3.22
Hatchback,Electric,Automatic,Germany,180,325,165,7.09,23.56,1487,5.0,dead,Bridgestone,205/55R16,Silica Compound,Symmetric,2.69,8.0,No,Smooth,Rainy,50666.5,13720.9,23028.0,6.2
SUV,Electric,Manual,USA,113,439,192,13.92,43.66,1982,4.99,driven,Bridgestone,245/40R18,Silica Compound,Directional,-1.92,8.0,No,Off-road,Rainy,52681.6,16537.7,22528.3,6.06
Sedan,Diesel,Automatic,Japan,163,318,248,4.39,24.1,1778,6.48,driven,Goodyear,225/65R17,Dual Compound,Directional,1.05,7.5,Yes,Rough,Humid,69604.6,46448.7,14432.9,3.47
Hatchback,Electric,Automatic,Japan,275,475,168,5.28,54.49,2469,6.01,driven,Pirelli,205/55R16,Carbon Black,Directional,0.46,7.5,No,Rough,Rainy,49319.9,9257.4,24970.8,6.36
Hatchback,Diesel,Automatic,Germany,409,233,158,6.25,37.4,1339,6.17,dead,Pirelli,225/65R17,Carbon Black,Symmetric,-1.96,8.0,No,Rough,Dry,55560.5,52881.6,1669.7,1.91
SUV,Electric,Automatic,UK,281,399,186,12.11,42.83,1611,5.64,driven,Goodyear,195/65R15,Carbon Black,Asymmetric,-2.6,8.0,No,Off-road,Rainy,56082.1,10587.6,28356.5,6.86
Coupe,Hybrid,Manual,USA,423,274,275,12.79,19.74,1115,6.24,dead,Continental,245/40R18,Carbon Black,Directional,1.79,8.0,No,Rough,Rainy,63123.9,47342.7,9836.4,3.14
Truck,Petrol,Automatic,Germany,420,284,162,4.71,25.03,1073,5.79,dead,Michelin,205/55R16,Carbon Black,Asymmetric,-2.06,8.0,No,Rough,Humid,55536.1,44573.2,6833.1,2.87
Truck,Petrol,Manual,UK,90,341,256,4.32,20.59,2292,6.39,dead,Goodyear,205/55R16,Carbon Black,Asymmetric,-1.88,8.0,No,Smooth,Dry,58172.1,21777.9,22684.3,5.39
Hatchback,Hybrid,Automatic,USA,426,210,245,11.45,30.61,1115,5.06,driven,Continental,245/40R18,Silica Compound,Asymmetric,2.87,7.5,No,Smooth,Rainy,62599.8,9780.5,32922.0,6.4
SUV,Hybrid,Manual,Japan,297,286,192,5.33,26.37,2187,5.69,dead,Pirelli,195/65R15,Silica Compound,Symmetric,1.3,8.5,No,Off-road,Humid,43034.0,7139.5,22372.8,7.35
Truck,Diesel,Automatic,USA,332,566,235,5.33,44.32,2245,5.88,driven,Goodyear,245/40R18,Silica Compound,Asymmetric,-1.5,8.5,Yes,Smooth,Dry,68904.2,67901.6,624.9,1.69
Hatchback,Diesel,Automatic,India,301,326,144,4.22,19.35,1125,5.29,driven,Michelin,205/55R16,Dual Compound,Symmetric,0.55,8.5,No,Off-road,Rainy,65389.1,47433.9,11191.4,3.67
Coupe,Diesel,Manual,USA,448,401,155,4.5,45.08,1656,6.26,driven,Bridgestone,245/40R18,Dual Compound,Symmetric,0.2,7.5,No,Off-road,Humid,51663.2,23250.9,17709.2,4.69
Truck,Electric,Automatic,India,159,184,156,6.64,16.83,2199,6.46,dead,Goodyear,195/65R15,Dual Compound,Symmetric,2.07,8.5,No,Smooth,Dry,61852.5,15917.7,28630.9,6.74
Hatchback,Diesel,Manual,USA,86,495,241,4.65,23.08,1663,5.49,driven,Michelin,195/65R15,Carbon Black,Directional,1.38,8.5,No,Smooth,Rainy,62869.8,1188.9,38445.4,8.45
Hatchback,Hybrid,Automatic,India,351,123,159,7.69,46.68,2398,5.28,driven,Michelin,225/65R17,Silica Compound,Symmetric,1.99,8.5,No,Off-road,Dry,65507.4,43920.3,13455.1,3.99
Sedan,Petrol,Manual,Japan,306,276,251,12.33,44.71,1990,5.44,dead,Goodyear,245/40R18,Dual Compound,Directional,-1.73,8.5,No,Off-road,Dry,45649.5,43682.8,1225.9,1.94
Coupe,Electric,Automatic,UK,95,368,259,7.26,34.05,2017,6.21,driven,Continental,245/40R18,Silica Compound,Symmetric,0.84,8.0,No,Off-road,Humid,61111.1,6529.3,34020.5,7.28
Sedan,Diesel,Automatic,India,91,376,250,11.28,17.0,1858,5.79,dead,Goodyear,205/55R16,Carbon Black,Symmetric,-2.76,7.5,No,Rough,Cold,41000.2,30934.3,6274.0,3.02
SUV,Electric,Manual,India,370,354,140,4.94,39.4,1084,4.59,driven,Pirelli,195/65R15,Silica Compound,Symmetric,-2.59,8.5,No,Rough,Dry,43467.4,6660.8,22941.4,7.54
Sedan,Electric,Automatic,Japan,320,425,197,10.59,31.27,2406,5.58,dead,Michelin,245/40R18,Carbon Black,Symmetric,1.28,8.0,No,Smooth,Dry,63282.0,50126.0,8200.1,3.08
Sedan,Diesel,Automatic,India,100,485,232,7.17,27.66,1632,4.53,dead,Michelin,205/55R16,Dual Compound,Asymmetric,-2.85,8.5,No,Rough,Dry,64390.1,23861.2,25261.4,6.06
Truck,Electric,Automatic,Germany,257,589,145,11.5,40.62,2486,6.06,dead,Bridgestone,225/65R17,Carbon Black,Asymmetric,0.48,8.5,No,Rough,Dry,57773.1,41138.0,10368.6,3.73
Hatchback,Petrol,Automatic,Japan,307,514,247,5.36,32.46,1450,5.16,dead,Michelin,245/40R18,Carbon Black,Symmetric,2.04,8.5,Yes,Off-road,Dry,57450.6,53215.5,2639.7,2.24
Coupe,Hybrid,Automatic,Germany,352,193,242,12.98,18.7,1517,5.44,dead,Bridgestone,245/40R18,Silica Compound,Asymmetric,-0.72,8.5,No,Rough,Cold,62485.3,38749.6,14794.4,4.3
Sedan,Hybrid,Automatic,Japan,367,306,189,6.43,51.64,1845,6.1,driven,Michelin,205/55R16,Carbon Black,Directional,-2.73,8.5,No,Smooth,Humid,67182.5,61854.9,3320.7,2.2
Coupe,Petrol,Manual,India,376,181,257,7.53,46.14,1694,4.59,driven,Michelin,205/55R16,Dual Compound,Asymmetric,1.28,8.0,No,Rough,Cold,52633.5,12370.1,25095.9,6.55
Sedan,Electric,Manual,Germany,213,456,249,13.5,17.26,1549,4.82,driven,Goodyear,195/65R15,Dual Compound,Asymmetric,2.58,8.5,No,Rough,Humid,43444.6,42494.7,592.1,1.83
SUV,Diesel,Manual,India,362,283,227,9.78,36.0,1928,5.3,driven,Goodyear,195/65R15,Carbon Black,Asymmetric,1.3,8.0,Yes,Rough,Cold,65170.0,56883.5,5164.9,2.48
Sedan,Electric,Automatic,Japan,232,175,159,7.66,18.34,1115,4.96,dead,Pirelli,195/65R15,Silica Compound,Symmetric,0.47,8.5,No,Smooth,Humid,50249.3,5405.5,27950.9,7.84
Truck,Petrol,Manual,India,145,230,153,13.5,48.49,2031,5.18,dead,Continental,245/40R18,Dual Compound,Directional,-1.62,7.5,No,Smooth,Rainy,44013.6,18201.4,16088.6,5.07
Hatchback,Electric,Automatic,Germany,216,337,272,7.29,39.52,2241,6.5,driven,Pirelli,205/55R16,Dual Compound,Symmetric,-2.91,8.0,No,Off-road,Dry,58438.5,54174.2,2657.9,2.0
SUV,Hybrid,Automatic,Germany,171,359,179,4.95,21.9,1403,6.15,dead,Michelin,195/65R15,Carbon Black,Directional,1.17,8.5,No,Rough,Humid,57342.5,4479.3,32949.4,7.96
Sedan,Electric,Automatic,India,396,140,173,13.97,15.83,1303,6.27,driven,Pirelli,245/40R18,Carbon Black,Symmetric,-1.61,8.0,No,Off-road,Humid,54227.4,24606.4,18462.6,5.2
Coupe,Petrol,Automatic,USA,338,260,263,6.68,16.26,2490,6.37,dead,Goodyear,195/65R15,Dual Compound,Asymmetric,2.15,8.5,No,Off-road,Dry,65793.9,47608.1,11335.1,3.41
SUV,Hybrid,Manual,Japan,182,384,184,12.51,35.29,1739,5.18,dead,Michelin,225/65R17,Carbon Black,Directional,-0.2,8.5,No,Smooth,Rainy,48166.8,1611.0,29018.0,8.29
SUV,Electric,Automatic,Japan,134,258,219,5.66,44.37,1087,5.09,driven,Michelin,245/40R18,Carbon Black,Asymmetric,0.18,8.0,No,Off-road,Dry,40397.1,30412.2,6223.5,3.26
Sedan,Electric,Manual,India,336,578,210,11.31,19.83,2033,4.97,driven,Pirelli,195/65R15,Dual Compound,Directional,1.52,8.5,No,Rough,Humid,49704.1,17953.2,19790.1,6.09
SUV,Hybrid,Automatic,USA,180,189,217,9.24,23.85,1307,6.16,dead,Bridgestone,195/65R15,Silica Compound,Directional,1.68,8.5,No,Off-road,Humid,40291.2,10047.5,18850.7,7.01
Coupe,Diesel,Manual,Germany,277,504,217,13.81,28.09,1433,5.86,driven,Continental,225/65R17,Silica Compound,Symmetric,0.86,8.5,No,Smooth,Dry,56307.7,32431.7,14881.8,4.42
SUV,Hybrid,Manual,UK,380,237,172,9.53,23.72,1801,4.97,driven,Pirelli,225/65R17,Dual Compound,Symmetric,2.63,8.5,No,Smooth,Cold,51347.4,27950.0,14583.5,4.68
Coupe,Diesel,Manual,UK,305,317,172,4.25,30.65,1163,5.25,driven,Pirelli,195/65R15,Carbon Black,Asymmetric,2.89,8.5,No,Smooth,Dry,64418.3,56297.7,5061.5,2.58
Sedan,Petrol,Manual,India,316,324,183,10.04,37.38,2262,5.51,driven,Continental,195/65R15,Dual Compound,Asymmetric,2.68,8.5,No,Rough,Humid,63927.6,43215.2,12909.9,4.0
Hatchback,Petrol,Manual,USA,105,333,159,5.45,42.4,2340,5.56,dead,Michelin,205/55R16,Dual Compound,Directional,1.95,8.0,No,Off-road,Humid,53039.2,22375.3,19112.6,5.31
SUV,Hybrid,Manual,USA,200,175,250,11.99,53.55,1995,6.28,dead,Michelin,195/65R15,Carbon Black,Directional,1.23,7.5,No,Rough,Humid,46494.6,30227.9,10138.9,3.73
Hatchback,Hybrid,Automatic,Japan,261,406,146,12.57,52.23,1655,5.26,dead,Bridgestone,195/65R15,Silica Compound,Symmetric,0.98,8.5,No,Smooth,Rainy,52672.9,39512.5,8202.8,3.34
Coupe,Petrol,Manual,Germany,278,589,163,8.82,37.81,2358,6.32,dead,Pirelli,205/55R16,Silica Compound,Symmetric,-2.38,8.0,No,Rough,Dry,59239.5,55526.9,2314.1,1.97
SUV,Diesel,Automatic,USA,381,412,209,11.83,44.37,1017,5.38,driven,Continental,205/55R16,Carbon Black,Symmetric,-1.37,7.5,No,Smooth,Rainy,45706.2,32189.1,8425.1,3.35
Truck,Petrol,Manual,UK,334,294,251,5.45,53.03,2094,5.99,driven,Pirelli,195/65R15,Dual Compound,Symmetric,-2.97,8.0,No,Rough,Dry,63191.4,34368.1,17965.4,4.48
Hatchback,Hybrid,Automatic,Germany,201,466,243,8.92,18.34,2198,6.36,driven,Goodyear,205/55R16,Carbon Black,Symmetric,-2.18,7.5,No,Rough,Rainy,49916.8,18618.0,19508.4,5.36
SUV,Petrol,Manual,Germany,110,489,193,7.94,15.23,1810,6.32,dead,Pirelli,245/40R18,Dual Compound,Directional,-0.36,7.5,No,Off-road,Cold,67965.3,60590.0,4597.0,2.22
Hatchback,Hybrid,Manual,India,394,581,177,10.11,16.19,1338,4.61,dead,Pirelli,225/65R17,Carbon Black,Directional,-2.12,7.5,No,Off-road,Humid,55356.1,43870.8,7158.7,2.7
SUV,Hybrid,Automatic,USA,364,247,213,4.44,37.53,1247,4.91,dead,Goodyear,245/40R18,Carbon Black,Asymmetric,2.41,8.0,No,Smooth,Humid,65413.8,5048.7,37625.3,7.54
Sedan,Petrol,Manual,India,185,550,219,11.52,45.51,2216,5.45,dead,Goodyear,225/65R17,Silica Compound,Directional,1.83,7.5,No,Off-road,Dry,58476.8,40906.9,10951.2,3.25
Hatchback,Diesel,Manual,USA,303,497,171,4.79,29.68,2442,5.36,driven,Continental,225/65R17,Silica Compound,Symmetric,-2.57,8.5,No,Off-road,Humid,56638.1,30513.7,16283.2,4.75
Truck,Electric,Manual,Japan,352,444,184,10.56,36.81,2348,5.78,driven,Michelin,195/65R15,Carbon Black,Directional,-1.51,8.5,No,Rough,Rainy,60463.9,6266.7,33780.8,7.76
Truck,Petrol,Automatic,India,311,561,200,4.18,35.65,1305,6.39,driven,Bridgestone,225/65R17,Carbon Black,Directional,1.91,7.5,No,Smooth,Cold,64344.7,36352.3,17447.6,4.09
Coupe,Electric,Manual,India,335,411,192,12.32,18.79,1203,4.72,dead,Goodyear,245/40R18,Silica Compound,Directional,1.82,7.5,No,Rough,Rainy,59335.2,11422.4,29863.8,6.36
SUV,Petrol,Automatic,UK,103,407,267,5.75,27.86,1852,5.4,dead,Michelin,195/65R15,Dual Compound,Asymmetric,2.67,8.5,No,Rough,Rainy,63917.2,45262.7,11627.3,3.67
Hatchback,Electric,Manual,India,188,345,215,9.15,15.78,2146,4.88,dead,Continental,205/55R16,Silica Compound,Asymmetric,2.99,8.0,No,Off-road,Dry,45714.0,12729.6,20559.0,6.04
Coupe,Diesel,Manual,USA,270,183,166,6.61,19.43,1446,6.29,dead,Pirelli,245/40R18,Dual Compound,Directional,2.86,8.0,No,Off-road,Humid,48325.5,7265.4,25592.5,7.14
Hatchback,Diesel,Automatic,UK,426,574,201,11.23,47.47,1712,6.43,dead,Continental,195/65R15,Silica Compound,Directional,-0.54,8.5,No,Smooth,Rainy,46891.7,3843.8,26831.5,7.77
SUV,Petrol,Manual,India,104,545,157,7.21,48.18,1432,5.46,dead,Continental,225/65R17,Silica Compound,Symmetric,-1.5,8.0,No,Off-road,Dry,63949.1,31386.2,20296.3,4.88
Truck,Hybrid,Manual,India,266,167,266,11.25,47.08,2151,4.71,driven,Goodyear,245/40R18,Dual Compound,Asymmetric,1.55,8.0,No,Rough,Rainy,42583.9,8501.2,21243.5,6.65
Sedan,Electric,Automatic,Japan,367,321,248,6.85,44.07,1821,6.07,dead,Bridgestone,225/65R17,Carbon Black,Symmetric,-1.2,7.5,No,Off-road,Rainy,63875.9,54622.1,5767.9,2.38
Truck,Hybrid,Manual,India,195,456,242,11.52,46.73,2070,5.89,dead,Goodyear,195/65R15,Silica Compound,Symmetric,1.84,8.0,No,Smooth,Rainy,51671.3,155.1,32109.8,7.96
Coupe,Hybrid,Automatic,Germany,417,533,216,4.31,41.84,1504,5.21,dead,Pirelli,195/65R15,Silica Compound,Directional,0.2,8.5,No,Smooth,Dry,42385.2,35757.8,4130.8,2.8
Sedan,Hybrid,Automatic,UK,445,524,256,6.83,41.79,1114,6.27,driven,Goodyear,205/55R16,Silica Compound,Directional,1.76,8.0,Yes,Rough,Cold,52732.8,27478.7,15740.8,4.72
Coupe,Diesel,Automatic,Germany,116,179,243,8.99,41.69,2439,6.45,driven,Pirelli,205/55R16,Carbon Black,Directional,-1.34,7.5,No,Rough,Rainy,49015.1,45199.0,2378.5,2.07
SUV,Petrol,Manual,UK,361,516,188,4.45,35.56,1994,5.62,dead,Goodyear,245/40R18,Silica Compound,Symmetric,0.05,8.5,No,Off-road,Rainy,57758.6,11818.1,28634.5,7.19
Sedan,Petrol,Automatic,Japan,216,376,255,5.86,29.53,1222,5.63,driven,Bridgestone,205/55R16,Carbon Black,Symmetric,0.38,8.5,No,Smooth,Dry,54175.8,5540.8,30314.0,7.81
Coupe,Diesel,Automatic,India,306,184,239,13.35,44.21,1635,5.1,driven,Michelin,225/65R17,Silica Compound,Symmetric,2.66,8.5,No,Rough,Humid,48903.3,30562.5,11431.7,4.34
SUV,Diesel,Manual,India,399,358,264,13.77,26.95,1671,5.67,driven,Bridgestone,225/65R17,Dual Compound,Directional,-1.4,7.5,No,Off-road,Cold,65868.0,46550.7,12040.4,3.21
Truck,Petrol,Automatic,India,407,408,164,11.4,36.72,1957,5.38,dead,Goodyear,205/55R16,Silica Compound,Directional,2.62,8.5,No,Off-road,Dry,52204.6,19450.7,20415.4,6.13
SUV,Hybrid,Manual,UK,261,157,267,6.52,32.33,1932,5.1,driven,Continental,205/55R16,Silica Compound,Directional,1.83,7.5,No,Off-road,Humid,54120.7,740.4,33271.7,7.36
Hatchback,Electric,Manual,India,441,144,239,6.61,26.06,1095,4.63,driven,Michelin,205/55R16,Carbon Black,Symmetric,1.39,7.5,No,Rough,Dry,65398.9,26614.9,24173.9,5.01
SUV,Electric,Manual,Germany,165,529,144,10.46,53.99,1106,5.01,driven,Continental,245/40R18,Carbon Black,Symmetric,1.72,8.0,No,Rough,Dry,42671.7,9976.1,20379.0,6.32
SUV,Electric,Manual,India,132,580,158,5.18,25.35,1631,4.9,dead,Bridgestone,245/40R18,Carbon Black,Asymmetric,0.63,8.5,No,Off-road,Cold,51696.8,17963.1,21026.1,6.07
Hatchback,Hybrid,Automatic,Japan,427,178,157,13.48,27.37,1697,5.58,driven,Michelin,225/65R17,Dual Compound,Directional,-1.54,8.0,No,Off-road,Cold,52085.7,26394.7,16013.1,4.73
Coupe,Petrol,Automatic,Germany,434,595,260,6.25,21.46,1031,5.7,dead,Goodyear,245/40R18,Dual Compound,Symmetric,-1.86,8.0,No,Rough,Cold,54874.8,38540.8,10180.9,3.48
Coupe,Diesel,Automatic,India,314,536,171,14.0,47.92,1065,5.72,driven,Continental,245/40R18,Carbon Black,Asymmetric,2.2,7.5,Yes,Smooth,Cold,43183.6,41595.6,989.8,1.89
SUV,Petrol,Automatic,India,346,476,149,8.96,38.46,2202,5.28,dead,Goodyear,195/65R15,Dual Compound,Symmetric,1.35,8.0,No,Off-road,Humid,43079.8,6203.5,22984.8,7.14
Hatchback,Hybrid,Automatic,USA,366,502,176,11.71,39.52,1778,5.34,dead,Pirelli,225/65R17,Carbon Black,Symmetric,-1.72,8.0,No,Smooth,Rainy,52492.5,35689.6,10473.1,3.74
Hatchback,Diesel,Manual,UK,179,416,225,4.02,47.82,2466,6.17,dead,Michelin,225/65R17,Dual Compound,Directional,0.69,8.0,No,Smooth,Dry,40990.9,9559.5,19591.0,6.51
Truck,Hybrid,Automatic,Germany,166,277,152,12.89,28.72,1915,5.45,dead,Continental,205/55R16,Carbon Black,Asymmetric,-0.31,8.5,No,Rough,Cold,47649.5,10516.5,23144.8,6.93
Coupe,Electric,Automatic,USA,94,176,148,6.7,22.75,1548,6.48,dead,Bridgestone,195/65R15,Carbon Black,Symmetric,-2.05,8.0,No,Rough,Rainy,46035.3,29165.9,10514.6,4.16
Sedan,Electric,Automatic,Japan,180,552,227,10.68,22.94,1200,5.38,driven,Bridgestone,205/55R16,Dual Compound,Asymmetric,0.19,7.5,No,Smooth,Humid,54681.6,42432.9,7634.6,2.83
Coupe,Hybrid,Manual,UK,244,167,185,12.06,44.3,1048,5.8,driven,Bridgestone,245/40R18,Silica Compound,Asymmetric,-1.31,8.5,No,Rough,Cold,40334.8,39438.8,558.4,1.92
Coupe,Diesel,Manual,Germany,108,447,275,5.64,39.56,1786,4.6,driven,Bridgestone,225/65R17,Carbon Black,Directional,-2.42,7.5,No,Smooth,Dry,60272.0,46339.0,8684.4,2.79
Truck,Diesel,Automatic,India,193,552,258,8.43,23.25,1950,5.81,dead,Continental,245/40R18,Carbon Black,Asymmetric,-0.2,8.5,No,Smooth,Rainy,65667.6,10330.5,34491.4,7.31
Sedan,Petrol,Manual,Germany,186,550,158,8.94,20.8,1262,6.2,dead,Pirelli,245/40R18,Silica Compound,Directional,0.54,8.5,No,Rough,Cold,61202.2,13795.1,29548.6,7.12
Truck,Electric,Automatic,India,443,175,233,7.12,19.83,2156,6.38,dead,Bridgestone,195/65R15,Carbon Black,Directional,-2.72,8.5,No,Rough,Dry,64542.3,49141.9,9599.0,3.37
Sedan,Petrol,Automatic,UK,209,184,165,8.82,40.11,1343,6.49,driven,Bridgestone,195/65R15,Carbon Black,Directional,-0.59,7.5,No,Off-road,Rainy,59299.5,31250.1,17483.0,4.32
SUV,Petrol,Manual,India,163,387,185,7.18,15.0,2199,5.06,dead,Bridgestone,225/65R17,Dual Compound,Asymmetric,-1.45,8.0,No,Rough,Dry,55221.0,16312.7,24251.3,6.09
Sedan,Hybrid,Manual,Japan,350,188,257,7.61,15.73,2414,5.65,dead,Pirelli,225/65R17,Silica Compound,Symmetric,-2.82,8.5,No,Off-road,Humid,46570.6,21971.3,15332.7,5.19
Truck,Hybrid,Automatic,India,323,335,185,10.69,30.58,1010,5.4,dead,Michelin,195/65R15,Carbon Black,Directional,-2.25,7.5,No,Rough,Cold,48388.8,44270.3,2567.0,1.95
Coupe,Petrol,Automatic,Japan,293,509,153,10.33,42.65,1200,5.63,dead,Bridgestone,195/65R15,Carbon Black,Symmetric,-2.17,8.5,No,Rough,Cold,49531.2,37425.8,7545.3,3.4
Sedan,Electric,Manual,UK,385,208,224,6.32,42.8,1944,4.81,driven,Bridgestone,195/65R15,Silica Compound,Asymmetric,-1.9,8.0,No,Rough,Dry,41140.5,18541.9,14085.6,5.12
Sedan,Hybrid,Automatic,UK,245,568,202,12.97,32.2,1925,6.21,dead,Bridgestone,195/65R15,Silica Compound,Symmetric,1.82,8.5,No,Rough,Rainy,67392.7,66082.1,816.8,1.91
Hatchback,Petrol,Manual,Germany,358,400,211,12.63,42.64,1002,6.32,dead,Michelin,225/65R17,Dual Compound,Symmetric,-0.36,7.5,No,Smooth,Cold,67009.1,53263.8,8567.4,2.46
Coupe,Petrol,Automatic,Japan,138,376,142,9.09,35.84,2237,5.4,dead,Bridgestone,225/65R17,Dual Compound,Directional,-2.12,8.5,No,Rough,Dry,43233.3,253.8,26788.9,8.48
SUV,Petrol,Manual,Japan,169,279,167,8.33,54.08,1807,5.06,dead,Michelin,245/40R18,Dual Compound,Directional,-2.4,7.5,No,Smooth,Humid,56700.8,6371.3,31370.1,6.9
Truck,Petrol,Automatic,USA,410,353,264,7.77,21.5,2330,4.78,driven,Michelin,245/40R18,Carbon Black,Directional,-1.21,8.0,No,Rough,Cold,54029.2,29930.5,15020.6,4.23
SUV,Petrol,Automatic,USA,273,250,226,11.07,39.03,1559,5.87,dead,Goodyear,245/40R18,Silica Compound,Asymmetric,1.79,8.0,No,Rough,Dry,60502.4,21173.1,24513.8,5.66
Coupe,Petrol,Manual,USA,202,168,216,10.72,34.65,2350,5.12,driven,Goodyear,225/65R17,Dual Compound,Symmetric,-0.81,8.5,No,Smooth,Rainy,58090.5,47202.0,6786.8,2.83
Sedan,Hybrid,Automatic,India,215,266,215,5.96,22.78,1198,6.32,driven,Bridgestone,205/55R16,Silica Compound,Asymmetric,-2.04,8.0,No,Rough,Cold,43729.7,39168.1,2843.2,2.4
Sedan,Electric,Automatic,USA,218,435,253,10.71,45.0,1108,5.84,dead,Continental,245/40R18,Carbon Black,Asymmetric,-0.58,7.5,No,Off-road,Cold,59802.3,14391.5,28304.4,6.06
Coupe,Petrol,Manual,Japan,308,532,272,6.52,26.02,2314,5.79,dead,Goodyear,205/55R16,Carbon Black,Asymmetric,0.33,8.5,No,Off-road,Humid,58266.2,44473.7,8596.8,3.32
Sedan,Diesel,Automatic,India,353,553,214,4.19,30.27,1107,5.62,driven,Goodyear,205/55R16,Silica Compound,Asymmetric,-2.82,7.5,No,Rough,Dry,55936.7,29948.4,16198.4,4.4
Sedan,Hybrid,Automatic,UK,129,121,198,10.99,29.99,2431,4.59,dead,Continental,205/55R16,Silica Compound,Directional,0.77,8.5,No,Off-road,Rainy,52072.2,20410.6,19734.5,5.82
Sedan,Hybrid,Automatic,Germany,197,448,198,10.45,24.77,1551,6.36,dead,Pirelli,195/65R15,Dual Compound,Symmetric,-0.63,7.5,Yes,Off-road,Humid,68647.6,54010.6,9123.2,2.71
Truck,Petrol,Manual,USA,281,559,186,8.11,32.23,1972,5.76,driven,Bridgestone,225/65R17,Silica Compound,Directional,-2.94,8.5,No,Off-road,Humid,65483.2,36993.0,17757.8,4.68
Truck,Hybrid,Manual,UK,270,264,234,9.26,33.93,1051,6.49,driven,Pirelli,225/65R17,Dual Compound,Directional,1.04,7.5,No,Off-road,Humid,57552.5,36562.2,13083.2,3.73
Hatchback,Petrol,Manual,Japan,443,563,217,13.47,44.77,1111,5.57,driven,Pirelli,245/40R18,Silica Compound,Asymmetric,1.27,7.5,No,Smooth,Dry,40191.3,2502.1,23491.5,7.01
SUV,Electric,Automatic,Germany,402,485,252,9.95,45.6,1294,5.92,driven,Michelin,245/40R18,Silica Compound,Directional,0.77,8.5,No,Smooth,Dry,52963.7,31030.4,13670.9,4.67
Coupe,Electric,Automatic,UK,260,539,248,10.58,21.34,2212,4.61,driven,Michelin,225/65R17,Silica Compound,Symmetric,-0.95,7.5,No,Smooth,Cold,61010.2,18346.5,26592.1,5.51
Coupe,Hybrid,Automatic,Germany,157,180,245,4.64,38.71,1064,5.76,driven,Bridgestone,195/65R15,Carbon Black,Asymmetric,0.18,8.0,No,Off-road,Dry,43518.8,21467.6,13744.4,4.88
Coupe,Hybrid,Automatic,USA,154,392,228,5.66,50.85,1573,6.03,dead,Continental,225/65R17,Carbon Black,Directional,-0.68,7.5,No,Off-road,Humid,52196.5,11588.2,25310.9,6.34
Hatchback,Diesel,Manual,Japan,374,168,172,7.01,19.35,1464,6.06,dead,Michelin,205/55R16,Carbon Black,Asymmetric,1.2,8.5,No,Smooth,Dry,45751.8,28113.3,10993.9,4.33
Truck,Hybrid,Automatic,Germany,360,451,236,9.39,33.92,1257,6.04,dead,Goodyear,225/65R17,Dual Compound,Symmetric,0.5,8.0,No,Off-road,Rainy,50144.3,7394.7,26645.6,6.85
Hatchback,Diesel,Automatic,UK,100,563,218,11.77,45.01,2003,4.95,dead,Bridgestone,195/65R15,Dual Compound,Asymmetric,-2.51,8.0,No,Smooth,Cold,40800.1,5014.5,22305.0,7.36
Coupe,Electric,Automatic,USA,250,523,155,7.21,39.46,1633,6.45,dead,Pirelli,225/65R17,Carbon Black,Directional,0.86,7.5,No,Smooth,Humid,43802.0,8252.8,22157.6,6.32
SUV,Electric,Manual,USA,94,553,183,7.56,19.02,2354,6.49,dead,Bridgestone,225/65R17,Carbon Black,Directional,1.12,7.5,No,Smooth,Cold,53642.7,43851.0,6103.1,2.67
Sedan,Petrol,Automatic,UK,290,250,259,6.56,30.86,1209,4.65,dead,Michelin,225/65R17,Silica Compound,Symmetric,-0.78,7.5,No,Off-road,Dry,66945.7,2245.0,40327.7,7.34
Truck,Electric,Automatic,UK,127,162,273,6.55,35.29,1088,6.37,dead,Continental,205/55R16,Silica Compound,Symmetric,2.25,8.0,No,Smooth,Cold,54717.4,39920.6,9222.8,3.33
Truck,Diesel,Automatic,Germany,165,176,247,13.49,54.83,1027,5.08,dead,Pirelli,245/40R18,Dual Compound,Asymmetric,2.06,8.0,No,Rough,Cold,53592.3,3028.4,31516.3,7.43
Hatchback,Hybrid,Automatic,India,228,169,143,10.35,22.14,1237,5.88,driven,Continental,195/65R15,Dual Compound,Directional,-1.95,8.0,No,Smooth,Dry,63627.1,37658.1,16186.3,4.25
Truck,Petrol,Automatic,USA,267,571,195,5.56,54.3,1335,5.18,driven,Bridgestone,205/55R16,Silica Compound,Symmetric,2.43,8.5,No,Smooth,Cold,48034.9,37157.8,6779.6,3.31
Coupe,Diesel,Manual,Germany,385,584,203,11.22,30.05,1062,6.44,dead,Continental,225/65R17,Dual Compound,Symmetric,-0.35,8.5,No,Rough,Dry,42852.1,9902.0,20537.6,6.77
Coupe,Hybrid,Automatic,UK,230,297,234,11.22,23.01,1499,4.7,dead,Continental,225/65R17,Carbon Black,Directional,1.34,7.5,No,Off-road,Humid,46287.2,9069.8,23197.4,6.49
Hatchback,Petrol,Automatic,Germany,220,412,195,10.66,31.56,1790,5.5,driven,Bridgestone,245/40R18,Silica Compound,Symmetric,1.88,8.5,No,Smooth,Cold,63739.0,18431.9,28239.7,6.49
Coupe,Electric,Automatic,UK,148,165,171,5.35,39.56,2492,5.36,driven,Pirelli,245/40R18,Silica Compound,Symmetric,0.03,8.5,No,Rough,Rainy,60311.4,42194.7,11292.1,3.92
SUV,Diesel,Automatic,Japan,339,289,255,8.08,23.54,1591,5.15,driven,Continental,245/40R18,Dual Compound,Directional,-0.61,7.5,No,Off-road,Rainy,42746.0,10892.8,19853.9,6.04
Hatchback,Hybrid,Automatic,UK,413,390,148,5.07,26.66,2074,5.79,dead,Continental,205/55R16,Silica Compound,Symmetric,2.49,7.5,No,Rough,Humid,60012.8,30112.6,18636.6,4.49
SUV,Petrol,Automatic,UK,88,536,244,12.17,49.18,2135,4.76,driven,Bridgestone,195/65R15,Silica Compound,Directional,-1.61,8.0,No,Smooth,Dry,67946.5,9136.5,36656.0,7.15
Sedan,Petrol,Automatic,UK,200,455,217,10.55,54.96,1300,5.93,driven,Goodyear,245/40R18,Carbon Black,Directional,-1.46,8.0,No,Rough,Dry,41348.6,19069.8,13886.3,5.15
SUV,Electric,Automatic,India,180,258,226,9.07,27.73,2113,6.46,driven,Continental,225/65R17,Silica Compound,Asymmetric,-0.83,7.5,No,Off-road,Cold,58492.5,36542.0,13681.7,3.9
Sedan,Hybrid,Automatic,UK,228,366,160,7.43,20.95,1228,6.11,dead,Michelin,195/65R15,Silica Compound,Directional,2.16,7.5,No,Smooth,Cold,51374.9,3689.7,29722.0,6.97
Sedan,Electric,Automatic,USA,225,267,194,5.84,46.73,1149,6.22,driven,Pirelli,225/65R17,Silica Compound,Symmetric,2.63,8.5,No,Rough,Rainy,55030.9,44873.5,6331.1,2.9
SUV,Electric,Manual,USA,432,349,215,5.06,39.02,2161,5.22,dead,Continental,225/65R17,Silica Compound,Asymmetric,-1.68,8.5,No,Off-road,Rainy,55845.4,52351.5,2177.7,2.29
Hatchback,Hybrid,Manual,Germany,322,399,269,13.69,19.02,2158,5.15,driven,Bridgestone,195/65R15,Carbon Black,Asymmetric,2.18,8.5,No,Off-road,Dry,63131.4,12218.9,31733.5,7.1
Coupe,Hybrid,Manual,India,320,244,265,6.0,52.87,2480,5.53,driven,Michelin,205/55R16,Silica Compound,Symmetric,-1.45,7.5,No,Smooth,Rainy,56710.4,43067.7,8503.4,2.95
Coupe,Hybrid,Manual,Germany,416,311,271,4.6,18.12,1526,4.59,dead,Bridgestone,195/65R15,Carbon Black,Asymmetric,2.82,7.5,No,Smooth,Dry,57792.6,18116.0,24730.2,5.55
Sedan,Diesel,Automatic,USA,122,493,223,13.62,40.01,1332,6.39,driven,Continental,245/40R18,Carbon Black,Symmetric,0.58,8.0,No,Smooth,Humid,49987.4,33827.7,10072.2,3.74
Sedan,Hybrid,Manual,USA,174,199,254,9.49,31.96,2385,4.79,driven,Michelin,195/65R15,Carbon Black,Asymmetric,-2.96,8.5,No,Smooth,Humid,43778.4,13425.8,18918.6,6.17
Hatchback,Petrol,Manual,Japan,305,213,187,11.97,37.26,1173,6.31,driven,Pirelli,245/40R18,Dual Compound,Symmetric,-2.8,8.0,No,Rough,Rainy,60482.0,52156.2,5189.4,2.55
Truck,Electric,Automatic,UK,85,345,262,4.44,23.53,2236,4.67,dead,Pirelli,245/40R18,Dual Compound,Directional,-2.12,7.5,No,Off-road,Cold,40014.5,13889.3,16283.7,5.53
SUV,Diesel,Manual,USA,293,184,217,9.67,42.52,2366,6.15,dead,Pirelli,195/65R15,Silica Compound,Directional,-1.87,8.5,No,Smooth,Rainy,49861.5,42324.0,4698.1,2.79
Sedan,Hybrid,Manual,Germany,285,207,169,7.98,53.39,1060,4.8,dead,Goodyear,195/65R15,Carbon Black,Asymmetric,1.61,8.0,No,Smooth,Rainy,46541.3,35657.3,6784.0,3.01
Coupe,Diesel,Automatic,Germany,146,207,168,11.72,33.34,2084,4.58,driven,Bridgestone,245/40R18,Dual Compound,Asymmetric,-1.66,7.5,No,Smooth,Rainy,51656.0,10141.3,25875.9,5.97
Hatchback,Hybrid,Automatic,UK,179,320,275,4.38,35.92,1818,5.94,dead,Continental,225/65R17,Silica Compound,Directional,2.81,8.0,No,Rough,Cold,49338.0,7743.8,25925.5,6.93
SUV,Diesel,Automatic,UK,91,333,279,8.02,24.59,1523,5.06,driven,Michelin,195/65R15,Dual Compound,Symmetric,0.82,8.5,No,Off-road,Rainy,61126.5,47657.6,8395.1,3.26
Hatchback,Electric,Manual,Japan,316,323,180,11.99,50.67,1215,5.93,driven,Bridgestone,205/55R16,Carbon Black,Asymmetric,1.16,8.0,No,Off-road,Cold,47806.2,18658.9,18167.3,5.5
SUV,Electric,Manual,India,401,520,165,9.23,53.85,1623,5.61,driven,Continental,245/40R18,Silica Compound,Directional,-1.69,8.0,No,Smooth,Rainy,56822.5,53946.9,1792.4,2.01
SUV,Petrol,Automatic,Germany,337,501,189,9.5,46.45,1577,4.72,driven,Goodyear,225/65R17,Carbon Black,Asymmetric,2.36,7.5,No,Off-road,Cold,53673.1,50611.0,1908.6,1.82
Sedan,Petrol,Automatic,UK,416,208,141,4.97,36.71,1693,6.36,driven,Continental,195/65R15,Carbon Black,Directional,1.01,8.5,No,Rough,Cold,64031.7,44404.8,12233.4,3.76
Hatchback,Hybrid,Manual,Germany,214,595,194,5.32,53.27,1422,5.4,driven,Bridgestone,195/65R15,Dual Compound,Directional,2.19,8.0,No,Off-road,Cold,52842.8,26452.1,16449.2,4.96
Hatchback,Electric,Automatic,UK,301,180,243,10.77,21.15,1715,5.97,driven,Continental,225/65R17,Silica Compound,Directional,2.74,7.5,No,Smooth,Cold,65916.3,12851.5,33075.0,6.26
Coupe,Diesel,Manual,USA,235,390,153,10.75,34.14,2446,5.5,driven,Michelin,205/55R16,Silica Compound,Symmetric,-2.25,8.5,No,Off-road,Cold,40004.4,35299.6,2932.5,2.56
Coupe,Diesel,Automatic,Germany,221,213,273,13.79,36.5,2394,5.71,dead,Goodyear,245/40R18,Silica Compound,Asymmetric,-2.42,7.5,No,Rough,Humid,58145.1,4767.8,33269.8,7.09
Sedan,Diesel,Automatic,USA,237,426,267,11.12,34.68,2229,5.11,dead,Michelin,195/65R15,Dual Compound,Symmetric,1.82,8.5,Yes,Rough,Dry,40294.2,14923.0,15813.7,6.22
Sedan,Petrol,Manual,Germany,405,146,243,8.93,47.1,2309,4.9,driven,Goodyear,205/55R16,Silica Compound,Symmetric,2.2,7.5,No,Off-road,Dry,61418.0,19605.8,26061.3,5.75
Truck,Diesel,Automatic,India,423,333,234,12.57,41.82,2128,5.59,dead,Goodyear,245/40R18,Dual Compound,Directional,0.5,7.5,No,Off-road,Cold,47047.7,45091.8,1219.1,1.8
Coupe,Petrol,Automatic,Japan,341,193,220,5.04,20.07,1753,5.38,dead,Continental,205/55R16,Silica Compound,Symmetric,-0.8,7.5,No,Smooth,Dry,51399.4,6071.1,28252.9,6.86
SUV,Petrol,Automatic,USA,362,180,200,8.49,28.86,1746,5.28,dead,Michelin,245/40R18,Dual Compound,Asymmetric,0.92,8.0,No,Smooth,Cold,51413.1,45765.4,3520.2,2.43
Hatchback,Hybrid,Manual,UK,417,305,151,6.87,28.56,1687,5.85,driven,Goodyear,245/40R18,Silica Compound,Asymmetric,-1.17,8.0,No,Smooth,Rainy,65392.7,29847.5,22155.1,5.01
Sedan,Diesel,Automatic,India,423,150,152,5.05,37.63,1722,5.88,dead,Goodyear,205/55R16,Dual Compound,Directional,-1.57,7.5,No,Off-road,Humid,43062.8,2045.4,25565.9,7.39
Hatchback,Diesel,Automatic,Germany,308,338,228,11.64,26.66,1746,4.59,driven,Continental,245/40R18,Carbon Black,Directional,-0.07,8.5,No,Rough,Rainy,60006.9,43737.0,10140.9,3.54
Hatchback,Electric,Automatic,USA,359,131,234,9.11,19.69,1241,5.18,dead,Bridgestone,195/65R15,Carbon Black,Asymmetric,-1.7,7.5,Yes,Rough,Rainy,69437.7,7004.8,38914.1,6.96
Truck,Hybrid,Automatic,Germany,437,421,198,9.57,41.15,1664,5.32,dead,Bridgestone,195/65R15,Carbon Black,Asymmetric,-0.1,8.0,No,Off-road,Cold,40671.5,9639.3,19342.2,6.52
Coupe,Electric,Automatic,Germany,369,534,176,8.11,49.04,1707,4.69,dead,Pirelli,205/55R16,Silica Compound,Directional,2.74,8.5,No,Rough,Rainy,68976.8,55162.8,8610.2,2.99
Sedan,Hybrid,Automatic,Germany,247,151,164,8.6,52.26,1434,4.97,driven,Pirelli,205/55R16,Dual Compound,Symmetric,2.04,8.0,No,Rough,Humid,40552.1,6274.7,21364.9,6.97
Hatchback,Diesel,Manual,Japan,126,279,155,5.16,53.9,1780,4.6,driven,Goodyear,245/40R18,Carbon Black,Asymmetric,2.65,7.5,No,Off-road,Rainy,65234.5,21231.9,27426.6,5.47
Sedan,Petrol,Manual,Japan,282,356,226,10.73,46.24,1483,6.49,driven,Bridgestone,245/40R18,Silica Compound,Directional,1.84,8.0,No,Rough,Humid,68837.3,24850.2,27417.0,5.71
SUV,Petrol,Automatic,UK,293,346,273,8.32,20.59,2470,5.97,driven,Goodyear,205/55R16,Dual Compound,Directional,-0.87,8.0,No,Off-road,Humid,69790.8,41093.0,17887.2,4.08
Truck,Petrol,Manual,USA,325,300,162,12.17,49.12,1383,4.67,driven,Michelin,225/65R17,Carbon Black,Asymmetric,1.87,8.0,No,Smooth,Cold,53773.6,42477.6,7040.8,2.85
SUV,Petrol,Manual,India,103,436,265,5.96,31.0,1169,4.54,driven,Bridgestone,205/55R16,Carbon Black,Directional,2.54,7.5,No,Rough,Humid,66008.7,15235.6,31646.7,6.07
Sedan,Petrol,Automatic,India,400,165,199,6.05,44.2,2020,5.94,driven,Bridgestone,225/65R17,Silica Compound,Asymmetric,2.68,8.0,No,Off-road,Rainy,43670.2,8986.6,21618.1,6.67
Sedan,Electric,Manual,India,353,460,279,10.46,36.25,1949,5.38,driven,Bridgestone,225/65R17,Dual Compound,Directional,1.1,7.5,No,Rough,Cold,52761.5,11707.9,25588.5,6.31
Coupe,Hybrid,Manual,Germany,123,577,239,12.46,48.14,1868,6.07,driven,Pirelli,205/55R16,Silica Compound,Directional,-1.73,7.5,No,Rough,Humid,49239.2,18790.3,18978.7,5.31
Hatchback,Diesel,Manual,Japan,411,199,242,8.72,32.02,1322,6.35,dead,Continental,205/55R16,Carbon Black,Symmetric,-2.76,8.0,No,Smooth,Humid,51855.3,27747.9,15026.0,4.56
Hatchback,Electric,Manual,USA,392,254,273,11.27,17.47,1847,5.7,dead,Continental,205/55R16,Silica Compound,Directional,-2.12,8.5,Yes,Off-road,Dry,61059.4,820.9,37546.3,8.5
SUV,Hybrid,Manual,Germany,442,379,202,13.99,37.27,2497,4.87,driven,Pirelli,225/65R17,Silica Compound,Asymmetric,2.79,8.0,No,Smooth,Cold,42624.4,33259.7,5837.0,3.04
Truck,Petrol,Manual,Japan,235,594,177,13.9,21.85,2255,6.06,dead,Pirelli,195/65R15,Carbon Black,Asymmetric,-0.23,8.0,No,Rough,Dry,69944.9,64819.1,3194.9,2.14
Hatchback,Hybrid,Manual,Japan,278,427,267,11.44,53.62,1695,6.41,dead,Pirelli,195/65R15,Carbon Black,Symmetric,2.13,8.0,No,Rough,Humid,59052.0,49811.5,5759.5,2.41
Coupe,Hybrid,Manual,USA,241,366,189,11.4,36.08,1358,5.66,driven,Continental,205/55R16,Dual Compound,Asymmetric,-0.21,8.5,No,Rough,Dry,66205.5,2461.8,39731.1,8.15
SUV,Petrol,Automatic,USA,313,592,179,6.48,37.14,2298,5.86,driven,Goodyear,205/55R16,Dual Compound,Directional,0.96,8.5,No,Off-road,Rainy,64890.9,34035.6,19232.0,5.04
SUV,Petrol,Automatic,USA,242,278,147,12.34,51.29,1031,5.17,dead,Pirelli,245/40R18,Carbon Black,Symmetric,-2.86,7.5,No,Smooth,Rainy,62979.9,51267.4,7300.4,2.68
Coupe,Petrol,Manual,Germany,195,322,147,8.05,39.98,1176,5.26,driven,Goodyear,245/40R18,Carbon Black,Asymmetric,-1.5,8.5,No,Off-road,Humid,41176.7,14169.5,16833.5,6.34
Truck,Diesel,Manual,UK,172,231,243,13.62,27.11,1916,5.97,dead,Goodyear,245/40R18,Dual Compound,Directional,-0.38,8.5,No,Rough,Dry,55494.0,49780.2,3561.4,2.57
Coupe,Petrol,Automatic,USA,121,587,173,4.81,26.84,1064,6.36,driven,Michelin,205/55R16,Silica Compound,Symmetric,0.78,8.0,No,Smooth,Dry,49844.5,44206.0,3514.4,2.27
Truck,Diesel,Manual,UK,363,411,196,8.36,35.06,1026,5.76,dead,Continental,195/65R15,Carbon Black,Directional,-1.97,7.5,No,Rough,Cold,43388.2,6148.3,23211.4,6.76
Coupe,Petrol,Manual,Germany,289,557,161,9.56,49.66,1267,6.08,driven,Goodyear,195/65R15,Carbon Black,Asymmetric,1.59,7.5,No,Smooth,Rainy,50289.7,24824.5,15872.3,4.44
Coupe,Diesel,Automatic,UK,285,429,226,8.05,46.79,1596,4.84,dead,Continental,205/55R16,Silica Compound,Asymmetric,-0.81,8.5,No,Off-road,Rainy,59344.1,1523.2,36039.5,8.17
Sedan,Hybrid,Automatic,India,299,238,179,6.11,53.51,2011,4.92,dead,Continental,205/55R16,Dual Compound,Asymmetric,1.9,8.5,No,Off-road,Cold,46918.8,13224.5,21001.5,6.62
SUV,Electric,Automatic,UK,359,502,225,9.93,17.88,1065,5.56,dead,Michelin,225/65R17,Dual Compound,Asymmetric,-2.41,8.0,No,Off-road,Rainy,53337.9,43303.6,6254.3,2.88
Coupe,Hybrid,Manual,USA,215,136,272,11.56,25.73,1132,4.85,dead,Continental,225/65R17,Silica Compound,Symmetric,1.08,8.5,Yes,Off-road,Dry,52134.8,50838.8,807.8,1.9
Coupe,Hybrid,Manual,Germany,185,450,234,10.45,18.21,1915,5.77,driven,Goodyear,195/65R15,Carbon Black,Asymmetric,-1.24,8.5,No,Off-road,Dry,41573.9,37970.4,2246.0,2.39
Hatchback,Petrol,Automatic,USA,197,533,152,6.34,45.04,2389,5.08,dead,Bridgestone,245/40R18,Silica Compound,Symmetric,1.77,7.5,No,Smooth,Rainy,58842.5,2505.5,35114.5,7.19
SUV,Diesel,Automatic,India,316,346,167,11.32,20.63,1081,6.08,driven,Goodyear,195/65R15,Carbon Black,Symmetric,-0.59,8.5,No,Smooth,Cold,58565.4,54274.4,2674.6,2.3
Hatchback,Electric,Manual,USA,388,480,223,6.57,19.0,1981,6.12,dead,Goodyear,225/65R17,Dual Compound,Directional,0.99,8.0,Yes,Rough,Humid,68992.4,56756.5,7626.6,2.68
SUV,Petrol,Automatic,USA,179,525,201,5.75,37.47,2351,5.43,driven,Continental,195/65R15,Carbon Black,Asymmetric,2.61,7.5,No,Smooth,Humid,48940.2,42465.5,4035.6,2.53
Hatchback,Petrol,Manual,USA,340,236,232,10.91,31.46,2121,4.86,dead,Goodyear,225/65R17,Carbon Black,Directional,-2.88,7.5,No,Rough,Humid,52568.5,48091.1,2790.8,2.1
Coupe,Petrol,Manual,Japan,384,162,226,12.43,43.6,1584,5.79,driven,Bridgestone,225/65R17,Carbon Black,Directional,-2.93,8.5,Yes,Off-road,Humid,52109.1,25438.6,16623.6,5.34
Coupe,Hybrid,Automatic,India,433,487,163,8.82,34.48,1326,6.49,dead,Continental,245/40R18,Carbon Black,Directional,1.62,8.0,No,Smooth,Dry,67592.3,14276.7,33231.3,6.52
Sedan,Diesel,Automatic,USA,365,234,237,9.31,32.01,1541,5.75,dead,Pirelli,245/40R18,Carbon Black,Directional,0.88,7.5,No,Smooth,Humid,52259.5,1098.7,31888.3,7.33
Hatchback,Diesel,Manual,USA,407,402,146,7.03,32.02,2148,4.57,driven,Goodyear,225/65R17,Dual Compound,Directional,-1.24,8.0,No,Off-road,Dry,53282.9,1254.7,32428.9,7.84
Truck,Electric,Automatic,USA,182,156,176,8.95,49.88,1209,4.53,dead,Goodyear,205/55R16,Silica Compound,Asymmetric,-0.03,8.0,No,Off-road,Dry,47570.3,30564.5,10599.7,3.77
Sedan,Diesel,Automatic,Germany,142,421,207,5.32,30.81,1132,5.14,dead,Michelin,245/40R18,Dual Compound,Directional,-2.75,8.5,No,Off-road,Humid,40035.0,13503.0,16537.3,6.37
Hatchback,Diesel,Automatic,Japan,254,232,225,13.56,28.34,1156,4.89,dead,Pirelli,225/65R17,Carbon Black,Symmetric,-1.85,8.0,Yes,Rough,Humid,43313.5,21479.0,13609.3,4.83
Hatchback,Petrol,Automatic,Germany,361,154,272,12.0,28.54,1874,6.13,dead,Pirelli,205/55R16,Silica Compound,Symmetric,-0.45,7.5,No,Rough,Humid,61116.7,8026.8,33090.7,6.56
Sedan,Petrol,Manual,Japan,372,251,226,10.68,22.86,1381,6.19,driven,Bridgestone,205/55R16,Carbon Black,Asymmetric,2.0,8.5,No,Smooth,Rainy,60474.9,58994.0,923.0,1.82
Coupe,Hybrid,Manual,USA,305,455,154,9.38,49.43,2045,5.02,dead,Pirelli,195/65R15,Dual Compound,Symmetric,-0.12,7.5,No,Off-road,Rainy,49675.9,6455.0,26939.4,6.61
Hatchback,Petrol,Manual,India,86,455,262,11.92,20.87,1973,5.15,driven,Michelin,195/65R15,Dual Compound,Directional,0.52,8.0,No,Smooth,Cold,54190.2,24104.1,18752.5,5.23
Coupe,Petrol,Manual,UK,206,588,246,8.95,51.34,1594,4.97,driven,Bridgestone,245/40R18,Carbon Black,Symmetric,2.24,8.0,No,Off-road,Dry,48921.4,21689.5,16973.5,5.22
Sedan,Petrol,Automatic,UK,171,529,228,7.0,26.34,2442,6.32,driven,Pirelli,205/55R16,Carbon Black,Directional,-1.15,8.5,No,Off-road,Humid,61927.5,535.0,38265.7,8.5
Coupe,Petrol,Automatic,USA,269,496,264,5.6,50.98,1471,5.51,driven,Bridgestone,245/40R18,Silica Compound,Asymmetric,1.2,8.5,No,Off-road,Rainy,65275.0,43590.5,13515.8,4.06
SUV,Hybrid,Manual,Germany,438,347,252,10.48,46.63,1233,5.81,dead,Pirelli,225/65R17,Silica Compound,Symmetric,2.17,7.5,No,Off-road,Cold,66973.2,36045.7,19277.0,4.49
Truck,Petrol,Manual,India,132,266,276,13.29,38.28,1571,5.33,dead,Pirelli,245/40R18,Carbon Black,Symmetric,-1.78,7.5,No,Off-road,Dry,45216.1,22494.9,14162.1,4.7
Hatchback,Electric,Automatic,Japan,321,241,246,5.54,41.78,2477,5.76,driven,Pirelli,205/55R16,Silica Compound,Symmetric,-0.86,8.0,No,Rough,Dry,60850.5,49780.9,6899.6,2.72
Truck,Electric,Manual,USA,211,200,226,5.8,28.03,1770,5.27,dead,Goodyear,195/65R15,Carbon Black,Asymmetric,2.88,8.5,No,Smooth,Dry,68890.1,16612.0,32584.7,7.07
Coupe,Electric,Manual,India,443,292,207,8.34,37.97,2185,5.18,dead,Pirelli,245/40R18,Carbon Black,Asymmetric,2.9,8.0,No,Off-road,Rainy,59518.4,51251.1,5153.0,2.47
Hatchback,Electric,Automatic,India,191,273,154,12.07,26.7,1300,5.77,driven,Goodyear,195/65R15,Carbon Black,Symmetric,-1.66,8.0,No,Rough,Humid,50529.2,43696.6,4258.7,2.48
Coupe,Petrol,Manual,Japan,86,269,204,6.94,31.09,1305,5.68,driven,Continental,245/40R18,Dual Compound,Asymmetric,-2.6,7.5,No,Rough,Humid,59078.4,48849.7,6375.5,2.55
SUV,Electric,Automatic,India,309,494,193,6.54,45.59,1001,5.09,driven,Michelin,225/65R17,Carbon Black,Directional,-1.37,7.5,No,Off-road,Dry,60652.8,20706.7,24898.2,5.52
Sedan,Petrol,Automatic,Germany,235,177,232,10.2,24.76,1270,4.8,dead,Bridgestone,205/55R16,Carbon Black,Asymmetric,-0.61,7.5,No,Off-road,Dry,51911.4,8438.6,27096.4,6.34
Hatchback,Hybrid,Manual,Germany,276,182,159,9.36,48.55,1420,5.24,driven,Bridgestone,245/40R18,Carbon Black,Symmetric,-0.35,8.5,No,Rough,Cold,43119.7,20489.5,14105.3,5.27
SUV,Electric,Automatic,Germany,402,275,172,4.6,30.04,2166,5.33,driven,Continental,225/65R17,Silica Compound,Directional,0.71,7.5,No,Off-road,Cold,58199.8,15122.7,26849.7,5.97
SUV,Diesel,Manual,India,443,568,239,4.81,36.29,1699,5.76,dead,Pirelli,225/65R17,Carbon Black,Symmetric,2.4,8.5,No,Rough,Dry,64064.2,3343.0,37847.3,7.98
Hatchback,Electric,Automatic,Germany,302,547,216,10.43,52.68,1863,6.33,dead,Michelin,225/65R17,Dual Compound,Symmetric,-1.02,8.0,No,Off-road,Cold,69927.3,19542.6,31404.5,6.04
Coupe,Electric,Manual,Japan,446,475,274,8.65,42.25,1959,4.57,dead,Continental,195/65R15,Dual Compound,Symmetric,2.1,8.5,No,Rough,Rainy,46691.7,21904.4,15449.8,5.23
SUV,Petrol,Manual,India,329,546,275,13.71,40.82,1993,4.99,dead,Continental,195/65R15,Carbon Black,Asymmetric,-2.44,7.5,No,Off-road,Dry,61011.7,6878.2,33741.1,6.75
Truck,Electric,Manual,UK,162,540,246,10.79,43.46,2009,4.89,dead,Bridgestone,225/65R17,Carbon Black,Symmetric,-2.75,8.5,No,Rough,Cold,40841.3,38567.8,1417.1,2.08
SUV,Diesel,Automatic,India,319,441,259,4.1,51.72,1878,5.5,dead,Goodyear,225/65R17,Carbon Black,Directional,0.02,8.5,No,Smooth,Dry,69094.8,45333.2,14810.5,4.03
Coupe,Petrol,Automatic,Japan,439,520,213,8.81,24.94,1691,5.36,dead,Goodyear,245/40R18,Dual Compound,Directional,-2.64,7.5,No,Off-road,Humid,40376.9,5505.0,21735.5,6.8
Coupe,Petrol,Manual,UK,402,287,150,8.14,39.53,1866,5.96,dead,Pirelli,245/40R18,Silica Compound,Directional,-0.65,7.5,No,Off-road,Rainy,50763.8,41223.5,5946.4,2.59
Truck,Hybrid,Automatic,India,342,285,170,5.07,31.02,2060,4.98,driven,Pirelli,205/55R16,Silica Compound,Symmetric,2.38,8.0,Yes,Rough,Dry,42292.1,39250.8,1895.6,2.02
SUV,Hybrid,Manual,Germany,268,204,151,13.23,15.47,1106,5.69,dead,Continental,245/40R18,Carbon Black,Directional,-1.55,8.5,No,Off-road,Humid,58629.0,15406.8,26940.2,6.81
Coupe,Electric,Manual,USA,445,564,263,12.05,20.01,2320,6.27,driven,Pirelli,205/55R16,Silica Compound,Directional,1.24,8.0,No,Smooth,Dry,50185.0,7189.1,26799.1,6.89
Hatchback,Hybrid,Automatic,USA,369,256,217,6.3,28.0,2120,6.32,dead,Goodyear,205/55R16,Dual Compound,Directional,-1.19,8.0,No,Smooth,Humid,61988.3,19989.7,26177.5,6.11
Sedan,Hybrid,Manual,Germany,441,580,235,6.56,37.6,1280,6.42,dead,Michelin,205/55R16,Carbon Black,Directional,-2.73,8.5,No,Rough,Cold,54591.3,45433.6,5708.0,2.69
Sedan,Hybrid,Automatic,USA,137,578,189,4.32,50.26,2133,6.05,driven,Bridgestone,195/65R15,Silica Compound,Asymmetric,0.34,8.0,No,Rough,Humid,52582.1,9206.8,27035.6,6.98
Sedan,Petrol,Manual,USA,88,308,256,6.97,46.64,1548,6.31,dead,Goodyear,245/40R18,Carbon Black,Symmetric,2.01,8.5,No,Off-road,Rainy,50455.5,39322.3,6939.3,3.28
SUV,Petrol,Automatic,Germany,383,583,156,9.85,37.13,1551,4.97,driven,Pirelli,225/65R17,Carbon Black,Symmetric,-0.54,8.0,No,Rough,Rainy,42583.9,30501.3,7531.0,3.57
Truck,Petrol,Manual,Germany,194,519,268,8.21,17.95,1187,4.9,dead,Bridgestone,205/55R16,Dual Compound,Directional,0.7,8.0,No,Smooth,Cold,46144.7,30057.2,10027.3,3.76
Coupe,Hybrid,Manual,India,289,498,203,13.69,26.44,1751,4.51,driven,Bridgestone,225/65R17,Dual Compound,Symmetric,2.4,8.5,No,Smooth,Dry,59173.1,25640.7,20900.5,5.56
Hatchback,Petrol,Automatic,India,120,121,271,4.56,29.67,1869,5.91,driven,Continental,205/55R16,Silica Compound,Directional,1.74,7.5,No,Off-road,Rainy,54902.6,20136.6,21669.4,5.18
Hatchback,Hybrid,Manual,Germany,383,225,226,9.91,39.87,2377,6.37,dead,Pirelli,245/40R18,Dual Compound,Directional,-1.84,8.5,No,Smooth,Cold,42102.7,3589.6,24005.0,7.91
SUV,Petrol,Manual,Japan,252,483,155,12.58,17.6,1018,4.87,driven,Continental,205/55R16,Carbon Black,Directional,1.4,7.5,No,Rough,Rainy,56318.6,20125.8,22558.8,5.35
Sedan,Petrol,Automatic,USA,313,191,202,8.81,36.21,1858,5.77,driven,Bridgestone,245/40R18,Dual Compound,Symmetric,0.01,8.5,No,Off-road,Cold,41624.3,25051.2,10329.9,4.56
SUV,Diesel,Manual,India,360,546,215,4.03,51.06,2416,5.99,dead,Continental,225/65R17,Silica Compound,Asymmetric,1.48,8.5,No,Off-road,Rainy,55351.8,49717.5,3511.8,2.45
Truck,Electric,Automatic,USA,157,245,224,6.43,43.22,2284,6.36,dead,Pirelli,245/40R18,Silica Compound,Symmetric,-0.03,7.5,Yes,Off-road,Cold,68948.8,57443.0,7171.6,2.5
Truck,Hybrid,Manual,UK,187,289,248,7.24,46.88,1984,5.79,driven,Goodyear,225/65R17,Silica Compound,Symmetric,-2.23,7.5,No,Rough,Rainy,49220.3,1585.7,29690.5,7.3
Coupe,Diesel,Automatic,Germany,360,324,156,13.66,42.27,1409,6.44,dead,Michelin,245/40R18,Dual Compound,Asymmetric,0.42,8.5,No,Off-road,Dry,61705.1,8568.5,33119.7,7.51
Coupe,Petrol,Manual,Japan,118,432,197,13.12,23.26,2426,5.19,driven,Goodyear,205/55R16,Dual Compound,Symmetric,-0.05,8.5,No,Off-road,Humid,62366.6,52917.3,5889.7,2.71
Truck,Hybrid,Manual,UK,198,456,218,13.49,19.42,1483,5.2,driven,Bridgestone,205/55R16,Dual Compound,Asymmetric,0.11,8.5,Yes,Smooth,Rainy,52145.8,48981.5,1972.3,2.12
Truck,Petrol,Manual,UK,414,591,200,12.26,48.18,2327,5.59,driven,Goodyear,245/40R18,Dual Compound,Directional,2.27,7.5,No,Smooth,Cold,57798.8,3225.7,34015.1,7.36
Truck,Electric,Automatic,UK,415,314,252,7.52,42.82,1623,5.27,dead,Continental,225/65R17,Dual Compound,Asymmetric,2.37,8.5,No,Off-road,Dry,54161.4,37980.8,10085.3,3.77
SUV,Diesel,Automatic,Germany,106,277,260,13.06,38.0,1655,4.5,dead,Pirelli,225/65R17,Silica Compound,Directional,-0.28,7.5,No,Rough,Rainy,48500.9,17738.4,19174.1,5.2
Truck,Electric,Automatic,India,183,260,173,13.82,22.57,1767,5.96,driven,Goodyear,225/65R17,Silica Compound,Asymmetric,-0.27,8.0,No,Rough,Cold,62642.3,22820.0,24821.0,5.93
Hatchback,Diesel,Automatic,Germany,153,394,209,7.5,39.13,1017,6.0,driven,Goodyear,245/40R18,Dual Compound,Directional,0.09,7.5,No,Rough,Humid,61084.8,39257.3,13605.0,3.75
Sedan,Petrol,Manual,India,270,126,156,6.61,16.25,1183,5.99,driven,Pirelli,245/40R18,Carbon Black,Symmetric,0.12,8.0,No,Rough,Cold,67016.5,54297.8,7927.5,2.91
Truck,Electric,Manual,UK,403,512,159,9.47,19.75,1404,5.19,dead,Continental,245/40R18,Silica Compound,Asymmetric,2.7,8.5,No,Smooth,Rainy,58543.8,16090.0,26461.2,6.61
Sedan,Electric,Automatic,UK,226,586,198,5.87,27.48,1798,5.54,driven,Michelin,245/40R18,Carbon Black,Symmetric,0.9,8.5,Yes,Rough,Cold,51661.6,36439.7,9487.7,3.78
SUV,Petrol,Automatic,Japan,334,173,208,4.33,32.75,2154,5.22,dead,Goodyear,225/65R17,Carbon Black,Directional,-1.34,7.5,No,Rough,Cold,61420.2,39055.7,13939.7,3.72
Sedan,Electric,Automatic,India,363,223,241,13.46,19.82,1478,4.53,driven,Bridgestone,225/65R17,Silica Compound,Asymmetric,0.19,8.0,No,Off-road,Humid,58571.1,30300.0,17621.2,4.55
SUV,Hybrid,Manual,UK,292,461,259,13.26,19.8,1007,5.62,driven,Continental,195/65R15,Carbon Black,Asymmetric,0.76,8.5,No,Rough,Rainy,58498.4,35241.0,14496.3,4.45
Hatchback,Diesel,Automatic,USA,202,457,196,5.63,44.04,1704,4.75,driven,Continental,245/40R18,Carbon Black,Asymmetric,0.84,8.5,No,Rough,Rainy,65495.1,1182.4,40085.8,8.25
SUV,Diesel,Automatic,Japan,285,180,222,8.08,37.79,2341,4.66,driven,Goodyear,195/65R15,Silica Compound,Symmetric,0.51,8.0,No,Rough,Humid,67314.1,273.7,41785.9,8.0
SUV,Diesel,Manual,Germany,319,206,268,12.31,36.35,2414,6.01,dead,Pirelli,245/40R18,Silica Compound,Directional,-1.93,8.5,No,Rough,Dry,45407.2,24993.9,12723.5,4.8
Coupe,Hybrid,Manual,Japan,418,377,152,10.61,33.1,2159,4.52,dead,Goodyear,195/65R15,Dual Compound,Symmetric,-2.8,8.5,No,Smooth,Cold,49421.5,25902.2,14659.4,4.84
Truck,Diesel,Automatic,USA,365,297,145,7.95,54.06,1530,6.42,dead,Goodyear,225/65R17,Silica Compound,Asymmetric,-0.97,7.5,No,Off-road,Cold,59509.2,4245.1,34445.8,7.08
Truck,Petrol,Manual,India,101,361,236,11.44,16.99,1912,5.53,dead,Pirelli,225/65R17,Carbon Black,Directional,-0.43,8.5,Yes,Smooth,Cold,56716.6,27906.1,17957.5,5.21
Hatchback,Electric,Automatic,Germany,338,322,233,12.97,22.23,2390,6.47,dead,Bridgestone,195/65R15,Silica Compound,Directional,-2.63,8.0,No,Off-road,Rainy,59569.8,45125.8,9002.8,3.1
Hatchback,Hybrid,Manual,Germany,436,150,249,13.26,40.9,1688,4.62,driven,Pirelli,205/55R16,Dual Compound,Symmetric,1.89,8.5,No,Off-road,Rainy,52990.4,28678.6,15153.5,4.87
Truck,Diesel,Automatic,India,184,408,277,7.79,20.45,2034,5.67,dead,Goodyear,245/40R18,Silica Compound,Symmetric,-0.94,7.5,No,Off-road,Cold,52373.2,27109.1,15747.0,4.52
Coupe,Petrol,Automatic,Japan,337,581,190,5.74,38.58,1552,5.2,dead,Michelin,195/65R15,Carbon Black,Asymmetric,2.48,8.5,No,Off-road,Rainy,43529.6,31250.3,7653.6,3.7
Truck,Electric,Automatic,UK,283,199,190,13.13,37.71,1445,6.19,dead,Pirelli,195/65R15,Silica Compound,Asymmetric,-2.07,8.0,No,Smooth,Humid,58709.4,10088.9,30305.0,6.87
Coupe,Electric,Automatic,Japan,389,130,226,4.93,53.84,2137,5.22,dead,Bridgestone,205/55R16,Carbon Black,Asymmetric,-2.66,8.5,No,Off-road,Humid,45273.6,20711.8,15309.2,5.53
Hatchback,Hybrid,Manual,USA,341,536,207,11.22,50.34,1705,5.02,driven,Pirelli,225/65R17,Silica Compound,Asymmetric,-0.11,8.0,No,Rough,Rainy,60130.6,8902.2,31930.4,7.13
Sedan,Hybrid,Manual,UK,186,373,223,5.4,52.82,1195,6.22,driven,Pirelli,195/65R15,Dual Compound,Directional,-1.87,7.5,No,Rough,Cold,69012.2,36151.4,20482.0,4.34
Hatchback,Hybrid,Manual,Japan,330,503,181,7.89,19.54,1859,5.25,driven,Continental,225/65R17,Dual Compound,Asymmetric,2.62,8.5,No,Off-road,Cold,47692.4,28231.1,12130.1,4.41
Hatchback,Petrol,Manual,India,300,510,196,8.12,49.73,2346,4.53,dead,Continental,245/40R18,Silica Compound,Asymmetric,-2.94,8.5,No,Rough,Cold,44264.6,5385.8,24232.9,7.73
SUV,Petrol,Automatic,USA,301,503,201,5.59,20.16,1627,5.28,driven,Goodyear,205/55R16,Carbon Black,Asymmetric,-0.52,7.5,No,Rough,Cold,40725.3,3075.4,23467.0,7.16
SUV,Hybrid,Automatic,USA,337,406,146,13.23,40.32,1980,5.81,driven,Goodyear,225/65R17,Dual Compound,Symmetric,2.56,8.0,No,Off-road,Rainy,51364.8,8564.2,26677.4,7.05
SUV,Diesel,Manual,USA,280,295,251,4.03,43.8,1629,5.01,dead,Pirelli,195/65R15,Carbon Black,Symmetric,-0.69,8.0,No,Off-road,Dry,46438.3,27228.5,11973.4,4.31
SUV,Electric,Manual,UK,446,245,165,12.94,21.43,2188,5.36,dead,Michelin,205/55R16,Silica Compound,Symmetric,-2.44,8.5,No,Off-road,Dry,54755.8,10382.7,27657.5,7.18
Coupe,Electric,Manual,Germany,337,166,158,12.84,40.31,2275,4.61,dead,Goodyear,205/55R16,Dual Compound,Asymmetric,-1.18,8.0,No,Smooth,Cold,55729.2,15339.1,25174.9,6.3
Truck,Petrol,Manual,UK,428,325,148,7.17,17.1,1043,5.68,driven,Pirelli,205/55R16,Dual Compound,Directional,-0.01,8.0,No,Off-road,Cold,50479.8,35464.4,9359.0,3.42
Sedan,Electric,Manual,Japan,304,595,200,11.04,26.73,2493,6.01,dead,Pirelli,205/55R16,Carbon Black,Asymmetric,-1.89,8.5,No,Off-road,Cold,62497.2,15520.9,29280.1,6.84
Hatchback,Diesel,Automatic,Germany,281,556,159,6.53,51.85,1488,5.33,driven,Pirelli,205/55R16,Dual Compound,Symmetric,-0.2,8.0,No,Smooth,Dry,67144.2,26691.6,25213.9,5.64
Coupe,Electric,Automatic,Japan,305,226,245,11.59,21.87,1180,5.34,driven,Pirelli,245/40R18,Carbon Black,Symmetric,2.02,8.0,No,Rough,Humid,46345.7,43048.0,2055.4,1.95
Sedan,Petrol,Automatic,Germany,315,583,189,9.61,17.61,2100,4.68,driven,Pirelli,245/40R18,Carbon Black,Asymmetric,2.24,8.5,No,Smooth,Dry,65088.9,53698.1,7099.8,2.83
Coupe,Petrol,Manual,UK,262,394,220,7.0,32.75,1373,4.9,driven,Continental,205/55R16,Silica Compound,Directional,-2.7,8.5,No,Rough,Rainy,43935.6,11224.3,20388.8,6.86
Coupe,Diesel,Manual,USA,279,456,279,8.0,49.02,1627,4.81,driven,Bridgestone,195/65R15,Carbon Black,Directional,-2.03,8.0,No,Smooth,Dry,46861.1,28003.0,11754.1,4.09
Hatchback,Diesel,Manual,India,436,242,149,10.9,18.07,1956,5.46,dead,Bridgestone,195/65R15,Dual Compound,Directional,-1.35,8.5,No,Off-road,Rainy,56842.5,37846.0,11840.4,4.13
Truck,Electric,Manual,USA,325,593,204,13.06,29.22,1066,5.56,driven,Pirelli,245/40R18,Carbon Black,Symmetric,0.57,8.0,Yes,Smooth,Cold,49197.4,44289.6,3059.0,2.34
SUV,Electric,Automatic,UK,432,253,147,5.31,50.99,2115,6.4,driven,Goodyear,225/65R17,Dual Compound,Symmetric,-0.83,8.0,No,Off-road,Rainy,41251.3,22583.8,11635.4,4.6
Truck,Petrol,Automatic,Germany,190,226,161,9.71,19.73,1778,4.65,driven,Michelin,205/55R16,Carbon Black,Directional,2.06,8.0,No,Rough,Cold,48846.2,27416.7,13356.9,4.52
Hatchback,Diesel,Manual,USA,85,424,157,6.54,27.43,1650,5.7,driven,Pirelli,195/65R15,Silica Compound,Asymmetric,1.3,8.0,No,Off-road,Humid,67146.1,59655.8,4668.7,2.18
Hatchback,Diesel,Automatic,UK,315,448,148,12.01,46.14,2267,5.55,driven,Michelin,245/40R18,Silica Compound,Directional,-2.4,8.5,Yes,Smooth,Cold,45226.7,2459.5,26656.6,8.02
Hatchback,Diesel,Automatic,Japan,206,169,193,4.7,36.73,1340,5.53,dead,Continental,245/40R18,Carbon Black,Asymmetric,0.75,8.5,No,Smooth,Cold,62912.5,39518.0,14581.7,4.36
Sedan,Electric,Manual,India,183,456,165,10.89,48.29,1902,6.25,driven,Bridgestone,225/65R17,Carbon Black,Symmetric,-2.32,7.5,No,Rough,Humid,61668.5,25694.1,22422.6,4.97
Truck,Diesel,Manual,USA,316,214,233,5.75,19.46,2327,4.91,driven,Continental,225/65R17,Carbon Black,Symmetric,-1.47,8.5,Yes,Off-road,Cold,43186.7,39289.7,2429.0,2.31
Truck,Petrol,Manual,Germany,234,387,239,9.96,51.82,1397,4.58,driven,Goodyear,195/65R15,Silica Compound,Symmetric,-1.93,7.5,No,Rough,Cold,49883.3,47914.9,1226.9,1.81
Coupe,Petrol,Manual,Japan,336,142,165,12.36,52.4,1702,5.84,driven,Goodyear,225/65R17,Carbon Black,Directional,-1.96,8.0,No,Off-road,Cold,45680.7,7777.0,23625.2,6.93
Coupe,Electric,Manual,UK,314,173,173,11.55,21.21,2471,5.19,dead,Pirelli,225/65R17,Carbon Black,Directional,0.7,8.5,Yes,Off-road,Dry,40694.5,11454.2,18225.3,6.69
Coupe,Hybrid,Manual,India,368,493,147,11.53,16.36,1096,4.54,driven,Goodyear,205/55R16,Dual Compound,Symmetric,0.38,8.0,No,Rough,Rainy,45191.2,12357.9,20464.8,6.31
Hatchback,Electric,Automatic,Germany,119,373,277,9.18,54.59,2354,5.0,driven,Goodyear,245/40R18,Silica Compound,Symmetric,-1.94,7.5,No,Rough,Cold,46047.3,4633.6,25813.0,6.88
Truck,Hybrid,Automatic,UK,367,572,187,12.91,34.29,2228,5.12,driven,Continental,245/40R18,Silica Compound,Symmetric,2.94,8.5,No,Off-road,Dry,44979.4,21722.5,14495.9,5.21
Hatchback,Diesel,Manual,UK,276,354,246,9.88,37.88,1448,5.73,driven,Michelin,225/65R17,Carbon Black,Directional,-0.47,8.5,No,Rough,Cold,42732.9,21925.5,12969.2,5.04
Sedan,Electric,Automatic,USA,352,178,193,13.18,39.64,2441,4.85,dead,Bridgestone,245/40R18,Carbon Black,Directional,-2.42,8.5,No,Off-road,Rainy,55789.2,31966.0,14848.9,4.64
Coupe,Petrol,Manual,USA,343,283,258,9.47,46.59,1076,5.33,dead,Goodyear,245/40R18,Dual Compound,Symmetric,-2.28,8.5,No,Rough,Cold,49679.2,32935.2,10436.4,4.07
Hatchback,Diesel,Manual,Germany,136,378,220,9.06,47.48,1895,5.46,dead,Goodyear,195/65R15,Carbon Black,Directional,0.5,8.0,No,Rough,Rainy,67247.5,4231.0,39277.8,7.61
Hatchback,Petrol,Manual,UK,377,433,235,6.22,22.76,1548,5.42,driven,Continental,245/40R18,Silica Compound,Directional,2.87,8.5,No,Rough,Dry,45616.4,28395.5,10733.7,4.26
Sedan,Diesel,Manual,USA,177,335,241,9.45,24.47,1797,6.45,dead,Bridgestone,225/65R17,Dual Compound,Directional,0.43,7.5,No,Smooth,Dry,58085.9,53079.4,3120.5,2.0
SUV,Electric,Automatic,India,216,302,201,5.41,50.07,2448,4.59,dead,Continental,195/65R15,Silica Compound,Directional,2.69,8.5,No,Rough,Cold,67018.6,30492.9,22766.3,5.36
Truck,Hybrid,Manual,India,166,176,185,12.7,47.78,2452,6.4,dead,Michelin,245/40R18,Carbon Black,Symmetric,-0.34,7.5,No,Smooth,Humid,41415.7,4419.6,23059.5,7.02
SUV,Diesel,Automatic,UK,321,264,226,10.76,39.7,1814,5.66,dead,Continental,245/40R18,Dual Compound,Symmetric,-0.38,7.5,No,Off-road,Rainy,55488.3,4768.9,31613.2,6.9
Coupe,Hybrid,Manual,USA,278,542,238,13.94,54.79,2021,6.09,dead,Bridgestone,195/65R15,Silica Compound,Directional,0.0,8.0,No,Off-road,Cold,53520.1,15079.4,23959.9,6.07
Hatchback,Diesel,Manual,Germany,389,209,178,4.92,44.41,1134,5.36,driven,Bridgestone,195/65R15,Silica Compound,Symmetric,1.18,8.5,No,Rough,Dry,67863.4,51068.8,10467.9,3.47
Sedan,Petrol,Manual,Germany,163,571,192,6.41,23.63,1653,5.41,dead,Goodyear,245/40R18,Silica Compound,Symmetric,-0.79,7.5,No,Smooth,Cold,59912.9,15637.3,27596.8,5.98
Sedan,Petrol,Automatic,Germany,321,430,219,12.77,48.87,2277,6.26,dead,Michelin,205/55R16,Carbon Black,Symmetric,2.18,8.5,No,Off-road,Rainy,50474.8,41103.2,5841.3,3.17
Truck,Diesel,Manual,India,360,164,155,7.95,31.59,2278,6.29,dead,Pirelli,205/55R16,Carbon Black,Asymmetric,-2.82,8.0,No,Smooth,Cold,61345.6,50282.5,6895.6,2.75
SUV,Hybrid,Manual,USA,402,579,243,8.66,16.45,1645,4.98,driven,Goodyear,245/40R18,Carbon Black,Symmetric,-0.36,8.0,No,Smooth,Rainy,57479.6,26274.6,19449.9,5.07
Truck,Electric,Manual,USA,331,376,209,12.61,27.86,1719,4.9,driven,Continental,245/40R18,Carbon Black,Symmetric,0.07,8.5,No,Off-road,Dry,50415.1,15164.3,21971.6,6.37
Hatchback,Electric,Automatic,India,269,140,247,9.22,45.54,1612,5.49,dead,Continental,195/65R15,Silica Compound,Directional,0.64,7.5,No,Smooth,Humid,63557.5,37986.2,15938.4,3.92
Truck,Petrol,Automatic,Germany,231,586,186,5.93,53.41,1483,6.3,driven,Bridgestone,195/65R15,Dual Compound,Directional,-1.34,8.0,No,Smooth,Humid,60045.1,48668.4,7091.1,2.64
Sedan,Electric,Automatic,Germany,381,140,148,12.92,26.05,2069,5.14,driven,Bridgestone,245/40R18,Carbon Black,Asymmetric,-0.44,7.5,No,Off-road,Dry,40162.5,2593.3,23416.7,6.92
Sedan,Petrol,Manual,UK,357,171,173,4.31,24.86,2466,5.8,dead,Bridgestone,245/40R18,Dual Compound,Asymmetric,-0.09,7.5,No,Rough,Dry,65954.0,62882.1,1914.7,1.73
Coupe,Electric,Automatic,Japan,218,457,225,12.95,37.54,1647,5.92,driven,Pirelli,245/40R18,Silica Compound,Symmetric,1.12,8.5,No,Rough,Cold,51912.8,33530.5,11457.6,4.11
Coupe,Diesel,Manual,USA,255,290,254,4.51,47.47,1791,6.06,dead,Pirelli,245/40R18,Carbon Black,Symmetric,1.64,8.0,No,Smooth,Dry,59363.4,23635.4,22269.1,5.39
Hatchback,Petrol,Automatic,USA,87,555,203,10.66,44.86,1578,5.63,dead,Goodyear,205/55R16,Silica Compound,Directional,1.43,8.5,No,Rough,Dry,51903.0,26263.9,15980.7,5.0
SUV,Petrol,Automatic,USA,374,186,173,4.72,37.4,2027,5.3,dead,Pirelli,195/65R15,Carbon Black,Symmetric,-0.95,8.5,No,Off-road,Rainy,66440.9,25619.1,25444.0,5.73
Truck,Diesel,Manual,Japan,314,232,151,11.06,40.26,1000,6.43,driven,Bridgestone,225/65R17,Carbon Black,Symmetric,3.0,8.5,Yes,Off-road,Cold,59525.1,24560.7,21793.1,5.76
Hatchback,Petrol,Automatic,UK,242,419,236,4.34,24.68,2313,5.72,dead,Goodyear,245/40R18,Dual Compound,Symmetric,2.09,7.5,No,Off-road,Rainy,57381.6,34177.4,14463.0,3.86
Coupe,Electric,Manual,Japan,128,279,260,12.42,32.3,1108,5.96,dead,Goodyear,245/40R18,Silica Compound,Symmetric,-1.44,8.5,No,Smooth,Cold,69407.9,4181.2,40655.5,8.26
Truck,Electric,Manual,Germany,381,385,226,8.66,25.21,1459,5.19,driven,Michelin,245/40R18,Silica Compound,Symmetric,-1.83,8.0,No,Off-road,Cold,48419.2,8491.6,24886.7,6.87
Coupe,Petrol,Automatic,Germany,117,439,241,4.93,50.38,1265,5.84,dead,Pirelli,225/65R17,Silica Compound,Symmetric,-1.12,7.5,No,Smooth,Humid,41957.6,9526.0,20214.4,6.03
Truck,Electric,Manual,USA,215,351,235,11.07,19.5,2161,5.02,driven,Continental,195/65R15,Dual Compound,Symmetric,-0.29,8.5,No,Smooth,Humid,55480.3,22609.0,20488.5,5.5
SUV,Hybrid,Manual,India,389,582,253,8.89,42.19,2457,4.99,driven,Continental,195/65R15,Dual Compound,Symmetric,2.1,8.0,Yes,Off-road,Dry,52720.5,19562.4,20667.3,5.5
Hatchback,Petrol,Automatic,USA,298,444,186,5.91,25.41,1043,5.93,dead,Michelin,245/40R18,Silica Compound,Directional,1.67,8.5,No,Off-road,Cold,53628.7,38730.9,9285.7,3.58
Truck,Diesel,Automatic,India,427,187,197,4.16,34.02,1885,5.54,driven,Bridgestone,245/40R18,Silica Compound,Asymmetric,2.11,8.5,No,Smooth,Dry,58603.1,15188.7,27060.0,6.5
Sedan,Hybrid,Manual,Japan,375,147,272,8.18,26.98,1943,5.87,dead,Michelin,195/65R15,Carbon Black,Symmetric,-1.37,8.5,No,Off-road,Rainy,58453.6,3336.1,34354.5,8.03
Sedan,Petrol,Automatic,Germany,113,556,260,4.86,27.93,1982,5.04,driven,Bridgestone,225/65R17,Carbon Black,Directional,0.56,7.5,No,Rough,Dry,51767.9,2870.1,30477.8,7.11
Truck,Diesel,Manual,India,431,235,257,4.94,25.42,1261,5.7,driven,Pirelli,245/40R18,Dual Compound,Symmetric,-1.3,8.5,Yes,Smooth,Rainy,65886.3,745.4,40602.0,8.35
Truck,Electric,Manual,Japan,158,170,144,6.67,45.11,1727,5.39,driven,Pirelli,225/65R17,Carbon Black,Symmetric,-2.35,8.0,No,Smooth,Humid,59543.8,2264.2,35702.1,7.7
Truck,Diesel,Automatic,Germany,315,300,235,10.3,29.63,1632,5.69,driven,Goodyear,225/65R17,Silica Compound,Asymmetric,1.11,8.5,No,Off-road,Humid,66697.4,57270.4,5875.8,2.61
Sedan,Hybrid,Automatic,India,352,379,160,9.3,44.05,1151,5.08,dead,Goodyear,195/65R15,Silica Compound,Directional,-2.14,8.5,No,Off-road,Rainy,67394.6,46990.4,12717.8,3.68
Sedan,Electric,Automatic,USA,240,198,267,4.69,33.24,1212,5.93,dead,Goodyear,245/40R18,Carbon Black,Symmetric,1.01,7.5,No,Smooth,Rainy,45019.4,44836.2,114.2,1.67
Truck,Petrol,Automatic,USA,254,392,263,13.68,36.89,2015,6.11,driven,Goodyear,205/55R16,Carbon Black,Asymmetric,0.89,8.5,No,Smooth,Rainy,60416.9,1227.2,36892.6,8.3
Coupe,Electric,Manual,USA,445,227,160,12.87,36.73,2257,5.02,dead,Continental,195/65R15,Dual Compound,Asymmetric,1.86,8.0,Yes,Smooth,Dry,49525.4,42047.1,4661.2,2.3
Coupe,Petrol,Manual,Japan,387,570,193,6.59,54.03,1862,5.1,dead,Goodyear,195/65R15,Carbon Black,Symmetric,-2.16,8.0,No,Off-road,Rainy,65092.9,45308.3,12331.6,3.38
SUV,Petrol,Automatic,USA,300,193,277,5.22,29.68,1622,5.82,dead,Goodyear,205/55R16,Dual Compound,Symmetric,1.7,8.5,No,Smooth,Cold,61985.5,39692.0,13895.5,4.21
Hatchback,Diesel,Automatic,UK,88,294,243,13.42,23.31,1360,5.89,dead,Goodyear,245/40R18,Carbon Black,Directional,3.0,8.0,No,Rough,Rainy,45962.4,16387.1,18434.2,5.76
Coupe,Diesel,Manual,Germany,368,303,250,8.61,51.47,1319,5.91,dead,Bridgestone,225/65R17,Carbon Black,Directional,2.11,8.0,No,Rough,Humid,68161.9,25678.5,26479.7,5.54
Sedan,Diesel,Manual,Japan,192,142,255,7.11,21.99,1221,5.87,dead,Goodyear,225/65R17,Carbon Black,Symmetric,1.51,8.5,Yes,Off-road,Rainy,60504.4,51160.1,5824.2,2.61
Coupe,Hybrid,Manual,USA,284,393,196,8.9,48.38,1209,5.29,dead,Michelin,225/65R17,Carbon Black,Symmetric,0.97,8.0,Yes,Smooth,Humid,68459.0,48844.4,12225.7,3.5
SUV,Hybrid,Manual,Germany,265,248,267,11.73,21.01,2419,5.29,driven,Goodyear,245/40R18,Silica Compound,Asymmetric,-0.47,8.0,No,Smooth,Humid,46057.3,30873.0,9464.3,3.55
SUV,Diesel,Automatic,India,420,410,259,5.68,41.35,1930,5.01,dead,Goodyear,195/65R15,Silica Compound,Directional,1.38,8.5,No,Rough,Dry,66091.2,2025.6,39931.7,8.33
Hatchback,Hybrid,Manual,USA,276,439,209,11.67,21.02,1488,4.81,driven,Continental,195/65R15,Silica Compound,Symmetric,1.35,7.5,No,Smooth,Rainy,60042.2,11067.0,30526.0,6.35
Coupe,Electric,Manual,Germany,345,305,234,11.49,51.92,1600,5.89,driven,Goodyear,195/65R15,Carbon Black,Symmetric,0.79,7.5,No,Off-road,Humid,56568.6,54454.3,1317.8,1.77
Sedan,Electric,Automatic,UK,341,598,238,9.39,37.6,1773,4.69,driven,Bridgestone,195/65R15,Dual Compound,Directional,1.78,8.5,No,Off-road,Cold,64615.4,29359.4,21974.9,5.36
Sedan,Hybrid,Manual,India,327,178,181,12.66,28.17,1877,6.38,dead,Pirelli,195/65R15,Carbon Black,Symmetric,-0.31,7.5,No,Off-road,Rainy,58985.9,46091.2,8037.2,2.96
Truck,Hybrid,Manual,UK,194,120,209,5.32,20.61,2487,6.15,dead,Goodyear,205/55R16,Silica Compound,Asymmetric,-2.27,7.5,No,Smooth,Rainy,60088.0,23393.8,22871.3,4.98
Sedan,Electric,Automatic,Germany,200,250,141,9.95,29.85,1699,6.22,driven,Goodyear,225/65R17,Dual Compound,Asymmetric,0.35,7.5,No,Smooth,Humid,47610.1,36389.5,6993.8,2.97
Hatchback,Petrol,Automatic,UK,220,186,248,8.49,43.2,1451,6.31,driven,Goodyear,225/65R17,Dual Compound,Symmetric,-1.41,7.5,Yes,Rough,Dry,64511.6,7690.6,35416.3,6.75
Hatchback,Electric,Automatic,Germany,144,412,204,8.22,30.4,1412,5.32,dead,Continental,245/40R18,Silica Compound,Directional,-0.69,8.5,No,Rough,Dry,59509.1,2507.0,35529.1,8.14
Sedan,Electric,Manual,Germany,355,586,209,6.53,24.84,1475,6.19,dead,Pirelli,205/55R16,Carbon Black,Asymmetric,-2.9,7.5,No,Off-road,Rainy,65331.7,30456.1,21737.8,4.83
Sedan,Hybrid,Manual,UK,392,404,208,7.72,38.1,1255,4.82,dead,Continental,195/65R15,Dual Compound,Directional,-0.7,7.5,No,Smooth,Rainy,50545.8,29905.2,12865.2,3.85
Truck,Electric,Automatic,Germany,318,208,260,5.08,31.71,2173,4.54,driven,Continental,195/65R15,Dual Compound,Directional,1.85,8.5,No,Smooth,Dry,49951.3,16169.3,21056.1,6.32
Sedan,Hybrid,Automatic,USA,381,536,248,6.52,21.63,1126,6.07,driven,Continental,195/65R15,Silica Compound,Directional,0.26,8.5,No,Off-road,Dry,40717.1,29153.6,7207.4,3.64
Truck,Hybrid,Manual,Germany,89,219,199,6.72,21.16,1391,4.65,dead,Bridgestone,205/55R16,Dual Compound,Asymmetric,-2.94,7.5,No,Off-road,Cold,63058.2,31265.5,19816.2,4.4
Truck,Diesel,Automatic,Japan,448,308,232,11.21,43.3,1479,6.48,dead,Pirelli,245/40R18,Dual Compound,Asymmetric,-0.18,8.0,No,Rough,Rainy,49909.4,46331.8,2229.9,2.14
Sedan,Electric,Automatic,Germany,312,596,151,4.49,53.99,1992,5.85,driven,Bridgestone,205/55R16,Dual Compound,Symmetric,-1.25,8.5,No,Rough,Rainy,49816.4,4233.9,28411.3,8.12
SUV,Petrol,Automatic,Japan,274,497,242,10.51,24.32,2420,6.01,dead,Bridgestone,245/40R18,Carbon Black,Directional,-0.13,8.5,No,Off-road,Rainy,60660.5,4038.1,35292.5,8.21
SUV,Diesel,Manual,Germany,91,465,251,6.21,45.93,1922,4.99,dead,Pirelli,225/65R17,Carbon Black,Asymmetric,-0.57,7.5,No,Smooth,Dry,47586.1,43071.2,2814.1,2.11
Truck,Hybrid,Manual,Germany,256,507,204,4.82,18.5,1401,5.85,driven,Bridgestone,245/40R18,Silica Compound,Asymmetric,2.59,8.0,No,Rough,Humid,67270.6,45011.2,13874.2,3.69
Sedan,Hybrid,Manual,UK,256,360,187,7.01,30.26,1273,4.59,driven,Pirelli,225/65R17,Carbon Black,Symmetric,-2.75,8.5,No,Off-road,Cold,56142.0,37677.9,11508.6,4.02
SUV,Petrol,Manual,USA,296,389,227,6.24,35.27,1844,6.18,driven,Goodyear,245/40R18,Dual Compound,Asymmetric,1.1,8.5,No,Smooth,Dry,69084.3,1903.6,41873.4,8.41
Sedan,Hybrid,Manual,USA,90,338,201,9.52,25.75,1138,4.84,driven,Continental,225/65R17,Carbon Black,Asymmetric,2.11,8.5,No,Off-road,Dry,42300.1,39663.7,1643.2,2.13
Sedan,Electric,Manual,India,197,536,183,7.57,36.18,1102,5.89,dead,Bridgestone,225/65R17,Dual Compound,Asymmetric,2.76,8.0,No,Smooth,Cold,50104.8,38672.1,7125.9,2.82
Sedan,Diesel,Automatic,UK,243,525,275,13.66,50.3,2265,4.95,driven,Pirelli,195/65R15,Dual Compound,Symmetric,-1.93,8.5,No,Rough,Rainy,51444.1,39319.5,7557.2,3.15
Coupe,Hybrid,Manual,UK,118,295,194,13.64,52.78,2140,4.64,dead,Michelin,245/40R18,Carbon Black,Symmetric,0.19,8.5,No,Smooth,Humid,61912.6,56460.0,3398.6,2.34
Sedan,Hybrid,Manual,USA,132,506,247,8.44,19.02,2237,5.46,dead,Bridgestone,195/65R15,Carbon Black,Directional,-2.74,8.0,No,Smooth,Cold,46388.9,26819.9,12197.3,4.33
Coupe,Petrol,Automatic,UK,297,590,186,11.95,25.87,1483,4.84,dead,Bridgestone,225/65R17,Carbon Black,Asymmetric,-0.0,8.5,No,Off-road,Humid,51260.4,20230.7,19340.6,5.77
Truck,Electric,Manual,USA,285,460,141,4.13,54.17,1528,5.96,driven,Pirelli,195/65R15,Carbon Black,Symmetric,-2.25,8.0,No,Smooth,Rainy,67319.3,32359.0,21790.6,4.95
SUV,Hybrid,Manual,UK,391,352,252,9.48,25.82,1223,4.98,driven,Michelin,205/55R16,Silica Compound,Symmetric,2.03,8.0,No,Rough,Humid,43436.5,33760.6,6030.9,2.88
SUV,Petrol,Automatic,Germany,439,270,150,11.43,42.71,2293,5.18,dead,Michelin,195/65R15,Carbon Black,Symmetric,-2.32,8.0,No,Off-road,Rainy,62359.7,47937.8,8989.1,3.06
SUV,Hybrid,Automatic,USA,135,571,277,6.17,25.14,2157,5.63,dead,Goodyear,245/40R18,Silica Compound,Directional,0.08,7.5,No,Off-road,Dry,61074.6,37230.2,14862.0,3.81
SUV,Petrol,Automatic,USA,197,396,251,4.61,29.25,1113,5.07,driven,Bridgestone,195/65R15,Dual Compound,Directional,0.13,8.5,No,Off-road,Rainy,43915.2,9577.0,21402.8,6.82
SUV,Petrol,Manual,Japan,332,348,229,5.56,22.65,2464,5.26,dead,Continental,205/55R16,Silica Compound,Directional,2.83,8.5,No,Off-road,Cold,60654.7,49669.2,6847.2,2.94
SUV,Electric,Automatic,UK,365,290,194,8.42,49.25,1643,6.13,dead,Bridgestone,195/65R15,Dual Compound,Directional,0.93,8.5,No,Off-road,Cold,57093.5,36953.3,12553.3,3.95
SUV,Hybrid,Manual,UK,347,342,156,9.06,50.31,1650,4.86,dead,Continental,225/65R17,Silica Compound,Directional,-1.27,8.0,No,Off-road,Rainy,48625.7,10759.0,23602.1,6.67
Truck,Electric,Manual,USA,370,332,207,7.81,26.88,2388,4.66,dead,Continental,225/65R17,Silica Compound,Asymmetric,-1.56,7.5,No,Off-road,Rainy,49334.2,23712.2,15970.1,4.65
Sedan,Petrol,Manual,Germany,412,401,272,8.4,47.94,2255,5.16,dead,Pirelli,225/65R17,Dual Compound,Asymmetric,-2.23,8.0,No,Rough,Dry,64989.8,64808.2,113.2,1.55
Hatchback,Diesel,Manual,Germany,259,160,191,8.7,29.33,1457,5.35,dead,Bridgestone,245/40R18,Silica Compound,Symmetric,1.54,8.5,No,Rough,Dry,46930.4,15411.0,19645.9,6.17
Coupe,Hybrid,Automatic,Germany,437,241,277,11.69,18.96,1374,5.59,dead,Pirelli,195/65R15,Dual Compound,Directional,1.14,8.0,No,Off-road,Rainy,55383.4,6455.5,30496.5,7.11
Hatchback,Diesel,Automatic,UK,314,346,236,5.05,45.32,1610,5.24,dead,Goodyear,225/65R17,Carbon Black,Directional,0.66,7.5,No,Smooth,Humid,60434.5,1309.5,36852.3,7.32
Hatchback,Hybrid,Manual,Japan,422,413,187,11.69,38.86,1206,6.08,driven,Continental,195/65R15,Dual Compound,Symmetric,-2.75,8.5,Yes,Off-road,Dry,43897.1,8104.8,22309.1,7.32
Sedan,Electric,Automatic,USA,275,207,168,10.89,25.98,2491,4.58,driven,Michelin,205/55R16,Silica Compound,Asymmetric,1.58,8.0,No,Off-road,Cold,67970.6,12708.2,34444.8,6.77
Sedan,Electric,Manual,India,387,386,166,11.42,25.12,2466,5.36,dead,Continental,205/55R16,Carbon Black,Directional,0.85,7.5,No,Off-road,Dry,47819.0,41032.0,4230.3,2.33
Sedan,Electric,Manual,Japan,159,148,243,11.34,54.02,1916,5.26,dead,Goodyear,245/40R18,Silica Compound,Directional,2.78,8.0,No,Smooth,Dry,49565.0,7739.8,26069.5,6.89
SUV,Electric,Manual,India,214,366,199,8.71,49.5,1320,5.8,driven,Continental,195/65R15,Carbon Black,Directional,0.52,8.0,No,Rough,Dry,59983.5,51744.8,5135.1,2.43
Truck,Electric,Automatic,Japan,101,435,245,6.11,47.39,1092,6.43,driven,Pirelli,205/55R16,Dual Compound,Asymmetric,-1.18,8.5,No,Smooth,Dry,42345.7,3672.1,24105.1,7.89
SUV,Diesel,Manual,Germany,410,570,208,9.37,20.12,2431,5.52,driven,Bridgestone,245/40R18,Carbon Black,Asymmetric,-0.71,7.5,No,Smooth,Rainy,58828.4,53336.4,3423.1,2.07
Truck,Electric,Manual,UK,304,568,253,13.58,45.21,2181,6.47,dead,Michelin,245/40R18,Carbon Black,Directional,-1.94,8.0,Yes,Smooth,Dry,67480.9,17299.0,31278.1,6.34
Truck,Petrol,Automatic,India,137,363,160,9.89,23.58,1871,5.1,driven,Pirelli,225/65R17,Carbon Black,Directional,1.34,7.5,No,Smooth,Humid,47472.7,29029.5,11495.6,3.88
Hatchback,Petrol,Automatic,Japan,172,180,241,4.11,54.1,1098,4.56,driven,Bridgestone,205/55R16,Silica Compound,Symmetric,1.25,8.5,No,Off-road,Dry,50857.2,8123.3,26635.9,7.48
Hatchback,Diesel,Automatic,UK,271,266,270,4.6,17.08,1224,4.83,dead,Michelin,195/65R15,Carbon Black,Symmetric,-1.8,8.5,No,Rough,Dry,46970.0,18320.9,17856.8,6.0
Truck,Hybrid,Automatic,India,182,293,234,13.93,29.09,1851,5.29,driven,Goodyear,205/55R16,Dual Compound,Asymmetric,-2.05,8.5,No,Smooth,Cold,64563.1,5537.4,36790.4,7.94
Truck,Petrol,Manual,USA,86,552,244,4.72,32.15,1440,5.13,dead,Continental,205/55R16,Dual Compound,Symmetric,-2.54,7.5,No,Rough,Dry,45028.2,26095.1,11800.9,4.06
SUV,Hybrid,Automatic,Japan,207,397,264,4.46,47.97,1719,4.69,driven,Michelin,195/65R15,Dual Compound,Directional,2.47,7.5,No,Off-road,Cold,50398.8,17431.8,20548.2,5.37
SUV,Diesel,Manual,USA,134,453,141,7.53,45.65,1584,5.37,driven,Goodyear,195/65R15,Carbon Black,Asymmetric,-1.6,8.0,No,Off-road,Cold,58030.7,49450.8,5347.8,2.7
Hatchback,Hybrid,Automatic,Germany,310,488,205,13.69,30.0,2424,5.18,driven,Bridgestone,225/65R17,Dual Compound,Symmetric,-0.94,7.5,No,Rough,Rainy,52136.6,9479.3,26588.1,6.36
Sedan,Hybrid,Automatic,USA,441,560,252,7.19,37.62,1063,4.75,driven,Michelin,245/40R18,Silica Compound,Asymmetric,-1.32,8.5,No,Off-road,Cold,41964.1,11749.4,18832.6,6.66
Truck,Hybrid,Automatic,USA,141,498,181,8.1,48.42,1767,5.09,driven,Goodyear,195/65R15,Dual Compound,Directional,-0.52,8.0,No,Rough,Cold,68431.6,12129.8,35092.6,6.82
SUV,Hybrid,Automatic,Japan,319,261,159,10.34,15.73,1559,6.27,dead,Bridgestone,195/65R15,Carbon Black,Symmetric,1.28,7.5,No,Smooth,Humid,50137.0,28268.4,13630.6,4.1
Hatchback,Diesel,Automatic,Germany,169,163,236,4.24,47.09,2302,5.1,dead,Pirelli,205/55R16,Dual Compound,Symmetric,2.22,8.5,No,Off-road,Humid,53369.5,5963.9,29547.7,7.74
SUV,Petrol,Automatic,USA,311,263,207,12.98,52.88,1669,5.93,driven,Continental,195/65R15,Carbon Black,Symmetric,-1.9,8.5,No,Off-road,Cold,45026.4,8526.1,22750.5,7.02
Truck,Electric,Manual,UK,312,472,214,9.19,16.28,2271,5.72,dead,Goodyear,195/65R15,Carbon Black,Directional,1.12,8.0,No,Rough,Rainy,65960.5,44753.5,13218.2,3.68
Truck,Hybrid,Automatic,India,433,452,264,8.67,16.82,1367,5.35,driven,Pirelli,205/55R16,Dual Compound,Asymmetric,-0.88,8.5,No,Off-road,Humid,48742.9,3627.2,28120.4,7.99
Coupe,Petrol,Automatic,USA,412,515,186,12.61,28.78,1743,4.98,driven,Bridgestone,205/55R16,Silica Compound,Symmetric,2.88,7.5,No,Smooth,Humid,40594.7,30168.5,6498.6,2.97
Sedan,Petrol,Automatic,Germany,371,174,144,13.53,18.51,1617,5.24,driven,Michelin,205/55R16,Silica Compound,Asymmetric,-1.21,8.5,No,Off-road,Rainy,49492.1,5163.7,27629.7,7.69
Coupe,Diesel,Automatic,USA,424,426,188,8.23,34.17,2005,5.68,driven,Continental,225/65R17,Dual Compound,Asymmetric,-2.96,8.0,No,Off-road,Dry,69521.8,40704.2,17961.8,4.19
Hatchback,Petrol,Manual,India,231,477,263,5.72,44.15,2121,5.2,driven,Bridgestone,245/40R18,Carbon Black,Asymmetric,0.09,8.5,No,Off-road,Humid,44405.3,44308.0,60.6,1.61
SUV,Diesel,Automatic,Germany,224,542,176,12.16,37.68,2291,4.93,dead,Goodyear,195/65R15,Dual Compound,Directional,-2.1,8.5,No,Rough,Cold,40936.1,7118.5,21078.3,7.27
Hatchback,Hybrid,Automatic,Japan,209,536,158,8.03,22.86,2083,4.73,dead,Continental,205/55R16,Carbon Black,Directional,-2.73,7.5,No,Smooth,Cold,57345.3,14972.1,26411.0,5.87
Truck,Hybrid,Automatic,Germany,220,280,179,13.36,41.19,1499,6.26,dead,Pirelli,205/55R16,Carbon Black,Symmetric,1.19,7.5,No,Smooth,Cold,51150.0,45954.5,3238.3,2.07
Coupe,Electric,Automatic,Japan,172,404,156,13.5,42.39,2331,5.38,dead,Continental,245/40R18,Carbon Black,Symmetric,1.39,7.5,No,Off-road,Rainy,63849.3,39987.9,14872.6,3.82
Coupe,Electric,Manual,Germany,193,444,238,5.15,52.3,2006,5.75,driven,Pirelli,225/65R17,Silica Compound,Asymmetric,-0.24,7.5,No,Off-road,Cold,61956.6,30515.6,19597.1,4.45
Coupe,Electric,Automatic,India,363,317,232,13.57,20.87,1410,5.48,dead,Bridgestone,195/65R15,Silica Compound,Asymmetric,1.06,8.5,No,Rough,Dry,45562.6,25638.3,12418.7,4.62
Hatchback,Petrol,Manual,India,222,278,181,7.68,42.69,2017,6.25,driven,Michelin,225/65R17,Dual Compound,Asymmetric,0.23,7.5,No,Smooth,Rainy,56939.0,16825.2,25002.7,5.74
Truck,Hybrid,Automatic,Germany,302,199,262,10.46,51.46,2163,5.59,driven,Continental,225/65R17,Silica Compound,Directional,0.78,8.5,No,Off-road,Humid,40973.1,35045.2,3694.8,2.59
SUV,Diesel,Manual,USA,311,150,246,4.35,35.06,2351,5.46,dead,Michelin,225/65R17,Carbon Black,Directional,0.58,7.5,No,Smooth,Rainy,53184.3,39636.6,8444.2,3.1
SUV,Electric,Manual,India,112,592,211,12.89,29.47,1463,6.35,dead,Michelin,205/55R16,Carbon Black,Symmetric,0.99,7.5,No,Off-road,Cold,61421.6,39461.3,13687.7,3.55
Hatchback,Diesel,Automatic,Japan,355,231,204,10.42,21.83,1701,5.94,driven,Continental,245/40R18,Dual Compound,Asymmetric,-1.8,7.5,No,Off-road,Rainy,52448.8,48868.7,2231.4,1.92
Coupe,Diesel,Automatic,Japan,249,165,248,10.44,49.67,1162,4.72,driven,Continental,245/40R18,Carbon Black,Asymmetric,-1.39,8.5,No,Rough,Rainy,43538.6,25170.2,11449.0,4.68
Sedan,Electric,Manual,UK,219,472,192,13.02,30.77,1059,4.86,driven,Michelin,245/40R18,Dual Compound,Directional,-0.36,7.5,No,Smooth,Rainy,41846.0,21420.0,12731.4,4.33
Hatchback,Hybrid,Manual,Japan,436,324,274,9.08,52.0,2054,6.07,dead,Goodyear,225/65R17,Dual Compound,Symmetric,-0.32,8.5,No,Smooth,Rainy,65609.8,64015.0,994.0,1.79
Hatchback,Electric,Automatic,UK,280,171,272,8.11,48.91,1332,6.17,driven,Goodyear,195/65R15,Carbon Black,Asymmetric,1.65,7.5,Yes,Off-road,Dry,66739.8,13749.3,33028.7,6.22
Truck,Diesel,Manual,Germany,102,257,163,12.66,30.07,1075,5.59,driven,Continental,225/65R17,Silica Compound,Asymmetric,-0.8,7.5,No,Off-road,Rainy,50292.8,7140.0,26896.9,6.65
SUV,Electric,Manual,Germany,303,591,167,11.42,37.96,1316,5.61,driven,Michelin,245/40R18,Carbon Black,Symmetric,-2.02,8.0,No,Rough,Cold,44925.2,7290.6,23457.4,6.95
Hatchback,Diesel,Manual,Germany,447,193,201,13.49,16.09,2440,5.76,driven,Michelin,205/55R16,Carbon Black,Asymmetric,-1.49,7.5,No,Off-road,Humid,69358.5,68626.2,456.4,1.56
Hatchback,Diesel,Automatic,USA,349,160,156,13.4,25.53,1189,5.38,dead,Bridgestone,225/65R17,Dual Compound,Directional,-1.71,8.5,Yes,Smooth,Dry,56375.9,36771.2,12219.5,4.12
Coupe,Electric,Manual,USA,426,598,159,7.82,43.41,2338,5.86,dead,Michelin,205/55R16,Silica Compound,Symmetric,1.39,8.0,No,Rough,Rainy,54299.7,16611.5,23490.8,6.02
Coupe,Petrol,Manual,UK,232,196,142,8.47,42.12,1295,4.72,driven,Goodyear,245/40R18,Dual Compound,Asymmetric,-0.18,8.5,No,Smooth,Humid,62248.2,15498.4,29138.9,6.66
Sedan,Electric,Manual,Japan,412,506,190,6.56,29.13,1500,6.42,dead,Bridgestone,225/65R17,Carbon Black,Asymmetric,1.25,8.5,No,Rough,Dry,45066.1,2552.5,26498.5,8.24
Truck,Petrol,Automatic,Japan,164,306,275,10.61,47.34,1176,6.0,driven,Goodyear,205/55R16,Dual Compound,Directional,-0.5,8.0,No,Smooth,Cold,57399.7,7573.7,31056.3,7.2
Sedan,Diesel,Automatic,Germany,188,489,142,7.65,24.43,1799,5.76,dead,Pirelli,225/65R17,Dual Compound,Directional,2.34,7.5,No,Off-road,Cold,66704.9,60579.5,3817.9,1.92
Coupe,Diesel,Manual,India,110,171,212,11.86,33.45,1805,5.13,dead,Continental,245/40R18,Carbon Black,Directional,2.9,8.0,No,Smooth,Humid,40692.1,30410.8,6408.2,3.2
SUV,Petrol,Automatic,USA,308,537,244,5.22,33.9,1859,4.82,dead,Pirelli,195/65R15,Dual Compound,Asymmetric,1.02,8.5,No,Smooth,Rainy,60188.2,56670.8,2192.4,2.18
Coupe,Diesel,Manual,USA,319,552,257,5.16,28.63,1214,5.32,dead,Continental,245/40R18,Carbon Black,Asymmetric,2.18,7.5,No,Rough,Humid,56542.7,23958.9,20309.3,4.87
Truck,Petrol,Automatic,Germany,442,531,173,6.04,53.19,1652,5.82,driven,Goodyear,195/65R15,Dual Compound,Asymmetric,0.05,8.0,No,Smooth,Dry,68524.0,41199.2,17031.4,4.24
Coupe,Petrol,Automatic,USA,389,586,276,4.84,42.87,1596,5.77,driven,Goodyear,195/65R15,Silica Compound,Symmetric,2.61,8.5,No,Off-road,Humid,47761.0,23100.6,15370.7,5.11
Truck,Diesel,Manual,Germany,220,206,201,10.2,36.57,2355,5.27,driven,Pirelli,245/40R18,Carbon Black,Directional,1.99,7.5,No,Rough,Humid,65766.7,57965.9,4862.3,2.25
Truck,Hybrid,Automatic,UK,235,228,259,5.47,35.42,1127,5.73,dead,Continental,205/55R16,Silica Compound,Symmetric,2.95,8.5,No,Rough,Rainy,49269.6,48845.0,264.7,1.5
Truck,Petrol,Automatic,Japan,378,599,254,5.6,21.37,2292,6.13,dead,Continental,225/65R17,Dual Compound,Directional,0.74,7.5,No,Smooth,Cold,52895.9,49340.0,2216.4,2.0
Truck,Electric,Automatic,India,424,516,152,4.14,29.89,1550,4.55,driven,Bridgestone,225/65R17,Silica Compound,Asymmetric,1.68,7.5,No,Rough,Rainy,46398.6,27749.0,11624.2,3.72
Truck,Electric,Manual,Japan,178,344,208,11.82,41.91,2389,5.4,dead,Michelin,225/65R17,Silica Compound,Symmetric,0.26,8.0,No,Off-road,Cold,65907.7,4073.2,38541.1,7.72
SUV,Diesel,Automatic,Japan,126,367,216,12.12,51.98,1618,6.02,dead,Bridgestone,195/65R15,Silica Compound,Symmetric,-1.45,7.5,Yes,Smooth,Rainy,45862.3,28321.2,10933.3,3.68
Sedan,Hybrid,Automatic,UK,406,188,140,5.62,47.66,1347,5.59,driven,Goodyear,195/65R15,Dual Compound,Directional,-0.87,8.5,No,Off-road,Cold,65770.4,6382.8,37016.0,8.03
Hatchback,Diesel,Manual,USA,146,239,228,11.4,27.02,1141,5.8,dead,Pirelli,245/40R18,Carbon Black,Symmetric,2.36,7.5,No,Smooth,Rainy,53668.4,7450.3,28807.5,6.68
Sedan,Hybrid,Automatic,India,141,186,186,8.34,32.36,2168,5.53,driven,Continental,205/55R16,Dual Compound,Symmetric,-2.66,8.5,No,Smooth,Cold,65052.6,12447.5,32788.5,7.3
Truck,Petrol,Automatic,USA,188,180,143,6.4,18.32,1791,6.48,dead,Bridgestone,245/40R18,Dual Compound,Asymmetric,0.55,7.5,No,Rough,Cold,47934.7,17423.9,19017.2,5.3
SUV,Petrol,Automatic,Japan,246,563,149,10.21,19.09,1244,4.61,driven,Pirelli,245/40R18,Dual Compound,Directional,-0.77,7.5,No,Rough,Cold,43981.9,26027.9,11190.6,3.8
Coupe,Petrol,Automatic,Germany,116,446,167,5.78,33.81,2465,5.48,dead,Pirelli,205/55R16,Carbon Black,Symmetric,-0.68,8.0,No,Rough,Cold,56648.8,18895.4,23531.5,5.77
SUV,Petrol,Automatic,Japan,198,527,260,11.57,36.21,1702,4.68,dead,Michelin,195/65R15,Dual Compound,Asymmetric,2.31,7.5,No,Smooth,Rainy,55283.1,25002.7,18873.6,4.83
Truck,Electric,Manual,USA,165,310,265,4.48,25.56,2313,4.82,dead,Continental,245/40R18,Dual Compound,Symmetric,2.12,7.5,No,Rough,Dry,50698.2,2397.5,30105.6,7.5
SUV,Electric,Manual,Japan,131,589,273,13.59,40.71,2135,5.27,dead,Pirelli,245/40R18,Carbon Black,Asymmetric,0.59,8.5,No,Off-road,Cold,59884.6,37114.0,14192.8,4.43
SUV,Diesel,Automatic,Germany,170,308,279,4.72,43.14,1213,4.81,dead,Continental,195/65R15,Carbon Black,Symmetric,-1.36,8.5,No,Rough,Cold,42854.3,28156.6,9161.0,4.04
Truck,Hybrid,Automatic,UK,368,270,201,9.79,26.96,1199,6.43,driven,Bridgestone,225/65R17,Carbon Black,Asymmetric,-0.15,8.5,No,Off-road,Cold,58660.0,5830.2,32928.6,7.92
SUV,Petrol,Automatic,USA,416,405,206,13.02,45.34,1404,6.39,dead,Pirelli,205/55R16,Silica Compound,Asymmetric,-0.55,7.5,No,Rough,Cold,46352.7,36392.3,6208.3,2.81
Hatchback,Petrol,Manual,Japan,377,563,213,4.12,23.22,1420,5.17,driven,Pirelli,205/55R16,Carbon Black,Directional,-0.88,8.5,Yes,Smooth,Cold,43868.6,28403.2,9639.5,4.07
Hatchback,Hybrid,Manual,USA,283,521,234,8.99,36.77,1006,5.78,driven,Bridgestone,225/65R17,Silica Compound,Asymmetric,-2.38,8.5,No,Rough,Humid,67288.2,32953.0,21401.0,5.18
SUV,Hybrid,Automatic,UK,447,215,175,7.5,47.17,1591,5.57,driven,Continental,205/55R16,Silica Compound,Symmetric,0.26,7.5,No,Off-road,Humid,53793.9,29740.5,14992.4,4.13
Coupe,Diesel,Automatic,Japan,317,431,251,9.8,36.48,1285,6.13,dead,Continental,225/65R17,Dual Compound,Asymmetric,-1.19,8.5,Yes,Off-road,Cold,62902.5,31642.8,19484.0,5.09
Truck,Hybrid,Manual,Japan,234,428,270,6.25,51.32,1670,5.75,driven,Pirelli,245/40R18,Silica Compound,Asymmetric,0.96,8.0,No,Rough,Cold,42673.5,2295.5,25167.4,7.69
Hatchback,Petrol,Automatic,USA,319,382,252,4.65,17.34,1388,4.5,dead,Bridgestone,205/55R16,Dual Compound,Symmetric,-1.08,8.0,No,Off-road,Cold,41723.9,30673.3,6887.8,3.29
Coupe,Petrol,Manual,USA,215,216,249,10.26,38.53,1415,6.03,dead,Goodyear,205/55R16,Silica Compound,Symmetric,-0.41,8.5,No,Smooth,Dry,54845.6,28070.5,16688.7,4.97
SUV,Petrol,Manual,Germany,441,572,253,8.17,37.47,1783,5.99,dead,Continental,245/40R18,Carbon Black,Asymmetric,-2.69,8.5,No,Rough,Rainy,49466.5,8549.0,25503.7,7.27
Coupe,Petrol,Automatic,UK,448,232,206,10.22,41.41,2006,5.52,driven,Goodyear,195/65R15,Dual Compound,Symmetric,2.96,8.5,No,Off-road,Cold,40147.2,27329.5,7989.3,3.84
Sedan,Petrol,Manual,Germany,143,595,265,6.11,48.34,2173,6.31,dead,Pirelli,195/65R15,Silica Compound,Asymmetric,0.05,7.5,No,Rough,Dry,45498.8,31624.7,8647.7,3.34
Hatchback,Diesel,Automatic,Japan,202,244,225,7.39,44.03,2014,6.32,dead,Goodyear,245/40R18,Dual Compound,Asymmetric,-2.85,8.0,No,Rough,Dry,46563.3,9941.0,22826.4,6.58
SUV,Petrol,Automatic,USA,333,575,158,9.62,46.61,1427,5.55,dead,Goodyear,205/55R16,Carbon Black,Asymmetric,0.25,8.0,No,Rough,Cold,48655.2,38753.6,6171.6,2.95
Truck,Diesel,Automatic,Japan,193,582,208,9.93,26.55,2004,5.72,driven,Continental,205/55R16,Silica Compound,Symmetric,2.22,8.5,No,Rough,Rainy,66326.1,30278.2,22468.5,5.23
SUV,Petrol,Automatic,Japan,99,555,149,7.72,30.5,2316,6.49,driven,Pirelli,205/55R16,Silica Compound,Directional,1.64,8.5,No,Rough,Humid,52618.1,9503.3,26873.2,7.29
Truck,Electric,Automatic,India,95,251,267,6.8,40.07,1333,5.1,driven,Goodyear,225/65R17,Carbon Black,Directional,1.21,7.5,No,Smooth,Cold,60383.0,39709.1,12886.0,3.65
SUV,Electric,Automatic,India,224,537,238,6.74,37.14,1271,5.15,driven,Continental,195/65R15,Silica Compound,Asymmetric,-2.16,7.5,No,Rough,Cold,40551.9,24198.4,10193.0,4.1
Coupe,Electric,Manual,Japan,287,572,171,5.75,53.44,2066,4.87,dead,Goodyear,205/55R16,Silica Compound,Asymmetric,0.95,8.0,No,Smooth,Humid,64417.8,10977.2,33309.2,6.9
Coupe,Electric,Manual,USA,98,536,251,7.25,22.47,2491,6.29,driven,Continental,195/65R15,Dual Compound,Symmetric,1.6,7.5,No,Rough,Rainy,47209.9,41183.5,3756.2,2.33
Coupe,Diesel,Manual,Japan,245,240,163,5.99,29.05,1318,5.99,dead,Pirelli,195/65R15,Silica Compound,Directional,0.43,8.0,No,Off-road,Humid,49271.2,42103.9,4467.3,2.55
Sedan,Diesel,Manual,India,117,316,174,10.34,37.91,1526,4.71,driven,Bridgestone,205/55R16,Carbon Black,Directional,2.36,8.5,No,Rough,Cold,41357.7,34585.1,4221.3,2.92
Truck,Hybrid,Automatic,USA,260,413,222,9.69,49.72,1759,6.46,dead,Continental,245/40R18,Silica Compound,Directional,-1.34,8.5,No,Rough,Cold,52290.8,20875.9,19580.7,5.76
Coupe,Petrol,Manual,Japan,428,241,209,7.83,52.17,2195,5.96,driven,Continental,245/40R18,Dual Compound,Symmetric,-1.55,8.0,Yes,Off-road,Dry,65577.3,54076.5,7168.4,2.77
Sedan,Electric,Manual,UK,184,401,248,7.26,28.44,1320,6.2,driven,Goodyear,195/65R15,Silica Compound,Symmetric,2.22,8.5,No,Smooth,Humid,51362.0,43390.4,4968.7,2.54
Truck,Diesel,Manual,UK,179,504,238,6.38,17.68,1738,4.6,driven,Pirelli,225/65R17,Dual Compound,Symmetric,0.75,7.5,No,Smooth,Dry,67258.2,67025.5,145.0,1.62
SUV,Petrol,Automatic,Japan,169,379,172,9.35,31.86,2067,5.51,dead,Michelin,195/65R15,Silica Compound,Asymmetric,-2.99,8.5,No,Smooth,Dry,66023.4,63224.3,1744.7,2.0
Sedan,Petrol,Manual,USA,379,158,195,13.19,30.77,1453,5.9,dead,Michelin,195/65R15,Dual Compound,Symmetric,-0.88,8.5,No,Smooth,Dry,41858.8,16025.5,16101.8,5.83
Hatchback,Diesel,Automatic,Japan,411,173,151,10.86,54.46,1745,5.59,driven,Bridgestone,245/40R18,Dual Compound,Asymmetric,2.15,8.0,Yes,Off-road,Dry,49158.2,9743.4,24567.0,6.76
Sedan,Electric,Manual,Japan,158,593,150,11.44,32.24,1928,5.83,driven,Pirelli,205/55R16,Silica Compound,Asymmetric,-2.84,7.5,Yes,Smooth,Humid,67312.5,19686.4,29685.1,5.89
Sedan,Hybrid,Automatic,India,152,280,209,12.34,27.23,1847,6.14,driven,Continental,205/55R16,Carbon Black,Asymmetric,-2.98,7.5,No,Smooth,Humid,40894.3,20233.7,12877.6,4.43
Truck,Petrol,Automatic,UK,255,408,279,7.52,29.62,1867,5.25,driven,Michelin,225/65R17,Carbon Black,Asymmetric,-1.31,8.5,No,Smooth,Humid,62974.2,50723.1,7636.1,2.93
SUV,Hybrid,Manual,India,175,319,180,4.63,30.88,1773,6.2,driven,Bridgestone,245/40R18,Silica Compound,Symmetric,2.48,8.5,No,Smooth,Cold,67192.8,48579.4,11601.7,3.42
Hatchback,Electric,Automatic,India,424,395,245,10.23,47.86,1082,4.83,driven,Pirelli,245/40R18,Silica Compound,Symmetric,2.41,7.5,No,Smooth,Rainy,63114.7,49716.3,8351.2,2.68
Coupe,Electric,Automatic,Japan,182,135,142,5.89,18.24,1542,5.04,dead,Bridgestone,195/65R15,Silica Compound,Directional,0.11,7.5,No,Rough,Dry,62314.4,23674.9,24083.8,5.12
Coupe,Hybrid,Manual,India,303,524,142,9.69,27.66,1321,4.59,dead,Michelin,245/40R18,Silica Compound,Directional,0.32,8.0,No,Rough,Cold,65300.7,16123.0,30652.2,6.4
Sedan,Electric,Manual,UK,85,292,223,11.4,53.65,1785,5.23,dead,Goodyear,195/65R15,Silica Compound,Asymmetric,-1.01,8.5,No,Smooth,Humid,59973.7,1447.1,36479.3,8.34
Truck,Petrol,Manual,India,201,367,246,11.84,21.12,2257,5.26,dead,Goodyear,225/65R17,Carbon Black,Directional,-1.54,8.5,No,Off-road,Humid,52692.9,32995.4,12277.3,4.1
Truck,Hybrid,Automatic,UK,315,502,273,7.02,44.7,1539,6.11,dead,Pirelli,245/40R18,Dual Compound,Directional,1.89,7.5,Yes,Off-road,Cold,41882.7,33298.3,5350.6,2.76
Coupe,Electric,Automatic,India,195,337,159,9.12,29.26,1251,5.81,dead,Bridgestone,245/40R18,Dual Compound,Directional,-2.36,8.0,No,Rough,Dry,63639.0,56584.0,4397.3,2.33
Hatchback,Hybrid,Automatic,UK,242,206,278,10.21,38.27,1835,5.37,driven,Continental,195/65R15,Carbon Black,Asymmetric,-0.08,7.5,No,Off-road,Humid,67157.6,31983.0,21924.2,4.67
SUV,Petrol,Manual,India,305,201,235,12.19,18.98,1448,5.8,driven,Michelin,245/40R18,Carbon Black,Directional,0.81,8.5,No,Rough,Dry,55347.6,51343.0,2496.1,2.1
Hatchback,Electric,Automatic,India,309,181,263,11.61,27.26,2262,4.61,driven,Goodyear,205/55R16,Dual Compound,Symmetric,-2.38,8.5,No,Smooth,Dry,55975.3,11330.1,27827.2,7.32
SUV,Petrol,Automatic,USA,261,406,160,13.88,35.03,1489,4.86,driven,Goodyear,225/65R17,Carbon Black,Asymmetric,0.12,8.5,No,Smooth,Rainy,52098.6,26798.4,15769.5,5.07
Coupe,Electric,Automatic,UK,328,161,253,4.08,24.27,1463,5.75,driven,Bridgestone,205/55R16,Silica Compound,Symmetric,0.47,8.5,No,Off-road,Humid,65706.5,14045.9,32199.8,6.91
SUV,Diesel,Automatic,UK,397,131,152,8.37,36.67,1313,5.78,dead,Goodyear,195/65R15,Carbon Black,Asymmetric,1.45,8.0,No,Off-road,Cold,40444.1,7606.5,20467.5,6.64
Truck,Electric,Automatic,UK,289,440,225,6.56,23.79,2198,6.05,dead,Bridgestone,195/65R15,Carbon Black,Symmetric,-1.59,8.5,No,Off-road,Rainy,58736.5,55998.6,1706.5,1.94
Sedan,Hybrid,Automatic,Germany,223,353,174,5.2,41.0,2203,5.31,dead,Michelin,195/65R15,Carbon Black,Directional,-1.24,7.5,No,Smooth,Dry,67222.4,54970.5,7636.6,2.6
Sedan,Electric,Automatic,India,424,448,186,13.12,51.17,1384,5.95,dead,Bridgestone,225/65R17,Carbon Black,Asymmetric,0.42,8.0,Yes,Smooth,Cold,43096.7,508.5,26545.0,8.0
Coupe,Petrol,Manual,UK,175,250,264,13.98,18.42,1294,5.87,dead,Goodyear,245/40R18,Dual Compound,Symmetric,2.9,8.0,No,Off-road,Rainy,68774.9,18467.0,31356.7,6.21
Truck,Petrol,Manual,Germany,425,234,249,5.81,23.66,2238,6.43,driven,Bridgestone,205/55R16,Dual Compound,Asymmetric,-1.7,8.5,No,Off-road,Rainy,69030.3,14160.6,34200.1,6.95
Hatchback,Electric,Manual,USA,323,337,176,4.38,48.78,1985,4.93,dead,Goodyear,245/40R18,Dual Compound,Symmetric,2.92,8.0,No,Off-road,Rainy,67893.7,9989.5,36091.4,7.09
Truck,Hybrid,Automatic,UK,165,256,160,6.75,40.26,1761,5.6,dead,Pirelli,195/65R15,Dual Compound,Directional,1.29,8.5,No,Off-road,Dry,53876.4,37574.1,10161.2,3.71
Sedan,Diesel,Automatic,UK,263,225,153,12.35,18.15,1768,5.7,dead,Goodyear,245/40R18,Silica Compound,Asymmetric,1.96,8.0,No,Rough,Dry,51489.1,29186.0,13901.4,4.38
Sedan,Hybrid,Manual,Germany,200,298,230,6.94,34.45,2098,6.5,driven,Goodyear,225/65R17,Silica Compound,Asymmetric,-2.46,8.0,No,Off-road,Humid,61178.4,27771.0,20822.7,5.08
Truck,Diesel,Automatic,India,411,135,199,4.57,23.39,1343,4.9,driven,Goodyear,195/65R15,Dual Compound,Symmetric,-1.2,7.5,No,Off-road,Rainy,49560.7,9391.6,25037.2,6.34
Truck,Petrol,Manual,USA,171,591,263,4.52,22.96,1141,5.55,driven,Pirelli,245/40R18,Dual Compound,Symmetric,-2.65,7.5,No,Rough,Cold,42050.3,11673.9,18933.5,5.94
Sedan,Hybrid,Automatic,UK,149,361,162,8.27,52.63,1717,5.19,driven,Continental,205/55R16,Dual Compound,Directional,-0.77,7.5,No,Rough,Dry,67042.7,23874.0,26906.8,5.42
Hatchback,Diesel,Automatic,India,212,453,250,13.32,45.46,2222,5.55,driven,Goodyear,195/65R15,Carbon Black,Symmetric,2.89,8.0,No,Rough,Rainy,59045.7,46379.4,7894.9,2.99
Coupe,Electric,Manual,USA,358,500,263,6.86,42.85,2194,4.96,driven,Continental,195/65R15,Silica Compound,Symmetric,-2.37,7.5,No,Rough,Cold,46214.6,45715.0,311.4,1.35
Coupe,Petrol,Manual,Japan,216,506,169,8.27,24.56,1405,4.6,dead,Michelin,225/65R17,Silica Compound,Symmetric,0.37,7.5,No,Off-road,Dry,40552.3,7460.7,20625.8,6.37
Truck,Electric,Manual,Japan,393,345,254,5.02,19.74,1227,5.65,dead,Bridgestone,225/65R17,Carbon Black,Directional,-2.96,7.5,No,Smooth,Cold,61705.5,21073.8,25325.5,5.54
Coupe,Petrol,Manual,USA,266,361,229,8.94,49.83,1410,5.17,dead,Continental,205/55R16,Carbon Black,Directional,1.28,8.0,No,Smooth,Cold,65584.0,18376.7,29424.0,6.11
Sedan,Hybrid,Manual,Germany,300,527,177,10.97,15.24,1951,4.86,driven,Michelin,245/40R18,Carbon Black,Asymmetric,-1.82,8.5,No,Smooth,Humid,52169.4,2299.0,31084.0,8.18
Sedan,Hybrid,Automatic,USA,125,576,222,6.71,30.52,1897,5.15,driven,Bridgestone,245/40R18,Silica Compound,Directional,-2.22,7.5,No,Smooth,Dry,42426.9,9300.8,20647.4,6.18
Truck,Petrol,Automatic,USA,357,260,166,6.97,26.1,1690,4.6,driven,Goodyear,195/65R15,Carbon Black,Symmetric,-0.98,8.0,Yes,Smooth,Dry,59458.6,53608.7,3646.2,2.25
Truck,Petrol,Automatic,Germany,271,505,243,12.42,37.82,1877,6.4,driven,Goodyear,195/65R15,Carbon Black,Asymmetric,1.63,8.0,No,Smooth,Dry,48907.9,41222.4,4790.3,2.56
Truck,Petrol,Manual,Germany,87,318,255,4.1,25.02,1786,5.66,dead,Goodyear,245/40R18,Carbon Black,Directional,-2.36,8.5,No,Rough,Dry,44318.4,7427.6,22993.8,7.4
Hatchback,Hybrid,Manual,India,355,231,154,10.36,27.45,1061,6.13,driven,Pirelli,245/40R18,Dual Compound,Directional,-1.62,7.5,No,Rough,Humid,55311.9,20253.2,21851.9,5.34
Coupe,Diesel,Manual,India,258,246,142,7.94,49.0,2350,5.35,driven,Pirelli,245/40R18,Carbon Black,Symmetric,-2.95,8.0,No,Smooth,Humid,54455.3,16924.9,23392.5,5.92
Truck,Electric,Manual,Germany,413,140,149,6.98,39.13,1878,6.31,driven,Pirelli,195/65R15,Dual Compound,Symmetric,2.81,8.0,No,Off-road,Rainy,55503.1,8200.1,29483.7,6.98
SUV,Electric,Manual,Japan,118,266,259,10.58,20.83,2156,5.47,driven,Pirelli,225/65R17,Silica Compound,Directional,0.55,8.0,No,Off-road,Dry,64718.0,40268.1,15239.5,4.03
SUV,Hybrid,Manual,Japan,372,208,267,12.35,44.06,2212,5.65,driven,Michelin,225/65R17,Silica Compound,Asymmetric,1.32,8.5,No,Smooth,Cold,54536.4,30393.0,15048.4,4.86
Sedan,Electric,Automatic,USA,257,422,150,9.58,23.3,1355,5.48,dead,Michelin,205/55R16,Silica Compound,Symmetric,0.91,7.5,No,Off-road,Humid,67016.2,28615.3,23935.1,5.04
Coupe,Petrol,Automatic,UK,241,525,272,4.31,32.32,1070,5.97,driven,Goodyear,245/40R18,Dual Compound,Directional,-2.13,8.0,No,Rough,Cold,65254.3,55825.0,5877.3,2.47
Truck,Diesel,Automatic,USA,410,322,208,8.61,40.86,1262,5.63,driven,Bridgestone,245/40R18,Carbon Black,Directional,0.57,8.0,No,Rough,Cold,59533.5,36893.6,14111.3,3.95
SUV,Electric,Automatic,USA,183,536,203,8.63,25.88,1305,5.04,dead,Pirelli,245/40R18,Silica Compound,Symmetric,-2.21,8.0,No,Off-road,Cold,41705.6,10813.2,19255.1,6.3
Coupe,Diesel,Automatic,UK,240,535,153,9.44,30.36,1557,4.79,driven,Bridgestone,205/55R16,Carbon Black,Asymmetric,-0.59,8.0,No,Smooth,Rainy,65948.3,24645.2,25744.0,5.76
Sedan,Petrol,Manual,Germany,366,567,189,10.71,44.37,2247,5.71,driven,Michelin,245/40R18,Dual Compound,Asymmetric,0.41,7.5,No,Rough,Rainy,67167.2,10085.6,35578.7,6.6
Hatchback,Electric,Manual,Japan,202,204,211,4.19,52.52,2351,5.48,dead,Pirelli,225/65R17,Silica Compound,Asymmetric,0.35,7.5,No,Off-road,Dry,51251.4,30308.7,13053.5,3.97
Coupe,Hybrid,Manual,USA,133,286,208,9.02,36.17,1761,4.69,dead,Michelin,245/40R18,Carbon Black,Symmetric,-2.29,8.0,No,Off-road,Humid,55784.6,32724.8,14373.0,4.16
Coupe,Diesel,Manual,UK,113,503,274,9.88,15.4,1587,5.29,dead,Michelin,205/55R16,Carbon Black,Symmetric,-2.79,8.0,No,Rough,Dry,48430.6,42143.5,3918.7,2.43
Hatchback,Petrol,Manual,India,321,587,266,7.43,28.54,1073,5.53,dead,Continental,195/65R15,Silica Compound,Symmetric,1.79,8.0,No,Rough,Rainy,40441.5,34610.5,3634.4,2.37
Coupe,Diesel,Manual,USA,192,191,155,10.68,30.95,1141,6.15,dead,Michelin,195/65R15,Carbon Black,Asymmetric,1.36,8.5,No,Smooth,Rainy,54383.5,45515.9,5527.2,2.67
Sedan,Electric,Automatic,Japan,397,417,217,6.28,28.57,1101,4.65,dead,Goodyear,225/65R17,Dual Compound,Asymmetric,-2.51,8.5,No,Off-road,Cold,43880.8,24088.5,12336.5,4.78
Sedan,Electric,Manual,Germany,102,128,240,7.17,32.45,2088,5.2,dead,Michelin,225/65R17,Silica Compound,Symmetric,-2.24,8.5,No,Smooth,Dry,45499.7,29666.7,9868.6,4.09
Hatchback,Hybrid,Manual,USA,125,400,195,13.63,40.31,1192,6.15,dead,Pirelli,225/65R17,Silica Compound,Symmetric,2.36,8.0,No,Rough,Cold,54421.3,42206.0,7613.7,2.99
Truck,Petrol,Manual,USA,391,592,244,7.48,19.85,1952,5.8,dead,Goodyear,195/65R15,Silica Compound,Symmetric,1.61,8.5,No,Off-road,Rainy,66011.2,6052.2,37372.1,7.91
SUV,Petrol,Manual,UK,214,377,271,7.47,25.91,2085,5.08,dead,Michelin,245/40R18,Silica Compound,Asymmetric,2.98,7.5,No,Rough,Dry,65339.0,19640.8,28483.5,5.57
Truck,Hybrid,Automatic,India,197,394,187,9.96,35.31,2264,6.19,driven,Goodyear,205/55R16,Dual Compound,Directional,-1.48,8.5,No,Rough,Dry,68952.1,11659.1,35710.4,7.32
Coupe,Hybrid,Automatic,India,268,357,156,13.71,27.62,1409,5.49,dead,Michelin,205/55R16,Dual Compound,Directional,-0.07,8.0,No,Rough,Humid,54480.4,27865.0,16589.3,4.66
SUV,Petrol,Manual,Germany,210,139,250,13.83,54.64,1299,5.5,dead,Goodyear,245/40R18,Carbon Black,Asymmetric,-1.58,7.5,No,Smooth,Rainy,56560.3,47378.7,5722.8,2.47
Hatchback,Diesel,Automatic,Japan,291,352,209,9.8,32.26,2218,6.45,dead,Bridgestone,195/65R15,Dual Compound,Symmetric,0.74,8.0,Yes,Rough,Rainy,64663.5,14918.6,31005.7,6.49
Hatchback,Diesel,Automatic,Germany,192,340,219,4.01,49.79,1453,6.39,dead,Continental,195/65R15,Carbon Black,Symmetric,-2.31,7.5,No,Smooth,Humid,60990.2,44578.0,10229.7,3.34
SUV,Hybrid,Manual,USA,123,445,232,13.01,50.86,1573,5.22,dead,Goodyear,205/55R16,Carbon Black,Symmetric,-2.24,8.5,No,Rough,Rainy,45484.7,18458.8,16845.1,5.65
Sedan,Diesel,Manual,USA,207,136,177,9.7,48.44,1618,4.78,driven,Pirelli,225/65R17,Silica Compound,Symmetric,-2.57,8.5,No,Rough,Cold,51945.2,46910.4,3138.2,2.36
SUV,Petrol,Manual,India,443,499,240,7.66,16.88,1636,5.15,driven,Continental,225/65R17,Carbon Black,Asymmetric,1.16,7.5,No,Off-road,Cold,67874.8,42543.2,15789.0,4.02
Coupe,Electric,Manual,Japan,237,208,201,12.29,52.91,1300,4.56,driven,Continental,205/55R16,Silica Compound,Directional,-0.04,7.5,No,Rough,Cold,44383.8,43343.1,648.6,1.7
Sedan,Electric,Manual,UK,352,315,260,8.0,20.15,1778,4.54,dead,Michelin,205/55R16,Carbon Black,Directional,0.71,8.0,No,Off-road,Dry,46280.7,11369.8,21759.8,6.42
Hatchback,Diesel,Automatic,Japan,394,469,187,4.34,16.38,2479,5.29,dead,Goodyear,245/40R18,Dual Compound,Asymmetric,2.28,7.5,No,Off-road,Cold,52019.8,48064.1,2465.5,2.04
SUV,Hybrid,Manual,USA,434,203,149,12.21,31.57,1988,6.38,driven,Continental,245/40R18,Silica Compound,Symmetric,1.44,8.0,Yes,Smooth,Rainy,68196.2,24349.9,27329.2,5.78
Truck,Hybrid,Manual,UK,419,506,175,9.46,22.79,1201,6.24,dead,Pirelli,245/40R18,Carbon Black,Directional,-0.23,7.5,Yes,Off-road,Humid,43414.5,27002.4,10229.6,3.66
Truck,Hybrid,Manual,Japan,124,206,143,7.38,22.37,1673,5.52,dead,Pirelli,245/40R18,Dual Compound,Asymmetric,2.91,7.5,No,Off-road,Cold,60188.3,10503.3,30968.4,6.3
Coupe,Hybrid,Automatic,Japan,187,426,183,6.51,26.51,1301,5.63,driven,Pirelli,245/40R18,Dual Compound,Symmetric,-0.26,8.5,No,Rough,Cold,43963.7,33402.9,6582.4,3.34
Truck,Hybrid,Manual,UK,298,457,195,9.94,24.94,1336,4.51,dead,Michelin,245/40R18,Silica Compound,Directional,-2.33,8.5,No,Rough,Dry,55735.0,54522.8,755.6,1.8
SUV,Diesel,Manual,USA,397,273,181,6.08,42.39,1031,4.93,dead,Bridgestone,225/65R17,Silica Compound,Asymmetric,2.96,8.0,No,Smooth,Rainy,56096.9,44172.2,7432.6,3.19
SUV,Electric,Manual,Japan,394,559,253,7.24,22.47,2121,4.55,dead,Goodyear,205/55R16,Silica Compound,Directional,-2.86,8.0,No,Off-road,Humid,41278.8,25419.3,9885.1,4.17
Truck,Electric,Automatic,UK,256,347,160,10.37,36.72,1772,6.01,dead,Continental,195/65R15,Carbon Black,Directional,0.3,8.0,Yes,Off-road,Rainy,68623.5,30758.0,23601.4,5.24
SUV,Diesel,Manual,USA,307,567,218,12.82,54.46,2214,4.79,dead,Goodyear,245/40R18,Silica Compound,Asymmetric,-1.15,7.5,No,Smooth,Cold,64198.7,22163.7,26200.2,5.19
Coupe,Hybrid,Manual,UK,270,383,208,9.33,32.3,2071,6.24,dead,Continental,225/65R17,Dual Compound,Asymmetric,0.02,7.5,No,Rough,Rainy,49085.6,20567.5,17775.2,4.93
Sedan,Diesel,Manual,UK,239,584,209,11.59,40.67,2273,5.79,dead,Michelin,205/55R16,Dual Compound,Directional,0.35,8.0,No,Off-road,Humid,43918.7,14418.0,18387.7,5.9
Coupe,Electric,Automatic,Japan,346,342,206,11.63,53.77,2249,4.96,driven,Goodyear,205/55R16,Silica Compound,Directional,-1.56,7.5,No,Smooth,Cold,50368.8,41942.6,5252.0,2.43
Coupe,Petrol,Manual,USA,437,540,187,10.64,20.51,2295,4.82,driven,Michelin,205/55R16,Silica Compound,Asymmetric,0.34,8.5,No,Rough,Rainy,66828.3,59685.1,4452.3,2.36
SUV,Diesel,Manual,Japan,405,240,175,6.46,31.74,1664,5.76,dead,Michelin,245/40R18,Dual Compound,Symmetric,1.54,7.5,No,Smooth,Humid,43980.5,41766.4,1380.0,1.78
Sedan,Hybrid,Manual,Germany,269,530,166,12.67,49.01,1327,6.3,dead,Goodyear,245/40R18,Carbon Black,Symmetric,-1.4,8.5,No,Smooth,Cold,50479.5,21118.7,18300.4,5.67
SUV,Electric,Automatic,Germany,254,292,211,8.36,52.29,1796,5.94,driven,Goodyear,195/65R15,Dual Compound,Symmetric,-0.7,8.0,No,Off-road,Cold,54829.1,29948.7,15507.8,4.77
Hatchback,Electric,Manual,USA,369,123,240,4.44,39.05,2203,5.2,driven,Continental,245/40R18,Dual Compound,Symmetric,-1.39,7.5,No,Rough,Rainy,40986.5,23644.9,10808.9,3.97
SUV,Electric,Manual,UK,436,461,235,6.45,20.74,1813,5.67,driven,Pirelli,205/55R16,Dual Compound,Asymmetric,1.92,8.0,No,Off-road,Dry,48041.0,31278.9,10447.7,3.92
SUV,Electric,Manual,Japan,224,247,267,11.66,51.06,1664,5.12,driven,Michelin,205/55R16,Silica Compound,Symmetric,1.35,8.5,No,Off-road,Dry,57869.0,142.1,35980.9,8.5
SUV,Hybrid,Automatic,Japan,311,593,165,4.69,21.98,1745,6.5,driven,Bridgestone,225/65R17,Carbon Black,Directional,2.23,8.0,No,Rough,Humid,49718.9,41897.6,4875.0,2.51
Sedan,Petrol,Automatic,USA,439,599,205,5.47,29.12,2046,6.0,driven,Continental,225/65R17,Carbon Black,Symmetric,-1.98,8.5,No,Rough,Rainy,66115.8,17728.3,30159.6,6.88
SUV,Electric,Manual,USA,283,591,279,10.94,30.02,1929,5.73,driven,Continental,195/65R15,Silica Compound,Asymmetric,-2.56,8.5,No,Rough,Humid,68103.0,32155.8,22405.7,5.31
Sedan,Diesel,Automatic,Germany,292,229,161,12.93,32.89,1962,5.35,dead,Pirelli,225/65R17,Dual Compound,Symmetric,-2.28,8.0,No,Off-road,Rainy,53246.3,44810.4,5258.1,2.36
Truck,Petrol,Automatic,India,119,474,156,10.34,46.61,2393,5.74,driven,Pirelli,195/65R15,Silica Compound,Symmetric,-2.03,8.5,No,Rough,Humid,55960.6,55784.7,109.7,1.84
Hatchback,Electric,Automatic,USA,354,156,146,6.22,47.09,2268,5.18,driven,Michelin,225/65R17,Silica Compound,Asymmetric,0.2,8.0,No,Rough,Humid,58924.2,46837.9,7533.4,2.75
Sedan,Petrol,Manual,India,402,599,246,4.53,43.79,2183,4.56,driven,Continental,205/55R16,Carbon Black,Symmetric,2.83,8.0,No,Rough,Rainy,59936.0,1488.4,36430.1,7.99
Truck,Diesel,Manual,USA,161,190,207,10.15,15.89,1372,5.29,dead,Continental,245/40R18,Carbon Black,Asymmetric,-0.86,8.0,No,Smooth,Dry,41897.7,15450.0,16484.8,5.74
Sedan,Electric,Automatic,UK,260,408,267,4.47,37.59,1284,6.36,dead,Bridgestone,245/40R18,Silica Compound,Symmetric,2.75,8.5,No,Rough,Humid,41610.4,10286.5,19524.0,6.71
Sedan,Diesel,Automatic,UK,399,150,176,10.13,44.9,1520,5.75,dead,Michelin,195/65R15,Silica Compound,Asymmetric,-2.77,8.5,No,Off-road,Rainy,65967.6,63601.5,1474.8,1.9
Hatchback,Hybrid,Automatic,Germany,162,558,177,6.26,32.79,2473,4.67,driven,Michelin,245/40R18,Carbon Black,Symmetric,2.56,7.5,No,Smooth,Rainy,46596.2,12312.1,21369.1,5.98
Coupe,Electric,Manual,Germany,382,500,235,13.05,52.8,1696,6.27,driven,Pirelli,245/40R18,Carbon Black,Directional,-1.91,8.0,No,Off-road,Rainy,57523.2,54264.5,2031.1,1.91
Coupe,Electric,Manual,India,341,387,278,8.75,47.95,1806,5.04,driven,Michelin,225/65R17,Dual Compound,Directional,2.47,8.0,No,Smooth,Cold,58740.2,55069.9,2287.6,2.17
Sedan,Electric,Automatic,USA,351,130,140,6.24,40.53,1646,4.99,dead,Bridgestone,205/55R16,Silica Compound,Asymmetric,-2.66,8.0,No,Rough,Rainy,44933.9,37718.0,4497.7,2.72
SUV,Electric,Automatic,Japan,279,463,181,12.53,17.5,1135,5.09,dead,Michelin,245/40R18,Dual Compound,Asymmetric,2.69,8.0,No,Smooth,Rainy,62847.9,6163.6,35331.0,7.22
Truck,Hybrid,Automatic,Germany,319,447,202,6.54,41.09,1095,5.65,dead,Goodyear,205/55R16,Dual Compound,Asymmetric,-1.8,8.0,No,Off-road,Cold,65978.4,131.6,41041.9,7.97
SUV,Electric,Automatic,Japan,259,151,220,7.07,51.46,2142,5.59,dead,Goodyear,225/65R17,Dual Compound,Directional,-1.18,8.0,No,Smooth,Cold,48561.3,38552.0,6238.8,2.97
SUV,Petrol,Manual,Japan,250,176,147,12.34,30.18,2397,5.48,dead,Bridgestone,225/65R17,Carbon Black,Asymmetric,-0.05,8.0,No,Rough,Dry,66335.2,55940.4,6479.0,2.52
Sedan,Electric,Automatic,USA,374,285,166,7.09,48.53,1273,5.94,dead,Pirelli,245/40R18,Dual Compound,Symmetric,-0.72,7.5,No,Rough,Rainy,42431.1,40826.4,1000.2,1.84
Sedan,Hybrid,Manual,India,256,307,191,8.1,27.53,1877,5.13,driven,Continental,245/40R18,Carbon Black,Asymmetric,1.01,7.5,No,Off-road,Humid,64013.9,13979.5,31186.2,6.25
Sedan,Electric,Automatic,USA,448,461,230,7.48,37.8,1849,6.06,dead,Michelin,225/65R17,Carbon Black,Asymmetric,2.85,8.0,No,Smooth,Cold,59203.3,43404.7,9847.2,3.38
Sedan,Petrol,Automatic,Germany,316,138,225,5.16,40.94,2200,4.85,dead,Pirelli,225/65R17,Carbon Black,Symmetric,0.64,8.0,No,Off-road,Cold,57493.3,29842.7,17234.5,4.65
Coupe,Hybrid,Automatic,Japan,217,235,155,4.39,42.12,1783,6.07,dead,Pirelli,195/65R15,Silica Compound,Symmetric,1.33,7.5,Yes,Off-road,Dry,46904.0,15407.1,19631.8,5.43
Sedan,Hybrid,Automatic,USA,406,587,205,11.25,50.3,2300,5.83,dead,Michelin,195/65R15,Dual Compound,Directional,-2.47,7.5,No,Off-road,Dry,50855.3,30833.1,12479.7,3.98
Coupe,Petrol,Automatic,USA,445,303,144,10.45,24.38,2161,5.87,driven,Continental,205/55R16,Carbon Black,Symmetric,0.77,8.0,No,Rough,Dry,67309.1,36898.8,18954.6,4.67
Coupe,Petrol,Manual,USA,390,389,221,6.82,25.49,1131,5.46,driven,Michelin,225/65R17,Silica Compound,Symmetric,-0.28,8.0,No,Smooth,Rainy,53972.2,15775.8,23807.7,6.23
Sedan,Petrol,Automatic,Germany,208,152,270,6.96,43.16,2067,5.83,dead,Continental,205/55R16,Silica Compound,Asymmetric,2.31,7.5,No,Rough,Rainy,57831.4,15525.6,26369.0,5.98
Hatchback,Petrol,Automatic,India,128,129,257,13.45,22.09,2146,4.66,driven,Bridgestone,225/65R17,Silica Compound,Directional,-0.67,7.5,No,Rough,Rainy,68075.5,33124.2,21785.0,4.59
Truck,Petrol,Automatic,USA,243,199,220,13.88,33.57,2159,6.2,driven,Continental,205/55R16,Carbon Black,Symmetric,1.08,8.0,No,Rough,Cold,53994.7,25595.4,17701.1,4.9
SUV,Hybrid,Manual,Germany,356,311,209,8.73,15.8,2390,4.61,driven,Pirelli,195/65R15,Carbon Black,Directional,-1.63,7.5,No,Smooth,Dry,51648.1,15600.4,22468.3,5.76
Coupe,Hybrid,Manual,Japan,372,439,254,12.02,20.64,1372,4.8,driven,Bridgestone,225/65R17,Carbon Black,Symmetric,-1.44,8.0,No,Rough,Cold,66796.1,17616.2,30653.6,6.25
Truck,Electric,Manual,UK,195,309,146,11.37,42.15,2149,5.65,driven,Goodyear,225/65R17,Silica Compound,Directional,-0.74,8.5,No,Rough,Humid,67326.6,64250.3,1917.5,2.11
Hatchback,Electric,Manual,Germany,103,187,189,6.97,44.9,2462,5.98,driven,Bridgestone,205/55R16,Carbon Black,Symmetric,-1.18,8.0,No,Rough,Rainy,50639.1,43669.7,4344.0,2.51
SUV,Diesel,Automatic,UK,390,594,250,4.59,19.61,1807,4.65,driven,Continental,205/55R16,Dual Compound,Asymmetric,-1.48,8.0,No,Smooth,Cold,57759.7,47176.9,6596.2,2.62
SUV,Electric,Automatic,USA,104,467,186,5.43,24.11,1743,6.34,dead,Bridgestone,245/40R18,Carbon Black,Directional,-2.7,8.0,No,Smooth,Humid,68911.8,14766.7,33748.4,6.63
Coupe,Electric,Automatic,USA,206,244,251,12.38,18.96,1050,6.45,driven,Bridgestone,245/40R18,Carbon Black,Directional,2.02,7.5,No,Off-road,Cold,41664.1,7886.6,21053.3,6.24
Sedan,Petrol,Manual,Germany,313,546,182,11.31,32.34,2160,5.71,dead,Goodyear,195/65R15,Dual Compound,Symmetric,-2.61,8.0,No,Rough,Humid,41194.1,33339.6,4895.7,2.68
Hatchback,Petrol,Automatic,UK,288,455,230,10.64,20.04,2181,5.46,driven,Continental,225/65R17,Carbon Black,Directional,2.32,8.0,No,Rough,Cold,55497.4,10248.9,28203.1,6.6
Coupe,Electric,Automatic,USA,172,178,168,5.31,32.49,1055,5.98,driven,Pirelli,225/65R17,Carbon Black,Symmetric,-2.25,7.5,No,Smooth,Cold,48737.2,24540.9,15081.4,4.34
Hatchback,Diesel,Manual,Japan,173,555,267,10.4,44.28,1743,5.16,driven,Bridgestone,205/55R16,Carbon Black,Directional,-2.61,8.5,No,Smooth,Rainy,57455.5,12721.9,27882.2,6.88
Sedan,Petrol,Manual,India,406,216,272,11.72,42.34,1427,5.49,dead,Michelin,195/65R15,Carbon Black,Directional,0.38,8.5,No,Rough,Cold,61728.9,23337.8,23928.9,6.06
Sedan,Electric,Manual,India,304,394,235,12.61,26.22,1442,6.33,driven,Pirelli,225/65R17,Silica Compound,Asymmetric,0.01,7.5,No,Off-road,Cold,42072.2,35906.7,3842.9,2.44
Coupe,Electric,Automatic,USA,359,268,256,4.13,41.95,1325,6.41,dead,Bridgestone,195/65R15,Carbon Black,Asymmetric,-0.05,8.0,No,Off-road,Dry,66471.0,59253.5,4498.7,2.49
Sedan,Hybrid,Automatic,UK,90,397,209,10.84,52.11,1639,6.35,driven,Pirelli,245/40R18,Dual Compound,Directional,0.45,8.5,No,Rough,Cold,48306.6,48146.2,100.0,1.7
Truck,Diesel,Manual,USA,408,384,269,4.19,28.9,1828,5.02,driven,Michelin,205/55R16,Dual Compound,Asymmetric,-1.28,8.5,No,Off-road,Rainy,51440.4,48554.8,1798.6,1.95
SUV,Hybrid,Automatic,UK,91,128,209,11.07,28.16,1079,4.96,dead,Pirelli,225/65R17,Silica Compound,Directional,0.98,7.5,No,Off-road,Cold,50111.1,33637.1,10268.2,3.47
Coupe,Diesel,Manual,Japan,114,576,249,10.36,37.86,1473,5.1,driven,Pirelli,205/55R16,Carbon Black,Symmetric,0.01,8.5,No,Rough,Rainy,65195.0,28146.4,23092.2,5.52
Hatchback,Petrol,Manual,UK,307,402,271,5.48,24.82,1376,5.38,driven,Michelin,245/40R18,Dual Compound,Directional,-0.99,8.5,No,Off-road,Dry,45119.6,2603.1,26500.3,8.15
Truck,Diesel,Automatic,USA,299,392,195,11.66,41.06,1918,5.13,driven,Michelin,195/65R15,Silica Compound,Directional,1.96,7.5,No,Smooth,Rainy,40860.2,24849.8,9979.2,3.71
Coupe,Electric,Manual,Japan,220,547,228,4.68,48.29,1332,5.25,dead,Michelin,195/65R15,Carbon Black,Asymmetric,1.37,8.5,No,Rough,Dry,69154.0,14569.4,34022.3,7.07
Sedan,Electric,Manual,Germany,102,420,276,12.26,33.37,2198,5.74,driven,Goodyear,245/40R18,Silica Compound,Asymmetric,-0.64,8.0,No,Smooth,Dry,69419.0,59015.6,6484.4,2.69
Sedan,Diesel,Manual,India,162,127,270,6.62,42.18,1440,6.03,driven,Michelin,245/40R18,Carbon Black,Symmetric,2.09,7.5,No,Rough,Dry,47730.8,26199.4,13420.4,4.34
Sedan,Diesel,Automatic,USA,308,327,239,10.89,41.08,1125,5.97,driven,Pirelli,225/65R17,Silica Compound,Symmetric,2.52,8.0,No,Smooth,Dry,40280.6,29545.9,6690.9,3.42
Sedan,Diesel,Manual,USA,423,521,268,13.24,16.55,1218,6.13,dead,Michelin,225/65R17,Silica Compound,Symmetric,0.22,8.0,No,Off-road,Dry,59377.5,39990.5,12083.9,3.74
Hatchback,Hybrid,Manual,USA,159,244,196,7.4,22.34,1947,4.56,driven,Bridgestone,225/65R17,Dual Compound,Directional,-1.71,7.5,No,Smooth,Rainy,59453.9,20650.2,24186.2,5.51
Truck,Diesel,Manual,Japan,432,242,190,9.03,50.74,1277,4.6,dead,Michelin,225/65R17,Dual Compound,Symmetric,2.49,8.5,No,Smooth,Dry,68210.7,51777.8,10242.6,3.33
SUV,Petrol,Manual,Germany,369,152,251,8.63,52.56,1594,6.08,driven,Michelin,225/65R17,Silica Compound,Symmetric,-1.86,7.5,No,Smooth,Dry,48954.1,41286.7,4779.1,2.48
Hatchback,Hybrid,Manual,UK,410,120,243,5.58,46.22,1934,5.57,driven,Continental,195/65R15,Carbon Black,Asymmetric,-2.71,8.5,No,Smooth,Dry,45685.1,33995.7,7286.0,3.43
Hatchback,Hybrid,Manual,Germany,238,323,266,9.9,51.85,1140,5.66,dead,Pirelli,225/65R17,Carbon Black,Asymmetric,-1.04,8.0,Yes,Smooth,Dry,58491.5,45436.6,8137.1,2.97
SUV,Diesel,Manual,Japan,207,125,194,11.43,27.25,1845,4.61,dead,Pirelli,245/40R18,Carbon Black,Symmetric,1.36,8.5,No,Rough,Dry,56910.1,20488.5,22701.4,6.08
SUV,Petrol,Automatic,USA,269,416,140,13.17,24.91,2007,5.01,dead,Bridgestone,245/40R18,Carbon Black,Symmetric,2.54,8.0,No,Smooth,Humid,61532.1,58067.1,2159.7,2.13
Sedan,Hybrid,Automatic,India,110,558,229,12.51,30.37,1876,5.78,dead,Goodyear,225/65R17,Carbon Black,Directional,0.82,8.0,Yes,Smooth,Cold,66553.8,28256.9,23870.3,5.31
Hatchback,Electric,Manual,USA,438,124,192,9.1,17.21,1109,6.22,dead,Continental,245/40R18,Dual Compound,Directional,2.71,8.0,No,Rough,Cold,56792.4,50945.6,3644.3,2.31
Coupe,Hybrid,Automatic,UK,94,562,212,11.19,47.39,2075,6.33,driven,Bridgestone,205/55R16,Silica Compound,Asymmetric,-2.45,7.5,Yes,Rough,Dry,44502.3,38174.5,3944.1,2.43
SUV,Diesel,Automatic,India,392,199,247,12.01,54.37,1612,5.5,driven,Bridgestone,195/65R15,Dual Compound,Symmetric,-2.64,8.5,No,Off-road,Dry,57943.9,7204.2,31625.8,7.69
SUV,Petrol,Manual,USA,154,393,147,8.93,47.96,1712,5.59,dead,Pirelli,195/65R15,Carbon Black,Symmetric,0.63,8.5,No,Smooth,Humid,51223.0,49495.3,1076.9,1.91
Truck,Diesel,Automatic,India,113,296,181,5.15,37.2,2342,6.17,driven,Continental,225/65R17,Silica Compound,Symmetric,2.8,8.5,No,Smooth,Dry,53582.1,53386.0,122.2,1.8
Coupe,Electric,Manual,Germany,438,457,164,8.38,26.81,2222,5.58,driven,Pirelli,205/55R16,Carbon Black,Symmetric,0.02,8.0,No,Off-road,Humid,68784.5,41693.5,16885.7,4.05
Coupe,Electric,Manual,Japan,275,440,177,12.42,22.91,1795,5.53,dead,Goodyear,225/65R17,Carbon Black,Symmetric,-2.69,7.5,No,Smooth,Cold,56648.4,44361.9,7658.1,2.92
SUV,Electric,Manual,USA,410,458,224,9.97,29.56,1728,6.31,dead,Pirelli,225/65R17,Silica Compound,Directional,-1.67,8.5,No,Off-road,Rainy,44489.4,41539.2,1838.9,2.28
Sedan,Diesel,Manual,UK,108,557,163,11.24,41.68,2069,6.08,dead,Michelin,245/40R18,Carbon Black,Directional,-1.53,8.5,No,Rough,Cold,53294.8,1067.2,32553.2,8.36
Truck,Hybrid,Manual,Germany,273,564,199,5.85,32.88,1504,6.32,driven,Pirelli,195/65R15,Dual Compound,Symmetric,-0.97,7.5,No,Smooth,Rainy,46852.9,43572.7,2044.5,1.85
Coupe,Diesel,Automatic,USA,95,255,250,13.64,52.36,2040,4.94,dead,Michelin,205/55R16,Dual Compound,Directional,-2.74,8.5,No,Smooth,Rainy,44064.5,27644.6,10234.5,4.45
SUV,Petrol,Manual,Germany,156,506,205,8.04,49.17,1314,5.55,driven,Bridgestone,245/40R18,Dual Compound,Directional,2.43,7.5,No,Rough,Rainy,61367.0,50839.9,6561.5,2.46
Coupe,Hybrid,Automatic,UK,372,144,192,10.54,19.1,2459,6.18,dead,Goodyear,195/65R15,Carbon Black,Symmetric,0.09,7.5,No,Smooth,Dry,58857.1,31825.3,16848.7,4.23
Truck,Electric,Manual,USA,160,444,245,4.19,20.26,2411,4.72,dead,Michelin,195/65R15,Dual Compound,Directional,1.03,8.5,No,Rough,Humid,54933.7,29144.8,16074.0,4.69
Truck,Diesel,Manual,UK,203,302,235,5.27,42.05,1076,6.09,dead,Goodyear,225/65R17,Carbon Black,Symmetric,-2.6,7.5,No,Rough,Rainy,52697.1,47296.7,3366.1,2.25
Hatchback,Electric,Manual,India,98,287,178,11.82,24.23,1977,4.87,dead,Pirelli,205/55R16,Carbon Black,Directional,-2.68,7.5,No,Off-road,Humid,49666.5,25204.4,15247.1,4.31
SUV,Electric,Automatic,UK,181,586,181,13.68,46.64,1898,6.12,driven,Pirelli,225/65R17,Dual Compound,Symmetric,0.52,8.5,No,Rough,Cold,42640.3,20117.2,14038.5,5.34
Truck,Petrol,Manual,India,156,457,250,7.2,38.65,2394,5.72,driven,Bridgestone,245/40R18,Dual Compound,Symmetric,2.32,8.0,No,Off-road,Rainy,48978.1,29787.9,11961.1,4.14
Hatchback,Hybrid,Manual,USA,308,297,243,4.37,24.19,2188,4.89,driven,Pirelli,225/65R17,Carbon Black,Directional,0.17,8.5,Yes,Rough,Cold,65151.8,33785.8,19550.3,4.97
Hatchback,Petrol,Manual,India,376,492,216,7.61,34.15,2047,5.45,dead,Michelin,225/65R17,Carbon Black,Directional,2.27,8.5,No,Off-road,Humid,63510.3,28343.8,21919.1,5.41
Coupe,Petrol,Manual,USA,282,214,147,4.17,31.24,1711,5.86,driven,Bridgestone,195/65R15,Carbon Black,Asymmetric,1.87,8.0,No,Off-road,Humid,69169.5,12486.7,35330.1,6.89
Coupe,Petrol,Automatic,USA,140,152,165,5.92,49.93,2058,5.77,driven,Goodyear,195/65R15,Carbon Black,Symmetric,-2.54,7.5,No,Off-road,Cold,59682.0,23717.7,22416.4,5.29
Hatchback,Electric,Manual,Japan,105,230,279,11.52,16.29,1853,5.35,driven,Bridgestone,245/40R18,Dual Compound,Symmetric,-1.79,8.5,Yes,Off-road,Humid,56609.2,15966.4,25332.5,6.56
Coupe,Petrol,Automatic,USA,150,265,182,13.37,50.83,2484,6.3,dead,Goodyear,195/65R15,Carbon Black,Symmetric,0.95,8.0,No,Smooth,Cold,48881.3,19575.3,18266.3,5.27
Truck,Petrol,Manual,India,182,500,249,4.87,41.08,2161,5.54,driven,Continental,195/65R15,Carbon Black,Symmetric,-0.34,8.0,No,Rough,Humid,42305.8,25094.0,10728.0,4.02
Sedan,Hybrid,Automatic,Japan,405,560,239,9.58,44.5,1708,5.51,dead,Michelin,195/65R15,Carbon Black,Directional,-1.26,8.5,Yes,Rough,Dry,58540.6,35642.5,14272.2,4.34
Truck,Hybrid,Automatic,Japan,442,350,202,6.54,15.1,1264,4.62,dead,Michelin,225/65R17,Carbon Black,Directional,-0.49,8.5,No,Rough,Cold,54644.9,13041.6,25931.1,6.83
Hatchback,Petrol,Manual,USA,236,391,188,5.39,40.13,1332,6.34,driven,Goodyear,205/55R16,Carbon Black,Asymmetric,-0.33,8.0,No,Rough,Rainy,62772.2,5302.9,35820.3,7.44
Hatchback,Hybrid,Manual,UK,442,455,254,6.19,38.54,1187,4.85,driven,Pirelli,245/40R18,Silica Compound,Symmetric,2.46,8.5,No,Off-road,Rainy,52355.7,38975.6,8339.8,3.47
Truck,Hybrid,Automatic,UK,438,157,276,9.78,36.49,2086,5.56,dead,Pirelli,225/65R17,Silica Compound,Asymmetric,-2.38,8.0,No,Smooth,Rainy,69566.5,36770.8,20441.4,4.57
Coupe,Petrol,Manual,Japan,273,544,204,4.65,46.43,1819,6.11,dead,Continental,245/40R18,Silica Compound,Asymmetric,-1.32,8.5,No,Rough,Humid,51928.4,22957.6,18057.3,5.77
Coupe,Electric,Manual,USA,354,254,210,8.34,37.23,2302,4.93,dead,Goodyear,225/65R17,Dual Compound,Asymmetric,0.23,8.0,No,Rough,Cold,49992.1,6478.8,27121.7,7.21
Hatchback,Petrol,Manual,UK,403,453,146,5.35,49.28,2194,5.55,driven,Continental,245/40R18,Carbon Black,Asymmetric,1.19,8.5,No,Rough,Humid,66129.6,27421.5,24126.5,5.77
SUV,Hybrid,Automatic,USA,265,354,219,6.73,24.31,1298,4.98,dead,Goodyear,195/65R15,Dual Compound,Asymmetric,0.78,8.5,No,Off-road,Rainy,51865.2,42434.8,5877.9,2.92
Coupe,Electric,Manual,USA,405,556,206,5.91,47.24,1200,6.02,dead,Continental,245/40R18,Carbon Black,Directional,2.65,8.5,Yes,Rough,Dry,66126.9,38448.5,17251.8,4.53
Truck,Diesel,Manual,Japan,192,438,277,12.83,22.17,2158,5.63,dead,Goodyear,205/55R16,Silica Compound,Directional,1.77,7.5,No,Rough,Rainy,40820.6,3713.7,23128.6,6.89
Coupe,Electric,Manual,Japan,392,487,240,11.08,47.52,1271,6.21,driven,Michelin,245/40R18,Carbon Black,Asymmetric,0.34,8.5,No,Smooth,Rainy,60777.8,20195.0,25295.1,6.25
Truck,Hybrid,Automatic,Germany,244,464,234,12.68,52.62,1534,6.29,dead,Continental,205/55R16,Dual Compound,Directional,-1.71,8.0,Yes,Off-road,Rainy,42155.6,41304.1,530.7,1.58
Hatchback,Electric,Manual,UK,140,279,226,7.83,28.43,2465,5.8,dead,Continental,245/40R18,Dual Compound,Directional,-0.29,8.0,No,Smooth,Dry,44447.0,24201.7,12618.8,4.35
Coupe,Petrol,Automatic,UK,171,157,230,7.13,36.2,2110,5.95,dead,Goodyear,195/65R15,Carbon Black,Asymmetric,1.16,7.5,No,Rough,Dry,61002.3,17470.8,27132.9,5.72
Truck,Diesel,Manual,UK,365,269,242,7.81,41.33,1030,5.6,dead,Bridgestone,245/40R18,Dual Compound,Directional,2.03,7.5,No,Off-road,Cold,48691.7,44477.2,2626.9,1.92
Hatchback,Diesel,Automatic,India,232,519,265,4.19,18.18,2144,5.27,dead,Bridgestone,225/65R17,Silica Compound,Directional,2.76,7.5,No,Rough,Dry,46313.0,15561.2,19167.4,5.42
SUV,Diesel,Manual,USA,304,427,252,11.25,34.76,1068,5.8,driven,Michelin,195/65R15,Carbon Black,Symmetric,0.63,8.5,No,Rough,Cold,64045.8,46747.5,10781.9,3.5
Truck,Hybrid,Manual,Japan,206,148,143,7.5,29.42,1882,6.32,driven,Pirelli,195/65R15,Silica Compound,Asymmetric,0.16,8.5,No,Off-road,Dry,68387.4,10068.0,36350.2,7.47
SUV,Hybrid,Automatic,UK,272,263,227,7.13,49.9,1960,5.33,dead,Pirelli,225/65R17,Silica Compound,Symmetric,-2.89,8.0,No,Smooth,Cold,46971.4,7350.7,24695.4,7.08
SUV,Diesel,Automatic,Germany,194,195,142,9.98,50.07,1826,5.13,dead,Michelin,195/65R15,Dual Compound,Symmetric,-2.57,8.0,No,Off-road,Rainy,49515.9,27794.0,13539.2,4.48
Sedan,Electric,Automatic,UK,341,264,230,8.36,43.03,1923,5.28,dead,Pirelli,195/65R15,Carbon Black,Asymmetric,-2.06,8.5,No,Off-road,Dry,61422.2,14730.5,29102.7,6.87
Coupe,Diesel,Manual,USA,97,348,142,13.81,41.23,2169,5.37,dead,Goodyear,225/65R17,Silica Compound,Symmetric,-2.67,8.0,No,Smooth,Humid,64458.8,3179.9,38194.8,7.88
Truck,Electric,Manual,USA,89,183,220,7.56,44.35,1983,4.65,dead,Bridgestone,195/65R15,Silica Compound,Symmetric,-0.59,8.5,No,Off-road,Humid,69974.9,64829.3,3207.2,2.15
SUV,Electric,Manual,Japan,171,466,277,10.14,29.64,2356,5.5,dead,Michelin,195/65R15,Carbon Black,Directional,-0.98,7.5,No,Smooth,Cold,48201.1,2698.8,28361.4,7.25
Sedan,Hybrid,Manual,India,218,464,233,7.12,31.18,1480,5.49,driven,Goodyear,195/65R15,Dual Compound,Symmetric,0.82,8.5,No,Smooth,Dry,56698.6,40677.7,9985.7,3.67
Hatchback,Electric,Automatic,Japan,412,388,265,13.91,37.15,2286,5.68,dead,Michelin,195/65R15,Silica Compound,Asymmetric,0.21,8.5,Yes,Off-road,Dry,44020.6,14658.2,18301.4,6.21
Truck,Diesel,Manual,UK,436,447,252,8.45,52.52,1292,5.23,dead,Bridgestone,245/40R18,Carbon Black,Directional,0.58,8.5,Yes,Off-road,Humid,49925.2,46605.4,2069.2,2.14
SUV,Hybrid,Manual,Germany,419,303,239,10.34,43.96,2452,5.73,driven,Pirelli,195/65R15,Carbon Black,Directional,-0.17,8.0,No,Smooth,Dry,41349.1,40772.3,359.5,1.65
Coupe,Petrol,Manual,Japan,131,380,192,5.27,37.04,1085,6.26,driven,Goodyear,195/65R15,Silica Compound,Directional,-1.33,8.5,Yes,Smooth,Dry,46325.2,15538.9,19188.9,6.29
Sedan,Petrol,Manual,India,274,387,226,11.33,45.82,2039,6.41,driven,Bridgestone,195/65R15,Silica Compound,Asymmetric,2.72,8.5,Yes,Smooth,Cold,55196.3,32626.9,14067.4,4.61
SUV,Hybrid,Manual,Japan,285,288,228,6.69,29.84,1727,5.67,driven,Michelin,245/40R18,Silica Compound,Asymmetric,-2.48,8.5,No,Smooth,Rainy,44912.8,34716.9,6355.0,3.25
Coupe,Diesel,Manual,USA,366,378,193,8.49,44.22,1627,4.59,dead,Continental,205/55R16,Dual Compound,Asymmetric,2.63,7.5,No,Smooth,Humid,66681.5,8229.1,36433.1,6.57
SUV,Petrol,Manual,UK,445,346,159,12.83,31.43,1117,6.44,driven,Goodyear,195/65R15,Dual Compound,Symmetric,-1.13,8.5,Yes,Off-road,Rainy,61309.3,43496.6,11102.5,3.73
Truck,Petrol,Automatic,UK,172,152,252,13.71,26.19,1269,5.91,driven,Michelin,205/55R16,Carbon Black,Symmetric,0.08,8.5,No,Rough,Dry,40832.1,37001.9,2387.3,2.32
Truck,Electric,Manual,UK,388,496,188,8.25,39.39,2418,5.17,driven,Michelin,205/55R16,Carbon Black,Directional,-2.35,8.5,No,Off-road,Dry,66301.0,11834.9,33948.5,7.18
Truck,Electric,Manual,UK,224,333,274,12.35,42.48,1978,4.79,dead,Bridgestone,225/65R17,Silica Compound,Directional,-2.57,8.0,No,Rough,Cold,69319.6,58139.1,6968.8,2.64
Sedan,Diesel,Manual,UK,165,169,168,4.53,33.37,1854,4.79,dead,Michelin,225/65R17,Carbon Black,Asymmetric,-0.42,7.5,No,Smooth,Rainy,55055.8,6364.6,30349.0,6.77
Truck,Hybrid,Manual,UK,232,559,187,12.48,37.62,1161,4.84,dead,Goodyear,205/55R16,Dual Compound,Asymmetric,1.45,7.5,No,Off-road,Rainy,49438.3,28095.9,13302.6,3.98
Coupe,Diesel,Automatic,Germany,81,512,152,10.3,42.76,1699,4.59,driven,Goodyear,245/40R18,Carbon Black,Symmetric,-1.38,8.5,No,Rough,Cold,47903.9,16256.9,19725.5,6.17
SUV,Hybrid,Automatic,India,421,329,142,8.89,45.71,2127,6.3,dead,Michelin,195/65R15,Carbon Black,Symmetric,0.37,8.5,No,Smooth,Rainy,42622.6,20105.7,14034.6,5.43
Hatchback,Petrol,Automatic,UK,339,553,141,12.9,50.82,1166,5.58,driven,Bridgestone,195/65R15,Silica Compound,Asymmetric,-1.33,8.0,No,Off-road,Cold,54748.3,16459.1,23865.5,6.09
Coupe,Electric,Automatic,India,243,148,155,12.45,29.18,1299,5.9,driven,Goodyear,195/65R15,Silica Compound,Asymmetric,-0.67,8.5,No,Rough,Cold,41504.2,10813.5,19129.4,6.73
Coupe,Diesel,Automatic,UK,85,158,233,6.97,53.06,1027,6.16,driven,Continental,225/65R17,Dual Compound,Symmetric,2.44,8.0,No,Off-road,Dry,55115.1,40958.2,8823.9,3.29
Truck,Diesel,Automatic,Japan,228,466,241,11.91,40.49,2447,6.08,driven,Pirelli,225/65R17,Carbon Black,Directional,2.14,8.5,No,Rough,Dry,47576.5,10614.9,23037.9,7.01
Sedan,Hybrid,Manual,UK,284,219,273,4.99,46.51,1561,6.27,dead,Bridgestone,195/65R15,Carbon Black,Directional,0.1,8.0,No,Off-road,Dry,54293.0,22174.0,20019.6,5.36
SUV,Hybrid,Automatic,USA,197,292,184,12.23,42.99,1882,6.43,dead,Bridgestone,205/55R16,Carbon Black,Symmetric,-1.57,7.5,No,Off-road,Cold,52551.5,14428.4,23762.0,5.87
Sedan,Diesel,Automatic,Germany,168,136,210,10.75,23.22,1155,5.38,dead,Pirelli,225/65R17,Silica Compound,Symmetric,-1.84,8.5,Yes,Rough,Dry,49153.4,11729.7,23326.0,6.89
SUV,Hybrid,Manual,Japan,233,175,272,4.88,17.86,2347,6.4,dead,Pirelli,195/65R15,Dual Compound,Directional,2.72,8.0,No,Off-road,Humid,53459.1,33524.0,12425.5,3.77
SUV,Diesel,Automatic,Japan,246,345,195,10.83,44.05,2371,5.95,driven,Goodyear,205/55R16,Carbon Black,Symmetric,-1.78,8.0,No,Off-road,Humid,54221.0,2463.2,32260.4,7.76
Sedan,Diesel,Manual,USA,240,165,266,9.81,35.44,2144,4.64,driven,Michelin,195/65R15,Carbon Black,Directional,1.85,8.5,No,Smooth,Dry,65010.8,51286.9,8554.0,3.14
Coupe,Diesel,Manual,UK,349,186,171,9.95,43.09,1651,5.86,driven,Michelin,225/65R17,Carbon Black,Directional,-0.79,8.0,No,Rough,Cold,59973.5,32759.6,16962.3,4.56
SUV,Petrol,Automatic,Germany,135,316,188,6.91,34.07,1820,5.87,driven,Continental,245/40R18,Carbon Black,Symmetric,2.91,8.5,No,Off-road,Humid,52994.7,43902.8,5666.9,2.86
Sedan,Hybrid,Manual,Japan,307,261,152,6.66,27.49,1560,6.31,driven,Michelin,245/40R18,Dual Compound,Asymmetric,-0.79,8.5,No,Rough,Dry,67157.3,14305.6,32942.2,7.02
SUV,Electric,Automatic,Germany,416,442,164,11.63,26.4,2187,5.25,dead,Continental,225/65R17,Dual Compound,Asymmetric,-0.89,8.0,No,Off-road,Humid,62672.2,44460.1,11351.6,3.36
Hatchback,Electric,Automatic,Japan,228,142,199,6.57,44.22,2085,5.67,dead,Continental,205/55R16,Dual Compound,Asymmetric,0.82,8.0,No,Rough,Humid,42271.5,17778.7,15266.2,5.32
Coupe,Hybrid,Manual,UK,125,213,198,8.46,26.07,2363,4.52,driven,Bridgestone,195/65R15,Silica Compound,Asymmetric,2.77,8.0,Yes,Rough,Humid,44612.4,3426.4,25671.0,7.52
Truck,Diesel,Manual,Japan,223,361,197,10.95,43.59,1311,5.16,driven,Bridgestone,225/65R17,Carbon Black,Asymmetric,2.86,7.5,No,Smooth,Rainy,42450.0,31942.7,6549.2,3.12
SUV,Electric,Automatic,Japan,317,356,159,4.8,30.36,1375,4.62,dead,Goodyear,205/55R16,Carbon Black,Asymmetric,1.24,8.5,No,Smooth,Humid,49565.9,37778.5,7347.0,3.27
Hatchback,Electric,Manual,India,351,564,272,9.95,45.84,2369,5.54,dead,Pirelli,195/65R15,Carbon Black,Asymmetric,1.53,8.5,No,Rough,Dry,53069.4,14377.4,24116.5,6.77
Truck,Hybrid,Manual,UK,199,526,196,9.89,20.71,1149,6.13,driven,Pirelli,195/65R15,Carbon Black,Symmetric,0.38,7.5,No,Off-road,Humid,55127.4,50499.2,2884.7,2.08
Truck,Electric,Automatic,USA,419,530,193,10.84,23.2,1584,4.91,dead,Continental,225/65R17,Dual Compound,Symmetric,1.53,7.5,No,Rough,Dry,65542.4,50072.4,9642.4,2.84
SUV,Diesel,Automatic,USA,299,173,251,7.7,42.44,1580,5.55,dead,Pirelli,195/65R15,Silica Compound,Asymmetric,2.16,8.0,Yes,Off-road,Humid,40538.7,12435.5,17516.6,5.9
Sedan,Hybrid,Manual,UK,87,257,225,8.49,37.41,1976,4.91,driven,Continental,245/40R18,Silica Compound,Symmetric,-0.08,8.5,No,Rough,Humid,52848.7,12636.6,25064.0,6.98
SUV,Diesel,Automatic,USA,423,592,176,7.3,23.16,1176,4.74,driven,Pirelli,245/40R18,Carbon Black,Directional,0.72,7.5,No,Smooth,Rainy,52330.0,23029.9,18262.6,4.91
Hatchback,Electric,Automatic,UK,354,452,223,12.08,51.11,1353,5.52,dead,Goodyear,195/65R15,Dual Compound,Asymmetric,0.22,7.5,No,Smooth,Humid,68424.3,20033.9,30161.5,5.83
Truck,Electric,Automatic,USA,432,391,187,5.31,26.04,1513,4.66,dead,Bridgestone,225/65R17,Silica Compound,Directional,0.37,8.5,No,Off-road,Dry,47231.1,10250.2,23050.0,7.04
SUV,Diesel,Automatic,India,145,160,257,13.63,31.84,1308,5.67,driven,Bridgestone,195/65R15,Silica Compound,Symmetric,2.34,8.5,No,Rough,Rainy,43672.2,17429.6,16356.9,5.68
Sedan,Petrol,Automatic,USA,158,217,187,10.35,23.09,1118,4.56,dead,Continental,225/65R17,Carbon Black,Asymmetric,-0.87,8.5,No,Off-road,Rainy,44267.8,1137.9,26882.7,8.34
SUV,Electric,Automatic,Japan,165,302,251,12.87,30.52,1766,4.71,dead,Pirelli,225/65R17,Silica Compound,Directional,-1.75,8.0,No,Smooth,Humid,55604.3,22320.2,20745.8,5.5
Coupe,Petrol,Automatic,UK,203,247,249,8.26,34.67,1995,5.6,dead,Michelin,245/40R18,Carbon Black,Symmetric,-0.26,7.5,No,Rough,Humid,51727.1,11466.0,25094.6,5.95
Sedan,Electric,Manual,Germany,281,348,145,7.32,26.81,1972,5.68,driven,Goodyear,245/40R18,Dual Compound,Asymmetric,-1.75,8.0,No,Smooth,Cold,62624.3,16553.7,28715.5,6.36
Hatchback,Petrol,Automatic,Germany,229,436,217,13.01,45.76,1915,4.56,dead,Pirelli,205/55R16,Carbon Black,Asymmetric,-0.01,8.5,No,Smooth,Humid,49695.5,4102.5,28417.9,8.02
Truck,Petrol,Manual,UK,125,205,162,4.99,30.76,1477,5.65,dead,Michelin,225/65R17,Silica Compound,Directional,2.42,8.5,No,Rough,Cold,43838.9,25818.1,11232.3,4.59
SUV,Petrol,Manual,India,192,375,265,5.17,44.18,2437,6.18,driven,Goodyear,195/65R15,Carbon Black,Directional,0.7,7.5,No,Off-road,Dry,51606.3,24358.6,16983.3,4.71
Sedan,Diesel,Manual,USA,170,328,223,6.99,23.28,1586,5.94,driven,Goodyear,225/65R17,Carbon Black,Directional,2.13,8.0,No,Rough,Humid,66491.1,49910.0,10334.9,3.15
Coupe,Petrol,Automatic,India,220,334,152,13.6,30.08,1350,4.76,dead,Bridgestone,245/40R18,Carbon Black,Symmetric,-2.0,8.0,No,Smooth,Humid,52165.8,51492.8,419.5,1.68
Sedan,Petrol,Automatic,Germany,368,493,186,10.33,15.32,1194,5.68,driven,Continental,225/65R17,Carbon Black,Directional,2.41,8.0,No,Smooth,Cold,65008.8,7770.8,35676.2,7.09
Coupe,Petrol,Manual,UK,297,219,183,9.54,45.35,2210,5.84,driven,Pirelli,205/55R16,Carbon Black,Directional,0.61,8.5,No,Smooth,Cold,51145.9,13933.4,23194.3,6.75
Hatchback,Electric,Automatic,UK,156,168,244,11.05,40.04,2473,4.57,dead,Goodyear,195/65R15,Carbon Black,Directional,-2.81,7.5,No,Smooth,Rainy,48441.6,33059.1,9587.8,3.48
